<!-- XHTML generated by dict script -->
<html>
<head>
<title>am</title>
<META HTTP-EQUIV="Content-Type" CONTENT="text/html; charset=utf-8"/>
<!--link rel="stylesheet" href="/Sanskrit/whitney/dict.css" /-->
</head>
<body><p><a href="index.htm">Index</a></p>
<p><table width="100%"><tr><td align="center" width="50%">Previous: <b><a href="an.htm">an</a></b></td><td align="center" width="50%">Next: <b><a href="ay.htm">ay</a></b></td></tr></table></p><hr />

<h2>&#x221a;am<i> 'injure'</i></h2><p>
<i>present: </i>[2.] <b>amīṣi</b> &#xa0; -- [1.] <b>áme</b> <i>etc. </i>&#xa0;</p><p>
<i>perfect: </i><b>āmire</b> &#xa0;<b>emāna</b> &#xa0;<b>emuṣá</b>? &#xa0;<b>emūṣá</b> &#xa0;</p><p>
<i>aorist: </i>[3.] <b>āmamat</b> <i>etc. </i>&#xa0;</p><p>
<i>verbal: </i><b>ānta</b> &#xa0;<b>amita</b> &#xa0;</p><p>
<i>secondary: </i><i>passive</i>: <b>amyate</b> &#xa0; -- <i>causative</i>: <b>āmáyati</b> <i>etc. </i>&#xa0;</p><p>
<i>derivatives: </i><b>áma</b> &#xa0;<b>amáti</b> <sub>V.B. </sub>&#xa0;<b>ámati</b> <sub>V.B. </sub>&#xa0;<b>ámatra</b> <sub>RV. </sub>&#xa0;<b>-ámana</b> <sub>&#199;B. </sub>&#xa0;<b>aminá</b> <sub>RV. </sub>&#xa0;<b>ámīva</b> <sub>V.+ </sub>&#xa0;<b>amla</b>? <sub>E.+ </sub>&#xa0;<b>āmá</b>? <sub>V.+ </sub>&#xa0;<b>ā́mana</b>? <sub>AV.MS. </sub>&#xa0;<b>-amaya</b> <sub>V.+ </sub>&#xa0;<b>-ā́mis</b>? <sub>RV. </sub>&#xa0;<b>-āmayitnu</b> <sub>V. </sub>&#xa0;</p></body>
</html>
