<!-- XHTML generated by dict script -->
<html>
<head>
<title>arc</title>
<META HTTP-EQUIV="Content-Type" CONTENT="text/html; charset=utf-8"/>
<!--link rel="stylesheet" href="/Sanskrit/whitney/dict.css" /-->
</head>
<body><p><a href="index.htm">Index</a></p>
<p><table width="100%"><tr><td align="center" width="50%">Previous: <b><a href="ay.htm">ay</a></b></td><td align="center" width="50%">Next: <b><a href="arj.htm">arj</a></b></td></tr></table></p><hr />

<h2>&#x221a;arc<i> 'shine, praise'</i></h2><p>
<i>present: </i>[1.] <b>árcati</b> <i>etc. </i><sub>V.+ </sub>&#xa0;<b>arce</b> &#xa0; -- <b>arcase</b>  <font color="green">(1s.)</font> &#xa0;</p><p>
<i>perfect: </i><b>ānarca</b> <sub>E.+ </sub>&#xa0;<b>ānṛcús</b> &#xa0;<b>ānarcus</b> <sub>E.+ </sub>&#xa0;<b>ānṛce</b> &#xa0;</p><p>
[<i>aorist: </i><b>ārcicat</b> &#xa0;<b>ārcīt</b> &#xa0;]</p><p>
<i>future: </i><b>arciṣyati</b> &#xa0;<b>ārkṣyánt</b>? &#xa0;</p><p>
<i>verbal: </i><b>arcita</b> &#xa0;<b>arcitum</b> &#xa0;<b>arcitvā</b> &#xa0;<b>-arcya</b> <sub>E.+ </sub>&#xa0;<b>ṛcáse</b> &#xa0;</p><p>
<i>secondary: </i><i>passive</i>: <b>ṛcyáte</b> &#xa0; -- <i>desiderative</i>: <b>arciciṣa-</b> &#xa0;<b>arcayati</b> &#xa0;<b>arcayate</b> <i>etc. </i><sub>V.+ </sub>&#xa0;<b>arcyate</b> &#xa0;</p><p>
<i>derivatives: </i><b>árc</b> &#xa0;<b>arká</b> <sub>V.+ </sub>&#xa0;<b>arcā́</b> <sub>B.+ </sub>&#xa0;<b>arcaka</b> <sub>C. </sub>&#xa0;<b>arcya</b> <sub>E.+ </sub>&#xa0;<b>arcatra-</b> <sub>RV. </sub>&#xa0;<b>arcátri</b> <sub>RV. </sub>&#xa0;<b>arcana</b> <sub>E.+ </sub>&#xa0;<b>arcanīya</b> <sub>E.+ </sub>&#xa0;<b>arcanā́nas</b> <sub>V. </sub>&#xa0;<b>arcí</b> <sub>V.+ </sub>&#xa0;<b>arcín</b> <sub>RV. </sub>&#xa0;<b>arcitṛ</b> <sub>E. </sub>&#xa0;<b>arcís</b> <sub>V.+ </sub>&#xa0;<b>ṛ́c</b> <sub>V.+ </sub>&#xa0;<b>-ṛca</b> <sub>AV.+ </sub>&#xa0;<b>-ṛcas</b> <sub>RV. </sub>&#xa0;<b>-ṛkti</b>? <sub>RV. </sub>&#xa0;<b>ṛkvá</b> <sub>RV. </sub>&#xa0;<b>ṛ́kvan</b> <sub>V. </sub>&#xa0;</p></body>
</html>
