<!-- XHTML generated by dict script -->
<html>
<head>
<title>arh</title>
<META HTTP-EQUIV="Content-Type" CONTENT="text/html; charset=utf-8"/>
<!--link rel="stylesheet" href="/Sanskrit/whitney/dict.css" /-->
</head>
<body><p><a href="index.htm">Index</a></p>
<p><table width="100%"><tr><td align="center" width="50%">Previous: <b><a href="ard.htm">ard</a></b></td><td align="center" width="50%">Next: <b><a href="av.htm">av</a></b></td></tr></table></p><hr />

<h2>&#x221a;arh</h2><p>
<i>present: </i>[1.] <b>árhati</b> <i>etc. </i><sub>V.+ </sub>&#xa0;<b>árhate</b> <i>etc. </i><sub>E.+ </sub>&#xa0;</p><p>
<i>perfect: </i><b>ānṛhús</b> &#xa0;<b>arhire</b> &#xa0;</p><p>
[<i>aorist: </i><b>arhyāsam</b> &#xa0;<b>ārhi</b> &#xa0;<b>ārjihat</b> &#xa0;<b>ārhīt</b> &#xa0;<b>arhiṣyati</b> &#xa0;<b>arhitā</b> &#xa0;]</p><p>
<i>verbal: </i><b>arháse</b> &#xa0;</p><p>
<i>secondary: </i><i>desiderative</i>: <b>arjihiṣa-</b> &#xa0; -- <i>causative</i>: <b>arhayati</b> <i>etc. </i><sub>S.+ </sub>&#xa0;</p><p>
<i>derivatives: </i><b>arghá</b> <sub>V.+ </sub>&#xa0;<b>-arghya</b> <sub>C. </sub>&#xa0;<b>-árha</b> <sub>B.+ </sub>&#xa0;<b>arhaṇa</b> <sub>C. </sub>&#xa0;<b>arrháṇā</b> <sub>V.+ </sub>&#xa0;<b>arhaṇīya</b> <sub>C. </sub>&#xa0;</p></body>
</html>
