<!-- XHTML generated by dict script -->
<html>
<head>
<title>art</title>
<META HTTP-EQUIV="Content-Type" CONTENT="text/html; charset=utf-8"/>
<!--link rel="stylesheet" href="/Sanskrit/whitney/dict.css" /-->
</head>
<body><p><a href="index.htm">Index</a></p>
<p><table width="100%"><tr><td align="center" width="50%">Previous: <b><a href="arj.htm">arj</a></b></td><td align="center" width="50%">Next: <b><a href="ard.htm">ard</a></b></td></tr></table></p><hr />

<h2>&#x221a;art</h2><p>
<i>see </i><b><a href="ft.htm">ṛt</a></b></p></body>
</html>
