<!-- XHTML generated by dict script -->
<html>
<head>
<title>aRW</title>
<META HTTP-EQUIV="Content-Type" CONTENT="text/html; charset=utf-8"/>
<!--link rel="stylesheet" href="/Sanskrit/whitney/dict.css" /-->
</head>
<body><p><a href="index.htm">Index</a></p>
<p><table width="100%"><tr><td align="center" width="50%">Previous: <b><a href="aw.htm">aṭ</a></b></td><td align="center" width="50%">Next: <b><a href="at.htm">at</a></b></td></tr></table></p><hr />

<h2>&#x221a;aṇṭh<i> 'visit'</i></h2><p>
<i>present: </i><b>aṇṭhati</b> &#xa0;</p><p>
<i>verbal: </i><b>aṇṭhita</b> &#xa0;</p></body>
</html>
