<!-- XHTML generated by dict script -->
<html>
<head>
<title>as</title>
<META HTTP-EQUIV="Content-Type" CONTENT="text/html; charset=utf-8"/>
<!--link rel="stylesheet" href="/Sanskrit/whitney/dict.css" /-->
</head>
<body><p><a href="index.htm">Index</a></p>
<p><table width="100%"><tr><td align="center" width="50%">Previous: <b><a href="aS2.htm">aś2</a></b></td><td align="center" width="50%">Next: <b><a href="as1.htm">as1</a></b></td></tr></table></p><hr />

<h2>Choose a lemma:</h2><ol>
<li/><a href="as1.htm">as1</a><li/><a href="as2.htm">as2</a></ol>
</body>
</html>
