<!-- XHTML generated by dict script -->
<html>
<head>
<title>as1</title>
<META HTTP-EQUIV="Content-Type" CONTENT="text/html; charset=utf-8"/>
<!--link rel="stylesheet" href="/Sanskrit/whitney/dict.css" /-->
</head>
<body><p><a href="index.htm">Index</a></p>
<p><table width="100%"><tr><td align="center" width="50%">Previous: <b><a href="as.htm">as</a></b></td><td align="center" width="50%">Next: <b><a href="as2.htm">as2</a></b></td></tr></table></p><hr />

<h2>&#x221a;as1<i> 'be'</i></h2><p>
<i>present: </i>[2.] <b>ásti</b> &#xa0;<b>sánti</b> <i>etc. </i>&#xa0;<b>edhí</b> <sub>V.+ </sub>&#xa0;<b>sva</b> &#xa0;<b>syāmahe</b> &#xa0;</p><p>
<i>perfect: </i><b>ā́sa</b> &#xa0;<b>ā́sitha</b> <i>etc. </i><sub>V.+ </sub>&#xa0;</p><p>
<i>derivatives: </i><b>ásu</b> <sub>V.+ </sub>&#xa0;<b>ásta</b> <sub>V.+ </sub>&#xa0;<b>-asti</b> <sub>V.+ </sub>&#xa0;<b>-āsa</b> &#xa0;<b>itiha-</b> <sub>AV.+ </sub>&#xa0;<b>stí</b> <sub>V.B. </sub>&#xa0;</p></body>
</html>
