<!-- XHTML generated by dict script -->
<html>
<head>
<title>aS2</title>
<META HTTP-EQUIV="Content-Type" CONTENT="text/html; charset=utf-8"/>
<!--link rel="stylesheet" href="/Sanskrit/whitney/dict.css" /-->
</head>
<body><p><a href="index.htm">Index</a></p>
<p><table width="100%"><tr><td align="center" width="50%">Previous: <b><a href="aS1.htm">aś1</a></b></td><td align="center" width="50%">Next: <b><a href="as.htm">as</a></b></td></tr></table></p><hr />

<h2>&#x221a;aś2<i> 'eat'</i></h2><p>
<i>present: </i>[9.] <b>aśnā́ti</b> &#xa0;<b>aśāna</b> &#xa0;<b>aśnīte</b> <i>etc. </i><sub>V.+ </sub>&#xa0; -- [1.] <b>aśa</b> &#xa0;</p><p>
<i>perfect: </i><b>ā́śa</b> <sub>V.+ </sub>&#xa0;<b>-āśvāṅs</b> &#xa0;</p><p>
<i>aorist: </i>[1.] <b>aśyāt</b> &#xa0; -- [3.] <b>āśiśat</b> &#xa0; -- [5.] <b>ā́śīt</b> <i>etc. </i><sub>V.+ </sub>&#xa0;</p><p>
<i>future: </i>[1.] <b>aśiṣyáti</b> <i>etc. </i><sub>B.+ </sub>&#xa0; -- [2.] <b>aśitā</b> &#xa0;</p><p>
<i>verbal: </i><b>aśitá</b> <sub>V.+ </sub>&#xa0;<b>aśitum</b> &#xa0;<b>aśitvā́</b> <sub>B.+ </sub>&#xa0;<b>-áśya</b> &#xa0;</p><p>
<i>secondary: </i><i>passive</i>: <b>aśyáte</b> <sub>AV.+ </sub>&#xa0; -- <i>intensive</i>: <b>aśāśya-</b> &#xa0; -- <i>desiderative</i>: <b>áśiśiṣati</b> <i>etc. </i><sub>B.+ </sub>&#xa0; -- <i>causative</i>: <b>āśayati</b> <sub>B.+ </sub>&#xa0;<b>aśāśya-</b> &#xa0;</p><p>
<i>derivatives: </i><b>-áś</b> &#xa0;<b>-ásana</b> <sub>V.+ </sub>&#xa0;<b>aśanā́</b> <sub>B.U. </sub>&#xa0;<b>-aśanīya</b> <sub>S.+ </sub>&#xa0;<b>aśitavyà</b> <sub>B.+ </sub>&#xa0;<b>aśitṛ́</b> <sub>AV.+ </sub>&#xa0;<b>aśitra</b> <sub>B.+ </sub>&#xa0;<b>aśúṣa</b> <sub>RV. </sub>&#xa0;<b>áśna</b> <sub>V. </sub>&#xa0;<b>aśni</b> <sub>TA. </sub>&#xa0;<b>-āśa</b> <sub>E.+ </sub>&#xa0;<b>-āśaka</b> <sub>B. </sub>&#xa0;</p><p>
 -<b>āśin</b> B.+</p><b>āśi</b> <sub>S. </sub>&#xa0;<b>āśyà</b> <sub>AV.?+ </sub>&#xa0;<b>áśiṣṭha</b> <sub>B. </sub>&#xa0;<b>aśiśiṣu</b> <sub>S. </sub>&#xa0;<b>āśayitavya</b> <sub>B. </sub>&#xa0;<p>
Doubtless ultimately the same with &#x221a;1<b>aś</b>.</p></body>
</html>
