<!-- XHTML generated by dict script -->
<html>
<head>
<title>aYj</title>
<META HTTP-EQUIV="Content-Type" CONTENT="text/html; charset=utf-8"/>
<!--link rel="stylesheet" href="/Sanskrit/whitney/dict.css" /-->
</head>
<body><p><a href="index.htm">Index</a></p>
<p><table width="100%"><tr><td align="center" width="50%">Previous: <b><a href="aYc.htm">añc</a></b></td><td align="center" width="50%">Next: <b><a href="aw.htm">aṭ</a></b></td></tr></table></p><hr />

<h2>&#x221a;añj<i> 'anoint'</i></h2><p>
<i>present: </i>[7.] <b>anákti</b> &#xa0;<b>aṅkté</b> <i>etc. </i><sub>V.+ </sub>&#xa0; -- [1.] <b>añjet</b> &#xa0;</p><p>
<i>perfect: </i><b>ānañja</b> &#xa0;<b>anajā</b> &#xa0;<b>anajyāt</b> &#xa0;<b>ānajé</b> <i>etc. </i>&#xa0;</p><p>
<i>aorist: </i>[1.] <b>ajyāt</b> &#xa0;<b>āñji</b> &#xa0; -- [3.] <b>āñjijat</b> &#xa0; -- [5.] <b>āñjīs</b> &#xa0;</p><p>
[<i>future: </i><b>aṅkṣyati</b> &#xa0;<b>añjiṣyati</b> &#xa0;<b>aṅktā</b> &#xa0;<b>añjitā</b> &#xa0;]</p><p>
<i>verbal: </i><b>aktá</b> <sub>V.+ </sub>&#xa0;<b>aṅktvā</b> &#xa0;<b>aktvā́</b> &#xa0;<b>añjitvā</b> &#xa0;<b>-ájya</b> &#xa0;</p><p>
<i>secondary: </i><i>passive</i>: <b>ajyáte</b> <i>etc. </i><sub>V.+ </sub>&#xa0; -- <i>desiderative</i>: <b>añjijiṣa-</b> &#xa0; -- <i>causative</i>: <b>añjayati</b> <i>etc. </i><sub>S.+ </sub>&#xa0;</p><p>
<i>derivatives: </i><b>aṅga</b> &#xa0;<b>aṅgya</b> <sub>C. </sub>&#xa0;<b>añjaka</b> <sub>C. </sub>&#xa0;<b>añjya</b> <sub>C. </sub>&#xa0;<b>-ajya</b> <sub>C. </sub>&#xa0;<b>-āja</b> <sub>E.+ </sub>&#xa0;<b>ā́jya</b> <sub>V.+ </sub>&#xa0;<b>áñjana</b> <sub>V.+ </sub>&#xa0;<b>áñjas</b> <sub>V.+ </sub>&#xa0;<b>añjí</b> <sub>V.B. </sub>&#xa0;<b>aktā́</b> <sub>RV. </sub>&#xa0;<b>-akti</b> <sub>E.+ </sub>&#xa0;<b>aktú</b> <sub>V.B. </sub>&#xa0;</p></body>
</html>
