<!-- XHTML generated by dict script -->
<html>
<head>
<title>baD</title>
<META HTTP-EQUIV="Content-Type" CONTENT="text/html; charset=utf-8"/>
<!--link rel="stylesheet" href="/Sanskrit/whitney/dict.css" /-->
</head>
<body><p><a href="index.htm">Index</a></p>
<p><table width="100%"><tr><td align="center" width="50%">Previous: <b><a href="baNh.htm">baṅh</a></b></td><td align="center" width="50%">Next: <b><a href="banD.htm">bandh</a></b></td></tr></table></p><hr />

<h2>&#x221a;badh</h2><p>
<i>see </i><b><a href="vaD.htm">vadh</a></b></p></body>
</html>
