<!-- XHTML generated by dict script -->
<html>
<head>
<title>banD</title>
<META HTTP-EQUIV="Content-Type" CONTENT="text/html; charset=utf-8"/>
<!--link rel="stylesheet" href="/Sanskrit/whitney/dict.css" /-->
</head>
<body><p><a href="index.htm">Index</a></p>
<p><table width="100%"><tr><td align="center" width="50%">Previous: <b><a href="baD.htm">badh</a></b></td><td align="center" width="50%">Next: <b><a href="bal.htm">bal</a></b></td></tr></table></p><hr />

<h2>&#x221a;bandh<i> 'bind'</i></h2><p>
<i>present: </i>[9.] <b>badhnā́ti</b> <i>etc. </i><sub>V.+ </sub>&#xa0;<b>badhāna</b> <sub>AV.+ </sub>&#xa0;<b>bandhāna</b> &#xa0;<b>badhnīhi</b> &#xa0;<b>badhnīté</b> <i>etc. </i>&#xa0; -- [1.] <b>abandhat</b> &#xa0;<b>abandhata</b>  <font color="green">(3s.)</font> &#xa0;<b>abadhnanta</b> &#xa0;</p><p>
<i>perfect: </i><b>babándha</b> <sub>AV.+ </sub>&#xa0;<b>bedhús</b> &#xa0;<b>babandhus</b> <sub>E.+ </sub>&#xa0;<b>bedhé</b> &#xa0;<b>bedhiré</b> <i>etc. </i>&#xa0;<b>babandhe</b> &#xa0;</p><p>
[<i>aorist: </i><b>badhyāt</b> &#xa0;<b>ababandhat</b> &#xa0;<b>abhāntsīt</b> &#xa0;]</p><p>
<i>future: </i>[1.] <b>bhantsyati</b> <i>etc. </i>&#xa0;<b>bandhiṣyati</b> &#xa0;<b>bandhiṣyate</b> <sub>E.+ </sub>&#xa0; -- [2.] <b>banddhā</b> &#xa0;</p><p>
<i>verbal: </i><b>baddhá</b> <sub>V.+ </sub>&#xa0;<b>banddhum</b> <sub>E.+ </sub>&#xa0;<b>baddhum</b>? &#xa0;<b>bandhitum</b> &#xa0;<b>baddhvā́</b> <sub>AV.+ </sub>&#xa0;<b>baddhvā́ya</b> &#xa0;<b>-bádhya</b> <sub>B.+ </sub>&#xa0;<b>-bádhe</b> &#xa0;<b>-bandham</b> &#xa0;</p><p>
<i>secondary: </i><i>passive</i>: <b>badhyáte</b> <i>etc. </i><sub>V.+ </sub>&#xa0;<b>badhyáti</b> &#xa0; -- <i>intensive</i>: <b>bābandh-</b> &#xa0;<b>bābadhya-</b> &#xa0; -- <i>desiderative</i>: <b>bibhantsa-</b> &#xa0; -- <i>causative</i>: <b>bandhayati</b> <i>etc. </i><sub>B.+ </sub>&#xa0;</p><p>
<i>derivatives: </i><b>bandhá</b> <sub>V.+ </sub>&#xa0;<b>bandhaka</b> <sub>E.+ </sub>&#xa0;<b>bandhin</b> <sub>E.+ </sub>&#xa0;<b>bandhya</b> <sub>E.+ </sub>&#xa0;<b>bándhana</b> <sub>V.+ </sub>&#xa0;<b>bandhanīya</b> <sub>E.+ </sub>&#xa0;<b>bándhu</b> <sub>V.+ </sub>&#xa0;<b>-bándhuka</b> <sub>B. </sub>&#xa0;<b>-baddhavya</b> <sub>C. </sub>&#xa0;<b>-banddhṛ</b> <sub>C. </sub>&#xa0;<b>banddhra</b> <sub>AV. </sub>&#xa0;<b>badhirá</b> <sub>V.+ </sub>&#xa0;<b>bandhayitṛ</b> <sub>C. </sub>&#xa0;</p></body>
</html>
