<!-- XHTML generated by dict script -->
<html>
<head>
<title>baNh</title>
<META HTTP-EQUIV="Content-Type" CONTENT="text/html; charset=utf-8"/>
<!--link rel="stylesheet" href="/Sanskrit/whitney/dict.css" /-->
</head>
<body><p><a href="index.htm">Index</a></p>
<p><table width="100%"><tr><td align="center" width="50%">Previous: <b><a href="Pal2.htm">phal2</a></b></td><td align="center" width="50%">Next: <b><a href="baD.htm">badh</a></b></td></tr></table></p><hr />

<h2>&#x221a;baṅh<i> 'make firm'</i></h2><p>
[<i>present: </i><b>baṅhate</b> &#xa0;<b>babaṅhe</b> &#xa0;<b>abaṅhiṣṭa</b> &#xa0;<b>baṅhiṣyate</b> &#xa0;<b>baṅhitā</b> &#xa0;]</p><p>
<i>verbal: </i><b>bāḍha</b> <sub>V.+ </sub>&#xa0;</p><p>
<i>secondary: </i><i>causative</i>: <b>baṅhayate</b> <i>etc. </i>&#xa0;</p><p>
<i>derivatives: </i><b>bahala</b> &#xa0;<b>bahú</b> <sub>V.+ </sub>&#xa0;<b>báṅhiṣṭha</b> <sub>V.+ </sub>&#xa0;<b>báṅhīyas</b> <sub>MS. </sub>&#xa0;<b>bāhú</b>? <sub>V.+ </sub>&#xa0;</p></body>
</html>
