<!-- XHTML generated by dict script -->
<html>
<head>
<title>BaR</title>
<META HTTP-EQUIV="Content-Type" CONTENT="text/html; charset=utf-8"/>
<!--link rel="stylesheet" href="/Sanskrit/whitney/dict.css" /-->
</head>
<body><p><a href="index.htm">Index</a></p>
<p><table width="100%"><tr><td align="center" width="50%">Previous: <b><a href="Baw.htm">bhaṭ</a></b></td><td align="center" width="50%">Next: <b><a href="Ban.htm">bhan</a></b></td></tr></table></p><hr />

<h2>&#x221a;bhaṇ<i> 'speak'</i></h2><p>
<i>present: </i>[1.] <b>bhaṇati</b> <i>etc. </i>&#xa0;</p><p>
<i>perfect: </i><b>babhāṇa</b> &#xa0;<b>babhaṇitha</b> &#xa0;</p><p>
<i>aorist: </i>[1.] <b>abhāṇi</b> &#xa0; -- [3.] <b>abībhaṇat</b> &#xa0;<b>ababhāṇat</b> &#xa0; -- [5.] <b>abhāṇīt</b> &#xa0;</p><p>
[<i>future: </i><b>bhaṇiṣyati</b> &#xa0;<b>bhaṇitā</b> &#xa0;]</p><p>
<i>verbal: </i><b>bhaṇita</b> &#xa0;<b>bhaṇitvā</b> &#xa0;</p><p>
<i>secondary: </i><i>passive</i>: <b>bhaṇyate</b> &#xa0; -- <i>desiderative</i>: <b>bibhaṇiṣa-</b> &#xa0; -- <i>causative</i>: <b>bhāṇayati</b> &#xa0;</p><p>
<i>derivatives: </i><b>-bhaṇa</b> &#xa0;<b>bhaṇana</b> <sub>C. </sub>&#xa0;<b>bhaṇanīya</b> <sub>C. </sub>&#xa0;<b>bhaṇiti</b> <sub>C. </sub>&#xa0;<b>bhāṇa</b> <sub>C. </sub>&#xa0;<b>bhāṇaka</b> <sub>C. </sub>&#xa0;<b>bibhaṇiṣu</b> <sub>C. </sub>&#xa0;</p><p>
A later form of &#x221a;<b>bhan</b>.</p></body>
</html>
