<!-- XHTML generated by dict script -->
<html>
<head>
<title>Barts</title>
<META HTTP-EQUIV="Content-Type" CONTENT="text/html; charset=utf-8"/>
<!--link rel="stylesheet" href="/Sanskrit/whitney/dict.css" /-->
</head>
<body><p><a href="index.htm">Index</a></p>
<p><table width="100%"><tr><td align="center" width="50%">Previous: <b><a href="Band.htm">bhand</a></b></td><td align="center" width="50%">Next: <b><a href="Barv.htm">bharv</a></b></td></tr></table></p><hr />

<h2>&#x221a;bharts<i> 'revile'</i></h2><p>
<i>present: </i>[1.] <b>bhartsati</b> <i>etc. </i>&#xa0;</p><p>
<i>secondary: </i><i>causative</i>: <b>bhartsayati</b> <i>etc. </i><sub>E.+ </sub>&#xa0;<b>bhartsayate</b> &#xa0;<b>bhartsyate</b> <i>etc. </i><sub>E.+ </sub>&#xa0;</p><p>
<i>derivatives: </i><b>bhartsana</b> <sub>E.+ </sub>&#xa0;</p><p>
The form <b>bhartsyā́mi</b> AV. is certainly a false reading.</p></body>
</html>
