<!-- XHTML generated by dict script -->
<html>
<head>
<title>Barv</title>
<META HTTP-EQUIV="Content-Type" CONTENT="text/html; charset=utf-8"/>
<!--link rel="stylesheet" href="/Sanskrit/whitney/dict.css" /-->
</head>
<body><p><a href="index.htm">Index</a></p>
<p><table width="100%"><tr><td align="center" width="50%">Previous: <b><a href="Barts.htm">bharts</a></b></td><td align="center" width="50%">Next: <b><a href="Bal.htm">bhal</a></b></td></tr></table></p><hr />

<h2>&#x221a;bharv<i> 'devour'</i></h2><p>
<i>present: </i>[1.] <b>bhárvati</b> <i>etc. </i>&#xa0;</p><p>
<i>derivatives: </i><b>-bharva</b>? &#xa0;<b>bhārvará</b>? <sub>RV. </sub>&#xa0;</p></body>
</html>
