<!-- XHTML generated by dict script -->
<html>
<head>
<title>BaYj</title>
<META HTTP-EQUIV="Content-Type" CONTENT="text/html; charset=utf-8"/>
<!--link rel="stylesheet" href="/Sanskrit/whitney/dict.css" /-->
</head>
<body><p><a href="index.htm">Index</a></p>
<p><table width="100%"><tr><td align="center" width="50%">Previous: <b><a href="Baj.htm">bhaj</a></b></td><td align="center" width="50%">Next: <b><a href="Baw.htm">bhaṭ</a></b></td></tr></table></p><hr />

<h2>&#x221a;bhañj<i> 'break'</i></h2><p>
<i>present: </i>[7.] <b>bhanákti</b> <i>etc. </i><sub>V.+ </sub>&#xa0;<b>abhanas</b> &#xa0;</p><p>
<i>perfect: </i><b>babhañja</b> <i>etc. </i><sub>V.+ </sub>&#xa0;<b>babhañjire</b> &#xa0;</p><p>
<i>aorist: </i>[1.] <b>abhāji</b> &#xa0;<b>abhañji</b> &#xa0;<b>bhajyāt</b> &#xa0; -- [3.] <b>ababhañjat</b> &#xa0; -- [4.] <b>abhāṅkṣīt</b> <i>etc. </i><sub>E.+ </sub>&#xa0;</p><p>
<i>future: </i>[1.] <b>bhaṅkṣyati</b> &#xa0; -- [2.] <b>bhaṅktā</b> &#xa0;</p><p>
<i>verbal: </i><b>bhagna</b> <sub>S.+ </sub>&#xa0;<b>bhaṅktvā</b> <sub>E.+ </sub>&#xa0;<b>bhaktvā</b> &#xa0;<b>-bhajya</b> <sub>E.+ </sub>&#xa0;<b>-bhañjam</b> &#xa0;</p><p>
<i>secondary: </i><i>passive</i>: <b>bhajyáte</b> <i>etc. </i><sub>AV.+ </sub>&#xa0;<b>bhajyáti</b> <i>etc. </i><sub>E.+ </sub>&#xa0; -- <b>bambhañj-</b> &#xa0;<b>bambhajya-</b> &#xa0; -- <i>desiderative</i>: <b>bibhaṅkṣa-</b> &#xa0; -- <i>causative</i>: <b>bhañjaya-</b> &#xa0;</p><p>
<i>derivatives: </i><b>bhaṅgá</b> <sub>V.+ </sub>&#xa0;<b>bhaṅgin</b> <sub>RV.C. </sub>&#xa0;<b>bhaṅgi</b> <sub>C. </sub>&#xa0;<b>bhañjaka</b> <sub>C. </sub>&#xa0;<b>bhañjana</b> <sub>AV.+ </sub>&#xa0;<b>-bhañjanu</b> <sub>RV. </sub>&#xa0;<b>bhaṅktṛ</b> <sub>C. </sub>&#xa0;<b>bhaṅgurá</b> <sub>V.+ </sub>&#xa0;</p></body>
</html>
