<!-- XHTML generated by dict script -->
<html>
<head>
<title>Bf</title>
<META HTTP-EQUIV="Content-Type" CONTENT="text/html; charset=utf-8"/>
<!--link rel="stylesheet" href="/Sanskrit/whitney/dict.css" /-->
</head>
<body><p><a href="index.htm">Index</a></p>
<p><table width="100%"><tr><td align="center" width="50%">Previous: <b><a href="BUz.htm">bhūṣ</a></b></td><td align="center" width="50%">Next: <b><a href="Bfjj.htm">bhṛjj</a></b></td></tr></table></p><hr />

<h2>&#x221a;bhṛ<i> 'bear'</i></h2><p>
<i>present: </i>[3.] <b>bíbharti</b> &#xa0;<b>bíbhrati</b> <i>etc. </i>&#xa0;<b>bibhárti</b> <i>etc. </i><sub>RV1.+ </sub>&#xa0;<b>bibhṛṣva</b> &#xa0;<b>bibhrāṇa</b> &#xa0; -- [1.] <b>bíbhramāṇa</b> &#xa0; -- <b>bhárati</b> &#xa0;<b>bhárate</b> <i>etc. </i><sub>V.+ </sub>&#xa0; -- [2.] <b>bharti</b> &#xa0;</p><p>
<i>perfect: </i><b>babhāra</b> <i>etc. </i><sub>B.+ </sub>&#xa0;<b>babhrima</b> &#xa0;<b>babhre</b> &#xa0;<b>babhrāṇá</b> &#xa0;<b>jabhā́ra</b> <i>etc. </i>&#xa0;<b>jabhre</b> <i>etc. </i>&#xa0;<b>jabhartha</b> &#xa0;<b>jabhárat</b> &#xa0;<b>ajabhartana</b> &#xa0; -- <b>bibharām</b> &#xa0;<b>babhūva</b> &#xa0;</p><p>
<i>aorist: </i>[1.] <b>bhartám</b> &#xa0;<b>bhṛtám</b> &#xa0;<b>abhṛta</b> &#xa0;<b>bhṛiyāsam</b> &#xa0;<b>bhṛiyāt</b> &#xa0;<b>abhāri</b> &#xa0; -- [3.] <b>ībharas</b> &#xa0; -- [4.] <b>abhārṣīt</b> <i>etc. </i>&#xa0;<b>abhār</b> &#xa0;<b>abhāriṣam</b> &#xa0;<b>bharṣat</b> &#xa0;</p><p>
<i>future: </i>[1.] <b>bhariṣyáti</b> <i>etc. </i><sub>V.+ </sub>&#xa0;<b>ábhariṣyat</b> &#xa0; -- [2.] <b>bhartā́</b> &#xa0;</p><p>
<i>verbal: </i><b>bhṛtá</b> <sub>V.+ </sub>&#xa0;<b>bhártum</b> <sub>V.+ </sub>&#xa0;<b>bhártave</b> &#xa0;<b>bhártavaí</b> &#xa0;<b>-bhṛ́tya</b> <sub>V.+ </sub>&#xa0;<b>bháradhyai</b> &#xa0;</p><p>
<i>secondary: </i><i>passive</i>: <b>bhriyate</b> <i>etc. </i><sub>V.+ </sub>&#xa0;<b>bhriyati</b> &#xa0; -- <i>intensive</i>: <b>jarbhṛtás</b> &#xa0;<b>bháribhrati</b> <i>etc. </i>&#xa0;<b>barībharti</b> &#xa0; -- <i>desiderative</i>: <b>bubhūrṣati</b> <i>etc. </i><sub>B.+ </sub>&#xa0;<b>bibhariṣa-</b> &#xa0; -- <i>causative</i>: <b>bhārayati</b> &#xa0;</p><p>
<i>derivatives: </i><b>-bhra</b>? <sub>V.+ </sub>&#xa0;<b>bhára</b> <sub>V.+ </sub>&#xa0;<b>-bhala</b>? <sub>AV.S. </sub>&#xa0;<b>bháraṇa</b> <sub>V.+ </sub>&#xa0;<b>bharaṇīya</b> <sub>E.+ </sub>&#xa0;<b>bharas</b> <sub>V.B. </sub>&#xa0;<b>-bhári</b> <sub>RV.C. </sub>&#xa0;<b>bharu</b> <sub>C. </sub>&#xa0;<b>bharatá</b> <sub>V.+ </sub>&#xa0;<b>bhartavyà</b> <sub>V.+ </sub>&#xa0;<b>bhartṛ</b> <sub>V.+ </sub>&#xa0;<b>bhrā́tṛ</b>? <sub>V.+ </sub>&#xa0;<b>bharítra</b> <sub>RV. </sub>&#xa0;<b>-bhárṇas</b> <sub>RV. </sub>&#xa0;<b>bhárman</b> <sub>RV.C. </sub>&#xa0;<b>bhárīman</b> <sub>RV. </sub>&#xa0;<b>bhā́rman</b> <sub>RV. </sub>&#xa0;<b>bhariṣá</b>? <sub>RV. </sub>&#xa0;<b>bhrūṇá</b> <sub>V.+ </sub>&#xa0;<b>bhārá</b> <sub>V.+ </sub>&#xa0;<b>bhārin</b> <sub>B.+ </sub>&#xa0;<b>bhāryà</b> <sub>AV.+ </sub>&#xa0;<b>-bhṛt</b> <sub>V.+ </sub>&#xa0;<b>bhṛtí</b> <sub>V.+ </sub>&#xa0;<b>bhṛ́ti</b> <sub>&#199;B1. </sub>&#xa0;<b>bhṛ́tya</b>  <font color="green">(gdve.)</font> <sub>B.+ </sub>&#xa0;<b>bhṛ́tya</b>  <font color="green">(n.)</font> <sub>AV. </sub>&#xa0;<b>bhṛtyā́</b> <sub>V. </sub>&#xa0;<b>bhṛtenya</b>? <sub>AV. </sub>&#xa0;<b>-bhṛtra</b> <sub>RV. </sub>&#xa0;<b>-bhṛ́tvan</b> <sub>V. </sub>&#xa0;<b>bhṛthá</b> <sub>V.+ </sub>&#xa0;<b>-babhra</b> <sub>B. </sub>&#xa0;<b>babhrí</b> <sub>V. </sub>&#xa0;<b>jarbhári</b> <sub>RV. </sub>&#xa0;<b>bámbhāri</b>? <sub>B. </sub>&#xa0;<b>bubhūrṣā</b> <sub>S. </sub>&#xa0;<b>bubhūrṣu</b> <sub>C. </sub>&#xa0;</p></body>
</html>
