<!-- XHTML generated by dict script -->
<html>
<head>
<title>BrI</title>
<META HTTP-EQUIV="Content-Type" CONTENT="text/html; charset=utf-8"/>
<!--link rel="stylesheet" href="/Sanskrit/whitney/dict.css" /-->
</head>
<body><p><a href="index.htm">Index</a></p>
<p><table width="100%"><tr><td align="center" width="50%">Previous: <b><a href="BrAj.htm">bhrāj</a></b></td><td align="center" width="50%">Next: <b><a href="Brez.htm">bhreṣ</a></b></td></tr></table></p><hr />

<h2>&#x221a;bhrī<i> 'consume'</i></h2><p>
<i>present: </i>[9.] <b>bhrīṇánti</b> &#xa0;</p><p>
[<i>perfect: </i><b>bibhrāya</b> &#xa0;<b>abhraiṣīt</b> &#xa0;<b>bhreṣyati</b> &#xa0;<b>bhretā</b> &#xa0;<b>bebhrī-</b> &#xa0;<b>bibhrīṣa-</b> &#xa0;<b>bhrāyaya-</b> &#xa0;]</p></body>
</html>
