<!-- XHTML generated by dict script -->
<html>
<head>
<title>BU</title>
<META HTTP-EQUIV="Content-Type" CONTENT="text/html; charset=utf-8"/>
<!--link rel="stylesheet" href="/Sanskrit/whitney/dict.css" /-->
</head>
<body><p><a href="index.htm">Index</a></p>
<p><table width="100%"><tr><td align="center" width="50%">Previous: <b><a href="Buraj.htm">bhuraj</a></b></td><td align="center" width="50%">Next: <b><a href="BUz.htm">bhūṣ</a></b></td></tr></table></p><hr />

<h2>&#x221a;bhū<i> 'be'</i></h2><p>
<i>present: </i>[1.] <b>bhávati</b> <i>etc. </i><sub>V.+ </sub>&#xa0;<b>bhávate</b> <i>etc. </i><sub>B.+ </sub>&#xa0;</p><p>
<i>perfect: </i><b>babhū́va</b> <i>etc. </i><sub>V.+ </sub>&#xa0;<b>babhū́tha</b> &#xa0;<b>babhū́vitha</b> &#xa0;<b>babhūyās</b> &#xa0;<b>babhūyā́t</b> &#xa0;<b>babhūtu</b> &#xa0;</p><p>
<i>aorist: </i>[1.] <b>ábhūt</b> &#xa0;<b>ábhūvan</b> <i>etc. </i><sub>V.+ </sub>&#xa0;<b>bhūyā́sam</b> &#xa0;<b>bhūyā́sma</b> <i>etc. </i><sub>V.+ </sub>&#xa0;<b>bhūyāma</b> &#xa0;<b>bodhí</b> &#xa0;<b>bhū́tu</b> <i>etc. </i>&#xa0;<b>abhāvi</b> &#xa0; -- <b>ábhuvat</b> <i>etc. </i>&#xa0;<b>bhúvat</b> <i>etc. </i>&#xa0;<b>bhuvāni</b> &#xa0; -- [3.] <b>abūbhuvas</b> &#xa0;<b>abībhavat</b> &#xa0; -- [5.] <b>bhaviṣāt</b>? &#xa0;<b>abhaviṣṭa</b> &#xa0;<b>bhaviṣīṣṭa</b> &#xa0;</p><p>
<i>future: </i>[1.] <b>bhaviṣyáti</b> <i>etc. </i><sub>V.+ </sub>&#xa0;<b>bhaviṣyáte</b> <i>etc. </i><sub>E.+ </sub>&#xa0;<b>abhaviṣyat</b> <i>etc. </i><sub>U.+ </sub>&#xa0;<b>bhaviṣyadhvam</b> &#xa0; -- [2.] <b>bhavitā́</b> &#xa0;</p><p>
<i>verbal: </i><b>bhūtá</b> <sub>V.+ </sub>&#xa0;<b>bhávitum</b> <sub>B.+ </sub>&#xa0;<b>bhávitos</b> &#xa0;<b>bhūtvā́</b> <sub>V.+ </sub>&#xa0;<b>bhūtvī́</b> &#xa0;<b>-bhū́ya</b> <sub>V.+ </sub>&#xa0;<b>bhuvé</b> &#xa0;<b>-bhúve</b> &#xa0;<b>-bhvè</b> &#xa0;<b>bhūṣáṇi</b> &#xa0;<b>-bhū́yam</b> &#xa0;<b>-bhávam</b> &#xa0;</p><p>
<i>secondary: </i><i>passive</i>: <b>bhūyate</b> <i>etc. </i><sub>E.+ </sub>&#xa0;<b>bhūyati</b> &#xa0; -- <i>intensive</i>: <b>bóbhavīti</b> <i>etc. </i><sub>V.+ </sub>&#xa0; -- <i>desiderative</i>: <b>búbhūṣati</b> <i>etc. </i><sub>V.+ </sub>&#xa0;<b>búbhūṣate</b> <i>etc. </i><sub>E.+ </sub>&#xa0; -- <i>causative</i>: <b>bhāvayati</b> <i>etc. </i><sub>AV.+ </sub>&#xa0;<b>bhāvayate</b> &#xa0;<b>bhāvitum</b> &#xa0;<b>bhāvyate</b> <i>etc. </i><sub>E.+ </sub>&#xa0;<b>bibhāvayiṣati</b> &#xa0;</p><p>
<i>derivatives: </i><b>bhū́</b> <sub>V.+ </sub>&#xa0;<b>-bhu</b> <sub>V.+ </sub>&#xa0;<b>-bhva</b> <sub>V. </sub>&#xa0;<b>bhúva</b> <sub>B.+ </sub>&#xa0;<b>bhava</b> <sub>V.+ </sub>&#xa0;<b>bhavá</b> <sub>AV.+ </sub>&#xa0;<b>bhavaka</b> <sub>C. </sub>&#xa0;<b>-bhavin</b> <sub>C. </sub>&#xa0;<b>bhávya</b> <sub>V.+ </sub>&#xa0;<b>-bhvan</b> <sub>V. </sub>&#xa0;<b>bhavana</b> <sub>E.+ </sub>&#xa0;<b>bhavanīya</b> <sub>C. </sub>&#xa0;<b>bhúvana</b> <sub>V.+ </sub>&#xa0;<b>-bhavas</b> <sub>B. </sub>&#xa0;<b>bhúvas</b> <sub>B.+ </sub>&#xa0;<b>bhū́ti</b> <sub>V.+ </sub>&#xa0;<b>bhūtí</b> <sub>RV. </sub>&#xa0;<b>bhávītva</b> <sub>RV. </sub>&#xa0;<b>bhavitavyà</b> <sub>B.+ </sub>&#xa0;<b>bhavitṛ</b> <sub>E.+ </sub>&#xa0;<b>bhavítra</b> <sub>V. </sub>&#xa0;<b>bhū́man</b> <sub>V.S. </sub>&#xa0;<b>bhūmán</b> <sub>V.+ </sub>&#xa0;<b>bhū́mi</b> <sub>V.+ </sub>&#xa0;<b>bhū́mī</b> <sub>V.+ </sub>&#xa0;<b>bhū́yas</b> <sub>V.+ </sub>&#xa0;<b>bhávīyas</b> <sub>RV. </sub>&#xa0;<b>bhū́yiṣṭha</b> <sub>V.+ </sub>&#xa0;<b>-bhaviṣṭha</b> <sub>RV. </sub>&#xa0;<b>bhū́ri</b> <sub>V.+ </sub>&#xa0;<b>-bhū́varī</b> <sub>V.B. </sub>&#xa0;<b>bhūṣṇu</b> <sub>B.+ </sub>&#xa0;<b>bhaviṣṇú</b> <sub>B.+ </sub>&#xa0;<b>-bhū́ya</b> <sub>AV.+ </sub>&#xa0;<b>bhāva</b> <sub>U.S.+ </sub>&#xa0;<b>bhāvaka</b> <sub>E.+ </sub>&#xa0;<b>bhāvin</b> <sub>E.+ </sub>&#xa0;<b>bhāvyá</b> <sub>V.+ </sub>&#xa0;<b>bhāvana</b> <sub>E.+ </sub>&#xa0;<b>bhāvanīya</b> <sub>E.+ </sub>&#xa0;<b>bhā́vuka</b> <sub>B.+ </sub>&#xa0;<b>bubhūṣā</b> <sub>B.+ </sub>&#xa0;<b>bubhūṣaka</b> <sub>E. </sub>&#xa0;<b>bubhuṣitavya</b> <sub>JB. </sub>&#xa0;<b>bubhūṣu</b> <sub>S.+ </sub>&#xa0;<b>bhāvayitavya</b> <sub>B.+ </sub>&#xa0;<b>bhāvayitṛ</b> <sub>B.+ </sub>&#xa0;<b>bhāvayú</b> <sub>RV. </sub>&#xa0;</p></body>
</html>
