<!-- XHTML generated by dict script -->
<html>
<head>
<title>Buj1</title>
<META HTTP-EQUIV="Content-Type" CONTENT="text/html; charset=utf-8"/>
<!--link rel="stylesheet" href="/Sanskrit/whitney/dict.css" /-->
</head>
<body><p><a href="index.htm">Index</a></p>
<p><table width="100%"><tr><td align="center" width="50%">Previous: <b><a href="Buj.htm">bhuj</a></b></td><td align="center" width="50%">Next: <b><a href="Buj2.htm">bhuj2</a></b></td></tr></table></p><hr />

<h2>&#x221a;bhuj1<i> 'bend'</i></h2><p>
<i>present: </i>[6.] <b>bhujáti</b> <i>etc. </i><sub>V.+ </sub>&#xa0;</p><p>
<i>perfect: </i><b>bubhoja</b> &#xa0;<b>ábubhojīs</b> &#xa0;</p><p>
[<i>aorist: </i><b>abhaukṣīt</b> &#xa0;<b>bhokṣyati</b> &#xa0;<b>bhoktā</b> &#xa0;]</p><p>
<i>verbal: </i><b>bhugna</b> <sub>S.+ </sub>&#xa0;<b>-bhujya</b> <sub>S.+ </sub>&#xa0;</p><p>
<i>secondary: </i><i>passive</i>: <b>bhujyate</b> &#xa0;</p><p>
<i>derivatives: </i><b>-bhuj</b> &#xa0;<b>bhuja</b> <sub>E.+ </sub>&#xa0;<b>bhogá</b> <sub>V.+ </sub>&#xa0;<b>bhují</b> <sub>RV. </sub>&#xa0;<b>bhujmán</b>? <sub>RV. </sub>&#xa0;<b>bhujyú</b> <sub>V.B. </sub>&#xa0;</p></body>
</html>
