<!-- XHTML generated by dict script -->
<html>
<head>
<title>Byas</title>
<META HTTP-EQUIV="Content-Type" CONTENT="text/html; charset=utf-8"/>
<!--link rel="stylesheet" href="/Sanskrit/whitney/dict.css" /-->
</head>
<body><p><a href="index.htm">Index</a></p>
<p><table width="100%"><tr><td align="center" width="50%">Previous: <b><a href="Bfjj.htm">bhṛjj</a></b></td><td align="center" width="50%">Next: <b><a href="BraNS.htm">bhraṅś</a></b></td></tr></table></p><hr />

<h2>&#x221a;bhyas<i> 'fear'</i></h2><p>
<i>present: </i>[1.] <b>ábhyasetām</b> &#xa0;<b>bhyásāt</b> &#xa0;</p><p>
[<i>perfect: </i><b>babhyase</b> &#xa0;<b>abibhyasat</b> &#xa0;<b>abhyasiṣṭa</b> &#xa0;<b>bhyasiṣyati</b> &#xa0;<b>bhyasitā</b> &#xa0;<b>bābhyas-</b> &#xa0;<b>bibhyasiṣa-</b> &#xa0;<b>bhyāsaya-</b> &#xa0;]</p><p>
<i>derivatives: </i><b>-bhyasa</b> &#xa0;</p><p>
A derivative root-form, from &#x221a;<b>bhī</b> (through <b>bhiyas</b>?).</p></body>
</html>
