<!-- XHTML generated by dict script -->
<html>
<head>
<title>cakAs</title>
<META HTTP-EQUIV="Content-Type" CONTENT="text/html; charset=utf-8"/>
<!--link rel="stylesheet" href="/Sanskrit/whitney/dict.css" /-->
</head>
<body><p><a href="index.htm">Index</a></p>
<p><table width="100%"><tr><td align="center" width="50%">Previous: <b><a href="cak.htm">cak</a></b></td><td align="center" width="50%">Next: <b><a href="cakz.htm">cakṣ</a></b></td></tr></table></p><hr />

<h2>&#x221a;cakās<i> 'shine'</i></h2><p>
<i>present: </i>[2.] <b>cakāsti</b> &#xa0;<b>cakāsati</b> <i>etc. </i>&#xa0;<b>cakāśat</b> &#xa0;<b>cakāśete</b>? &#xa0;</p><p>
[<i>perfect: </i><b>cakāsāṃ</b> &#xa0;<b>cakāra</b> &#xa0;<b>acacakāsam</b> &#xa0;<b>acīcakāsam</b> &#xa0;]</p><p>
<i>secondary: </i><i>causative</i>: <b>cakāsayām</b> &#xa0;<b>āsatus</b> &#xa0;</p></body>
</html>
