<!-- XHTML generated by dict script -->
<html>
<head>
<title>cakz</title>
<META HTTP-EQUIV="Content-Type" CONTENT="text/html; charset=utf-8"/>
<!--link rel="stylesheet" href="/Sanskrit/whitney/dict.css" /-->
</head>
<body><p><a href="index.htm">Index</a></p>
<p><table width="100%"><tr><td align="center" width="50%">Previous: <b><a href="cakAs.htm">cakās</a></b></td><td align="center" width="50%">Next: <b><a href="caYc.htm">cañc</a></b></td></tr></table></p><hr />

<h2>&#x221a;cakṣ<i> 'see'</i></h2><p>
<i>present: </i>[2.] <b>cáṣṭe</b> &#xa0;<b>cákṣate</b> <i>etc. </i><sub>V.+ </sub>&#xa0;<b>cakṣi</b> &#xa0;<b>cakṣus</b> &#xa0; -- [1.] <b>cakṣate</b> &#xa0;<b>cakṣante</b> <i>etc. </i>&#xa0;<b>cakṣati</b> <i>etc. </i>&#xa0;</p><p>
<i>perfect: </i><b>cacakṣé</b> <i>etc. </i><sub>B.+ </sub>&#xa0;<b>cacákṣa</b> &#xa0;<b>acacakṣam</b> &#xa0;</p><p>
<i>verbal: </i><b>caṣṭum</b> &#xa0;<b>-cákṣya</b> <sub>V.+ </sub>&#xa0;<b>-cákṣe</b> &#xa0;<b>-cákṣi</b> &#xa0;<b>cákṣase</b> &#xa0;</p><p>
<i>secondary: </i><i>passive</i>: <b>cakṣyate</b> <i>etc. </i><sub>E.+ </sub>&#xa0; -- <i>causative</i>: <b>cakṣayati</b> <i>etc. </i>&#xa0;</p><p>
<i>derivatives: </i><b>-cakṣ</b> &#xa0;<b>-cakṣā</b> <sub>&#199;B. </sub>&#xa0;<b>-cakṣin</b> <sub>AVP. </sub>&#xa0;<b>cákṣya</b> <sub>V.B. </sub>&#xa0;<b>cákṣan</b> <sub>AV. </sub>&#xa0;<b>cákṣaṇa</b> <sub>V.+ </sub>&#xa0;<b>cakṣáṇi</b> <sub>RV. </sub>&#xa0;<b>cákṣas</b> <sub>V.B.S. </sub>&#xa0;<b>cákṣu</b> <sub>V.U. </sub>&#xa0;<b>cákṣus</b> <sub>V.+ </sub>&#xa0;</p></body>
</html>
