<!-- XHTML generated by dict script -->
<html>
<head>
<title>can</title>
<META HTTP-EQUIV="Content-Type" CONTENT="text/html; charset=utf-8"/>
<!--link rel="stylesheet" href="/Sanskrit/whitney/dict.css" /-->
</head>
<body><p><a href="index.htm">Index</a></p>
<p><table width="100%"><tr><td align="center" width="50%">Previous: <b><a href="cat.htm">cat</a></b></td><td align="center" width="50%">Next: <b><a href="cand.htm">cand</a></b></td></tr></table></p><hr />

<h2>&#x221a;can<i> 'be pleased'</i></h2><p>
<i>aorist: </i>[5.] <b>caniṣṭám</b> &#xa0;<b>cániṣṭhat</b>? &#xa0;</p><p>
<i>derivatives: </i><b>cánas</b> &#xa0;<b>cániṣṭha</b> <sub>RV. </sub>&#xa0;<b>cā́ru</b> <sub>V.+ </sub>&#xa0;</p><p>
Compare &#x221a;<b>kan</b>.  The form <b>cániṣṭhat</b> is plainly corrupt.</p></body>
</html>
