<!-- XHTML generated by dict script -->
<html>
<head>
<title>car</title>
<META HTTP-EQUIV="Content-Type" CONTENT="text/html; charset=utf-8"/>
<!--link rel="stylesheet" href="/Sanskrit/whitney/dict.css" /-->
</head>
<body><p><a href="index.htm">Index</a></p>
<p><table width="100%"><tr><td align="center" width="50%">Previous: <b><a href="cam.htm">cam</a></b></td><td align="center" width="50%">Next: <b><a href="carc.htm">carc</a></b></td></tr></table></p><hr />

<h2>&#x221a;car<i> 'move'</i></h2><p>
<i>present: </i>[1.] <b>cárati</b> &#xa0;<b>cárate</b> <i>etc. </i><sub>V.+ </sub>&#xa0;</p><p>
<i>perfect: </i><b>cacā́ra</b> &#xa0;<b>cacartha</b> &#xa0;<b>cerús</b> <i>etc. </i><sub>AV.+ </sub>&#xa0;<b>cere</b> &#xa0;</p><p>
<i>aorist: </i>[3.] <b>ácīcarat</b> <i>etc. </i><sub>AV.+ </sub>&#xa0; -- [4.] <b>acārṣam</b> &#xa0; -- [5.] <b>acārīt</b> <i>etc. </i>&#xa0;<b>cacārīt</b>? &#xa0;</p><p>
<i>future: </i>[1.] <b>cariṣyati</b> <i>etc. </i><sub>B.+ </sub>&#xa0;<b>cariṣyate</b> &#xa0;<b>acariṣyat</b> &#xa0; -- [2.] <b>caritā</b> &#xa0;</p><p>
<i>verbal: </i><b>caritá</b> <sub>V.+ </sub>&#xa0;<b>cīrṇa</b> <sub>U.+ </sub>&#xa0;<b>cáritum</b> <sub>B.+ </sub>&#xa0;<b>cáritave</b> &#xa0;<b>cáritavaí</b> &#xa0;<b>cáritos</b> &#xa0;<b>cartum</b> <sub>E.+ </sub>&#xa0;<b>caritvā́</b> <sub>B.+ </sub>&#xa0;<b>cartvā</b> &#xa0;<b>cīrtvā</b> &#xa0;<b>-cárya</b> <sub>B.+ </sub>&#xa0;<b>caráse</b> &#xa0;<b>carádhyai</b> &#xa0;<b>-cā́ram</b> &#xa0;</p><p>
<i>secondary: </i><i>passive</i>: <b>caryáte</b> <i>etc. </i><sub>B.+ </sub>&#xa0; -- <i>intensive</i>: <b>carcarīti</b> <i>etc. </i>&#xa0;<b>carcūryá-</b> <sub>V.+ </sub>&#xa0; -- <i>desiderative</i>: <b>cicariṣati</b> <i>etc. </i>&#xa0;<b>cicarṣati</b> &#xa0; -- <i>causative</i>: <b>cāráyati</b> &#xa0;<b>cāráyate</b> <i>etc. </i><sub>B.+ </sub>&#xa0;<b>cāryate</b> <sub>B.+ </sub>&#xa0;</p><p>
<i>derivatives: </i><b>cara</b> <sub>V.+ </sub>&#xa0;<b>carā́</b> <sub>RV. </sub>&#xa0;<b>cáraka</b> <sub>B.+ </sub>&#xa0;<b>-cárya</b> <sub>AV.+ </sub>&#xa0;<b>-caryā</b> <sub>S.+ </sub>&#xa0;<b>carátha</b> <sub>RV. </sub>&#xa0;<b>cáraṇa</b> <sub>V.+ </sub>&#xa0;<b>caráṇi</b> <sub>RV. </sub>&#xa0;<b>-caraṇīya</b> <sub>C. </sub>&#xa0;<b>-caréṇya</b> <sub>RV. </sub>&#xa0;<b>caritavya</b> <sub>B.+ </sub>&#xa0;<b>cartavya</b> <sub>E. </sub>&#xa0;<b>-caritṛ</b> <sub>U. </sub>&#xa0;<b>cartítra</b> <sub>V.+ </sub>&#xa0;<b>cariṣṇú</b> <sub>V.+ </sub>&#xa0;<b>-cárṣaṇa</b>? <sub>RV. </sub>&#xa0;<b>carṣaṇí</b> <sub>V.+ </sub>&#xa0;<b>cāra</b> <sub>AV.+ </sub>&#xa0;<b>cāraka</b> <sub>E.+ </sub>&#xa0;<b>cārin</b> <sub>V.+ </sub>&#xa0;<b>-cāryà</b> <sub>B.+ </sub>&#xa0;<b>cāraṇa</b> <sub>E.+ </sub>&#xa0;<b>cāraṇīya</b> <sub>C. </sub>&#xa0;<b>-cāruka</b> <sub>B. </sub>&#xa0;<b>céru</b> <sub>RV. </sub>&#xa0;<b>cacará</b> <sub>RV. </sub>&#xa0;<b>cárcara</b> <sub>RV.C. </sub>&#xa0;<b>carācará</b> <sub>V.B. </sub>&#xa0;<b>-cārayitavya</b> <sub>C. </sub>&#xa0;<b>-cārayitṛ</b> <sub>C. </sub>&#xa0;<b>cicariṣu</b> <sub>B. </sub>&#xa0;</p><p>
Compare &#x221a;<b>cal</b>.</p></body>
</html>
