<!-- XHTML generated by dict script -->
<html>
<head>
<title>carc</title>
<META HTTP-EQUIV="Content-Type" CONTENT="text/html; charset=utf-8"/>
<!--link rel="stylesheet" href="/Sanskrit/whitney/dict.css" /-->
</head>
<body><p><a href="index.htm">Index</a></p>
<p><table width="100%"><tr><td align="center" width="50%">Previous: <b><a href="car.htm">car</a></b></td><td align="center" width="50%">Next: <b><a href="carv.htm">carv</a></b></td></tr></table></p><hr />

<h2>&#x221a;carc<i> 'repeat'</i></h2><p>
<i>secondary: </i><i>causative</i>: <b>carcayati</b> &#xa0;<b>carcita</b> <sub>E.+ </sub>&#xa0;</p><p>
<i>derivatives: </i><b>carcā</b> &#xa0;<b>carcaka</b> <sub>C. </sub>&#xa0;<b>carcana</b> <sub>C. </sub>&#xa0;<b>-carci</b> <sub>S. </sub>&#xa0;<b>-carcī</b> <sub>C. </sub>&#xa0;</p><p>
Probably in reality a denominative of <b>carcā</b>, and this a frequentative formation, perhaps from &#x221a;<b>car</b>.</p></body>
</html>
