<!-- XHTML generated by dict script -->
<html>
<head>
<title>cat</title>
<META HTTP-EQUIV="Content-Type" CONTENT="text/html; charset=utf-8"/>
<!--link rel="stylesheet" href="/Sanskrit/whitney/dict.css" /-->
</head>
<body><p><a href="index.htm">Index</a></p>
<p><table width="100%"><tr><td align="center" width="50%">Previous: <b><a href="caw.htm">caṭ</a></b></td><td align="center" width="50%">Next: <b><a href="can.htm">can</a></b></td></tr></table></p><hr />

<h2>&#x221a;cat (?)<i> 'hide'</i></h2><p>
<i>present: </i>[1.] <b>cátant</b> &#xa0;</p><p>
[<i>perfect: </i><b>cacāta</b> &#xa0;<b>cete</b> &#xa0;]</p><p>
<i>aorist: </i>[3.] <b>acīcatam</b> &#xa0;<b>acīcate</b> &#xa0; -- [5.] <b>acatīt</b> &#xa0;<b>acatiṣṭa</b> &#xa0;</p><p>
[<i>future: </i><b>catiṣyati</b> &#xa0;<b>catiṣyate</b> &#xa0;<b>catitā</b> &#xa0;]</p><p>
<i>verbal: </i><b>cattá</b> &#xa0;</p><p>
<i>secondary: </i><i>causative</i>: <b>cātayati</b> &#xa0;<b>cātayate</b> &#xa0;</p><p>
<i>derivatives: </i><b>-cát</b> &#xa0;<b>catín</b> <sub>RV. </sub>&#xa0;<b>-cā́tana</b> <sub>V. </sub>&#xa0;<b>-catnuka</b>? <sub>AB. </sub>&#xa0;</p><p>
The words <b>cātaka</b> C., <b>catura</b> C., <b>cattra</b> or <b>cāttra</b> C. probably do not belong to this root.</p></body>
</html>
