<!-- XHTML generated by dict script -->
<html>
<head>
<title>caw</title>
<META HTTP-EQUIV="Content-Type" CONTENT="text/html; charset=utf-8"/>
<!--link rel="stylesheet" href="/Sanskrit/whitney/dict.css" /-->
</head>
<body><p><a href="index.htm">Index</a></p>
<p><table width="100%"><tr><td align="center" width="50%">Previous: <b><a href="caYc.htm">cañc</a></b></td><td align="center" width="50%">Next: <b><a href="cat.htm">cat</a></b></td></tr></table></p><hr />

<h2>&#x221a;caṭ (?)<i> 'go'</i></h2><p>
<i>present: </i>[1.] <b>caṭati</b> <i>etc. </i>&#xa0;</p><p>
<i>perfect: </i><b>cacāṭa</b> &#xa0;</p><p>
<i>verbal: </i><b>caṭita</b> &#xa0;</p><p>
<i>secondary: </i><i>causative</i>: <b>cāṭayati</b> <i>etc. </i>&#xa0;</p><p>
<i>derivatives: </i><b>-cāṭa</b> &#xa0;<b>-cāṭana</b> <sub>C. </sub>&#xa0;<b>-cāṭanīya</b> <sub>C. </sub>&#xa0;</p><p>
Also a late root, perhaps a form of <b>cat</b>; <b>caṭaka</b> E.+, <b>caṭu</b> C., <b>cāṭu</b> C. probably have nothing to do with it.</p></body>
</html>
