<!-- XHTML generated by dict script -->
<html>
<head>
<title>caYc</title>
<META HTTP-EQUIV="Content-Type" CONTENT="text/html; charset=utf-8"/>
<!--link rel="stylesheet" href="/Sanskrit/whitney/dict.css" /-->
</head>
<body><p><a href="index.htm">Index</a></p>
<p><table width="100%"><tr><td align="center" width="50%">Previous: <b><a href="cakz.htm">cakṣ</a></b></td><td align="center" width="50%">Next: <b><a href="caw.htm">caṭ</a></b></td></tr></table></p><hr />

<h2>&#x221a;cañc<i> 'dance'</i></h2><p>
<i>present: </i>[1.] <b>cañcati</b> &#xa0;</p><p>
A late and doubtless derivative root (perhaps from <b>cañcala</b>?).</p></body>
</html>
