<!-- XHTML generated by dict script -->
<html>
<head>
<title>Cfd</title>
<META HTTP-EQUIV="Content-Type" CONTENT="text/html; charset=utf-8"/>
<!--link rel="stylesheet" href="/Sanskrit/whitney/dict.css" /-->
</head>
<body><p><a href="index.htm">Index</a></p>
<p><table width="100%"><tr><td align="center" width="50%">Previous: <b><a href="Cur.htm">chur</a></b></td><td align="center" width="50%">Next: <b><a href="jakz.htm">jakṣ</a></b></td></tr></table></p><hr />

<h2>&#x221a;chṛd<i> 'spue, eject'</i></h2><p>
<i>present: </i>[7.] <b>chṛṇatti</b> <i>etc. </i>&#xa0;<b>chṛntte</b> &#xa0; -- [1.] <b>chardati</b> &#xa0;</p><p>
<i>perfect: </i><b>cacharda</b> &#xa0;<b>cacharde</b> &#xa0;</p><p>
[<i>aorist: </i><b>achṛdat</b> &#xa0;<b>acachardat</b> &#xa0;<b>acichṛdat</b> &#xa0;<b>achārdīt</b> &#xa0;<b>achṛtta</b> &#xa0;<b>chardiṣyati</b> &#xa0;<b>chardiṣyate</b> &#xa0;<b>chartstyati</b> &#xa0;<b>chartstyate</b> &#xa0;<b>charditā</b> &#xa0;]</p><p>
<i>verbal: </i><b>chṛṇṇá</b> &#xa0;<b>charditvā</b> &#xa0;<b>chṛttvā</b> &#xa0;</p><p>
<i>secondary: </i><i>intensive</i>: <b>carīchṛd-</b> &#xa0; -- <i>desiderative</i>: <b>cichardiṣa-</b> &#xa0;<b>cichṛtsa-</b> &#xa0; -- <i>causative</i>: <b>chardayati</b> &#xa0;<b>chardayate</b> <i>etc. </i><sub>B.+ </sub>&#xa0;<b>cichardayiṣa-</b> &#xa0;</p><p>
<i>derivatives: </i><b>chardana</b> <sub>S.+ </sub>&#xa0;<b>chardanīya</b> <sub>C. </sub>&#xa0;<b>chardi</b> <sub>S.+ </sub>&#xa0;<b>chardis</b> <sub>C. </sub>&#xa0;<b>chardayitavya</b> <sub>C. </sub>&#xa0;</p></body>
</html>
