<!-- XHTML generated by dict script -->
<html>
<head>
<title>Cid</title>
<META HTTP-EQUIV="Content-Type" CONTENT="text/html; charset=utf-8"/>
<!--link rel="stylesheet" href="/Sanskrit/whitney/dict.css" /-->
</head>
<body><p><a href="index.htm">Index</a></p>
<p><table width="100%"><tr><td align="center" width="50%">Previous: <b><a href="CA.htm">chā</a></b></td><td align="center" width="50%">Next: <b><a href="Cuw.htm">chuṭ</a></b></td></tr></table></p><hr />

<h2>&#x221a;chid<i> 'cut off'</i></h2><p>
<i>present: </i>[7.] <b>chinátti</b> &#xa0;<b>chindánti</b> <i>etc. </i><sub>V.+ </sub>&#xa0; -- <b>chindeta</b> &#xa0;<b>achinam</b> &#xa0;</p><p>
<i>perfect: </i><b>cicheda</b> &#xa0;<b>cichide</b> <i>etc. </i><sub>B.+ </sub>&#xa0;</p><p>
<i>aorist: </i>[1.] <b>chedma</b> &#xa0;<b>chidyāt</b> &#xa0;<b>áchedi</b> &#xa0; -- [2.] <b>achidat</b> <i>etc. </i><sub>AV.+ </sub>&#xa0; -- [3.] <b>acichidas</b> &#xa0; -- [4.] <b>achaitsīt</b> <i>etc. </i><sub>B.+ </sub>&#xa0;<b>chetsīt</b> <i>etc. </i>&#xa0;<b>chitsi</b> <i>etc. </i><sub>AV.+ </sub>&#xa0;<b>chetsi</b> <i>etc. </i>&#xa0;</p><p>
<i>future: </i>[1.] <b>chetsyati</b> &#xa0;<b>chetsyate</b> <i>etc. </i><sub>B.+ </sub>&#xa0;<b>achetsyat</b> &#xa0; -- [2.] <b>chettā</b> &#xa0;</p><p>
<i>verbal: </i><b>chinná</b> <sub>V.+ </sub>&#xa0;<b>chettum</b> <sub>B.+ </sub>&#xa0;<b>chetttavaí</b> &#xa0;<b>chittvā́</b> <sub>B.+ </sub>&#xa0;<b>-chídya</b> <sub>AV.+ </sub>&#xa0;</p><p>
<i>secondary: </i><i>passive</i>: <b>chidyáte</b> <i>etc. </i><sub>V.+ </sub>&#xa0;<b>chidyati</b> <i>etc. </i>&#xa0; -- <i>intensive</i>: <b>cechid-</b> &#xa0; -- <i>desiderative</i>: <b>cichitsati</b> &#xa0;<b>cichitsate</b> &#xa0; -- <i>causative</i>: <b>chedayati</b> <i>etc. </i><sub>S.+ </sub>&#xa0;</p><p>
<i>derivatives: </i><b>-chid</b> <sub>V.+ </sub>&#xa0;<b>chidā</b> <sub>C. </sub>&#xa0;<b>chidura</b> <sub>C. </sub>&#xa0;<b>-chitti</b> <sub>B.+ </sub>&#xa0;<b>chidrá</b> <sub>V.+ </sub>&#xa0;<b>cheda</b> <sub>AV.+ </sub>&#xa0;<b>-chedaka</b> <sub>C. </sub>&#xa0;<b>-chedin</b> <sub>E.+ </sub>&#xa0;<b>chedya</b> <sub>E.+ </sub>&#xa0;<b>chedana</b> <sub>B.+ </sub>&#xa0;<b>chedanīya</b> <sub>C. </sub>&#xa0;<b>chettavya</b> <sub>E.+ </sub>&#xa0;<b>chettṛ</b> <sub>B.+ </sub>&#xa0;<b>cichitsu</b> <sub>E. </sub>&#xa0;</p></body>
</html>
