<!-- XHTML generated by dict script -->
<html>
<head>
<title>cint</title>
<META HTTP-EQUIV="Content-Type" CONTENT="text/html; charset=utf-8"/>
<!--link rel="stylesheet" href="/Sanskrit/whitney/dict.css" /-->
</head>
<body><p><a href="index.htm">Index</a></p>
<p><table width="100%"><tr><td align="center" width="50%">Previous: <b><a href="cit.htm">cit</a></b></td><td align="center" width="50%">Next: <b><a href="cud.htm">cud</a></b></td></tr></table></p><hr />

<h2>&#x221a;cint<i> 'think'</i></h2><p>
<i>secondary: </i><i>causative</i>: <b>cintayati</b> <i>etc. </i>&#xa0;<b>cintayate</b> <i>etc. </i><sub>B.+ </sub>&#xa0;<b>cintyate</b> <i>etc. </i><sub>U.+ </sub>&#xa0;<b>cintayita</b> &#xa0;</p><p>
<i>derivatives: </i><b>cintā</b> <sub>E.+ </sub>&#xa0;<b>cintaka</b> <sub>E.+ </sub>&#xa0;<b>-cintin</b> <sub>C. </sub>&#xa0;<b>cintya</b> <sub>U.+ </sub>&#xa0;<b>cintana</b> <sub>E.+ </sub>&#xa0;<b>cintanīya</b> <sub>C. </sub>&#xa0;<b>-cintitṛ</b> <sub>E. </sub>&#xa0;<b>cintayitavya</b> <sub>C. </sub>&#xa0;</p><p>
Perhaps the denominative of a nasalized derivative of &#x221a;<b>cit</b>.</p></body>
</html>
