<!-- XHTML generated by dict script -->
<html>
<head>
<title>cit</title>
<META HTTP-EQUIV="Content-Type" CONTENT="text/html; charset=utf-8"/>
<!--link rel="stylesheet" href="/Sanskrit/whitney/dict.css" /-->
</head>
<body><p><a href="index.htm">Index</a></p>
<p><table width="100%"><tr><td align="center" width="50%">Previous: <b><a href="ci2.htm">ci2</a></b></td><td align="center" width="50%">Next: <b><a href="cint.htm">cint</a></b></td></tr></table></p><hr />

<h2>&#x221a;cit<i> 'perceive, know, appear'</i></h2><p>
<i>present: </i>[1.] <b>cétati</b> <i>etc. </i>&#xa0;<b>cétante</b> &#xa0;</p><p>
<i>perfect: </i><b>cikéta</b> &#xa0;<b>cikitus</b> <i>etc. </i>&#xa0;<b>cikité</b> &#xa0;<b>cikitré</b> <i>etc. </i>&#xa0;<b>cíketa</b> &#xa0;<b>cíketatia</b> <i>etc. </i>&#xa0;<b>cíketat</b> <i>etc. </i>&#xa0;<b>cikiddhi</b> &#xa0;<b>aciket</b> &#xa0;<b>acikitat</b> &#xa0;<b>cikitas</b> &#xa0;<b>cikitrire</b> &#xa0;<b>ciceta</b> &#xa0;</p><p>
<i>aorist: </i>[1.] <b>áceti</b> &#xa0;<b>céti</b> &#xa0;<b>cité</b>? &#xa0;<b>citántī</b>? &#xa0;<b>cítāna</b> &#xa0;<b>-cetāna</b> &#xa0; -- [3.] <b>acīcitat</b> &#xa0; -- [4.] <b>acait</b> &#xa0; -- [5.] <b>acetīt</b> &#xa0;</p><p>
[<i>future: </i><b>cetiṣyati</b> &#xa0;<b>cetitā</b> &#xa0;]</p><p>
<i>verbal: </i><b>cittá</b> <sub>V.+ </sub>&#xa0;<b>cité</b>? &#xa0;<b>citáye</b> &#xa0;<b>acíte</b> &#xa0;</p><p>
<i>secondary: </i><i>intensive</i>: <b>cékite</b> <i>etc. </i>&#xa0;<b>cékitat</b> &#xa0; -- <i>desiderative</i>: <b>cíkitsati</b> <i>etc. </i><sub>V.+ </sub>&#xa0;<b>cíkitsate</b> <sub>E.+ </sub>&#xa0;<b>acikitsīs</b> &#xa0;<b>cikitsyate</b> <i>etc. </i><sub>E.+ </sub>&#xa0; -- <i>causative</i>: <b>citáyati</b> <i>etc. </i>&#xa0;<b>citáyate</b> <i>etc. </i>&#xa0;<b>cetáyati</b> <i>etc. </i>&#xa0;<b>cetáyate</b> <i>etc. </i><sub>V.+ </sub>&#xa0;</p><p>
<i>derivatives: </i><b>kéta</b> <sub>V.+ </sub>&#xa0;<b>ketana</b> <sub>E.+ </sub>&#xa0;<b>ketú</b> <sub>V.+ </sub>&#xa0;<b>cít</b> <sub>V.+ </sub>&#xa0;<b>citi</b> <sub>C. </sub>&#xa0;<b>cítti</b> <sub>V.+ </sub>&#xa0;<b>cittí</b> <sub>RV. </sub>&#xa0;<b>citrá</b> <sub>V.+ </sub>&#xa0;<b>cétya</b> <sub>RV. </sub>&#xa0;<b>cétana</b> <sub>V. </sub>&#xa0;<b>cetanā</b> <sub>E.+ </sub>&#xa0;<b>cétas</b> <sub>V.+ </sub>&#xa0;<b>cétiṣṭha</b> <sub>V.B. </sub>&#xa0;<b>cetú</b> <sub>RV. </sub>&#xa0;<b>-cetúna</b> <sub>RV. </sub>&#xa0;<b>céttṛ</b> <sub>V.B. </sub>&#xa0;<b>cetyā́</b> <sub>RV. </sub>&#xa0;<b>cikít</b> <sub>RV. </sub>&#xa0;<b>cíkiti</b> <sub>SV. </sub>&#xa0;<b>cikitú</b> <sub>V. </sub>&#xa0;<b>cikitván</b> <sub>RV. </sub>&#xa0;<b>cikitvít</b> <sub>RV. </sub>&#xa0;<b>-ciketas</b> <sub>U. </sub>&#xa0;<b>cikita</b> <sub>S. </sub>&#xa0;<b>cikitsā</b> <sub>B.+ </sub>&#xa0;<b>cikitsaka</b> <sub>B.+ </sub>&#xa0;<b>cikitsya</b> <sub>E.+ </sub>&#xa0;<b>cikitsana</b> <sub>E.+ </sub>&#xa0;<b>-cikitsanīya</b> <sub>C. </sub>&#xa0;<b>cikitsú</b> <sub>AV.+ </sub>&#xa0;<b>cetayitavya</b> <sub>U.+ </sub>&#xa0;<b>cetayitṛ</b> <sub>B.+ </sub>&#xa0;</p><p>
Compare roots 2<b>ci</b> and <b>cint</b>.  The grammarians give two separate roots, <b>kit</b> and <b>cit</b>, each with full sets of forms - which are not all reported here.</p></body>
</html>
