<!-- XHTML generated by dict script -->
<html>
<head>
<title>culump</title>
<META HTTP-EQUIV="Content-Type" CONTENT="text/html; charset=utf-8"/>
<!--link rel="stylesheet" href="/Sanskrit/whitney/dict.css" /-->
</head>
<body><p><a href="index.htm">Index</a></p>
<p><table width="100%"><tr><td align="center" width="50%">Previous: <b><a href="cur.htm">cur</a></b></td><td align="center" width="50%">Next: <b><a href="cUz.htm">cūṣ</a></b></td></tr></table></p><hr />

<h2>&#x221a;culump<i> 'suck in'</i></h2><p>
A single occurrence of a form from this bastard root, with <b>ud</b>, is referred to in B&#246;htlingk's Lexicon, as found in the <b> mahāvīracarita</b>.</p></body>
</html>
