<!-- XHTML generated by dict script -->
<html>
<head>
<title>cumb</title>
<META HTTP-EQUIV="Content-Type" CONTENT="text/html; charset=utf-8"/>
<!--link rel="stylesheet" href="/Sanskrit/whitney/dict.css" /-->
</head>
<body><p><a href="index.htm">Index</a></p>
<p><table width="100%"><tr><td align="center" width="50%">Previous: <b><a href="cup.htm">cup</a></b></td><td align="center" width="50%">Next: <b><a href="cur.htm">cur</a></b></td></tr></table></p><hr />

<h2>&#x221a;cumb<i> 'kiss'</i></h2><p>
<i>present: </i>[1.] <b>cumbati</b> <i>etc. </i><sub>E.+ </sub>&#xa0;<b>cumbate</b> &#xa0;</p><p>
<i>perfect: </i><b>cucumba</b> <i>etc. </i><sub>E.+ </sub>&#xa0;</p><p>
[<i>aorist: </i><b>acumbīt</b> &#xa0;<b>cumbiṣyati</b> &#xa0;<b>cumbitā</b> &#xa0;]</p><p>
<i>verbal: </i><b>cumbita</b> &#xa0;<b>cumbitum</b> &#xa0;<b>-cumbya</b> &#xa0;</p><p>
<i>secondary: </i><i>passive</i>: <b>cumbyate</b> <i>etc. </i>&#xa0; -- <i>desiderative</i>: <b>cucumbiṣati</b> &#xa0; -- <i>causative</i>: <b>cumbayitum</b> &#xa0;</p><p>
<i>derivatives: </i><b>cumbā</b> &#xa0;<b>cumbaka</b> <sub>C. </sub>&#xa0;<b>cumbin</b> <sub>C. </sub>&#xa0;<b>cumbana</b> <sub>C. </sub>&#xa0;</p></body>
</html>
