<!-- XHTML generated by dict script -->
<html>
<head>
<title>cup</title>
<META HTTP-EQUIV="Content-Type" CONTENT="text/html; charset=utf-8"/>
<!--link rel="stylesheet" href="/Sanskrit/whitney/dict.css" /-->
</head>
<body><p><a href="index.htm">Index</a></p>
<p><table width="100%"><tr><td align="center" width="50%">Previous: <b><a href="cud.htm">cud</a></b></td><td align="center" width="50%">Next: <b><a href="cumb.htm">cumb</a></b></td></tr></table></p><hr />

<h2>&#x221a;cup<i> 'stir'</i></h2><p>
<i>present: </i>[1.] <b>copati</b> &#xa0;</p><p>
[<i>perfect: </i><b>cucopa</b> &#xa0;<b>acopīt</b> &#xa0;<b>copiṣyatī</b> &#xa0;<b>copitā</b> &#xa0;]</p><p>
<i>verbal: </i><b>cupita</b> &#xa0;</p><p>
<i>derivatives: </i><b>-cumpuna</b>? &#xa0;</p></body>
</html>
