<!-- XHTML generated by dict script -->
<html>
<head>
<title>cUz</title>
<META HTTP-EQUIV="Content-Type" CONTENT="text/html; charset=utf-8"/>
<!--link rel="stylesheet" href="/Sanskrit/whitney/dict.css" /-->
</head>
<body><p><a href="index.htm">Index</a></p>
<p><table width="100%"><tr><td align="center" width="50%">Previous: <b><a href="culump.htm">culump</a></b></td><td align="center" width="50%">Next: <b><a href="cft.htm">cṛt</a></b></td></tr></table></p><hr />

<h2>&#x221a;cūṣ<i> 'draw, suck'</i></h2><p>
[<i>present: </i><b>cūṣati</b> &#xa0;<b>cucūṣa</b> &#xa0;<b>acucūṣat</b> &#xa0;<b>acūṣīt</b> &#xa0;<b>cūṣiṣyati</b> &#xa0;<b>cūṣitā</b> &#xa0;]</p><p>
<i>secondary: </i><i>passive</i>: <b>cūṣyate</b> &#xa0; -- <i>causative</i>: <b>cūṣayati</b> &#xa0;</p><p>
<i>derivatives: </i><b>cūṣin</b> &#xa0;<b>cūṣya</b> <sub>E.+ </sub>&#xa0;<b>cūṣaṇa</b> <sub>C. </sub>&#xa0;<b>coṣa</b> <sub>C. </sub>&#xa0;<b>coṣya</b> <sub>E.+ </sub>&#xa0;<b>coṣaṇa</b> <sub>C. </sub>&#xa0;</p></body>
</html>
