<!-- XHTML generated by dict script -->
<html>
<head>
<title>cyu</title>
<META HTTP-EQUIV="Content-Type" CONTENT="text/html; charset=utf-8"/>
<!--link rel="stylesheet" href="/Sanskrit/whitney/dict.css" /-->
</head>
<body><p><a href="index.htm">Index</a></p>
<p><table width="100%"><tr><td align="center" width="50%">Previous: <b><a href="cezw.htm">ceṣṭ</a></b></td><td align="center" width="50%">Next: <b><a href="cyut.htm">cyut</a></b></td></tr></table></p><hr />

<h2>&#x221a;cyu<i> 'move, stir'</i></h2><p>
<i>present: </i>[1.] <b>cyávate</b> <i>etc. </i><sub>V.+ </sub>&#xa0;<b>cyávati</b> <i>etc. </i><sub>E.+ </sub>&#xa0;</p><p>
<i>perfect: </i><b>cucyuvé</b> &#xa0;<b>cicyuṣé</b> &#xa0;</p><p>
<i>aorist: </i>[1.] <b>cyávāna</b>? &#xa0; -- [3.] <b>acucyavat</b> &#xa0;<b>acucyavan</b> &#xa0;<b>acucyavus</b> &#xa0;<b>acucyavīt</b> &#xa0;<b>acucyavītana</b> &#xa0;<b>cucyavat</b> &#xa0;<b>cucyavīrata</b> &#xa0;<b>cucyuvīmáhi</b> &#xa0;<b>acicyavat</b> &#xa0; -- [4.] <b>acyoṣṭa</b> <i>etc. </i>&#xa0;</p><p>
<i>future: </i>[1.] <b>cyoṣyate</b> &#xa0; -- [2.] <b>cyotā</b> &#xa0;</p><p>
<i>verbal: </i><b>cyutá</b> <sub>V.+ </sub>&#xa0;<b>cyavitum</b> &#xa0;<b>cyótos</b> &#xa0;</p><p>
<i>secondary: </i><i>intensive</i>: <b>cocyu-</b> &#xa0; -- <i>desiderative</i>: <b>cucyūṣa-</b> &#xa0; -- <i>causative</i>: <b>cyāváyati</b> <i>etc. </i><sub>V.+ </sub>&#xa0;<b>cyāváyate</b> <i>etc. </i><sub>V.+ </sub>&#xa0;<b>cicyāvayiṣa-</b> &#xa0;<b>cucyāvayiṣa-</b> &#xa0;<b>cyavayati</b> &#xa0;</p><p>
<i>derivatives: </i><b>-cyava</b> <sub>V.+ </sub>&#xa0;<b>cyávana</b> <sub>V.+ </sub>&#xa0;<b>-cyávas</b> <sub>RV. </sub>&#xa0;<b>-cyavīyas</b> <sub>RV. </sub>&#xa0;<b>cyāva</b> <sub>E. </sub>&#xa0;<b>cyāvana</b> <sub>E.+ </sub>&#xa0;<b>-cyāvuka</b> <sub>B. </sub>&#xa0;<b>-cyut</b> <sub>V.+ </sub>&#xa0;<b>cyuti</b> <sub>V.+ </sub>&#xa0;<b>cyautná</b> <sub>RV. </sub>&#xa0;<b>cyāvayiṣṇú</b> <sub>AV. </sub>&#xa0;<b>cyāvayitavya</b> <sub>B. </sub>&#xa0;</p><p>
The RV. forms here grouped under the reduplicated aorist are of difficult and doubtful classification.</p></body>
</html>
