<!-- XHTML generated by dict script -->
<html>
<head>
<title>dA</title>
<META HTTP-EQUIV="Content-Type" CONTENT="text/html; charset=utf-8"/>
<!--link rel="stylesheet" href="/Sanskrit/whitney/dict.css" /-->
</head>
<body><p><a href="index.htm">Index</a></p>
<p><table width="100%"><tr><td align="center" width="50%">Previous: <b><a href="dah.htm">dah</a></b></td><td align="center" width="50%">Next: <b><a href="dA1.htm">dā1</a></b></td></tr></table></p><hr />

<h2>Choose a lemma:</h2><ol>
<li/><a href="dA1.htm">dā1</a><li/><a href="dA2.htm">dā2</a><li/><a href="dA3.htm">dā3</a><li/><a href="dA4.htm">dā4</a></ol>
</body>
</html>
