<!-- XHTML generated by dict script -->
<html>
<head>
<title>DA1</title>
<META HTTP-EQUIV="Content-Type" CONTENT="text/html; charset=utf-8"/>
<!--link rel="stylesheet" href="/Sanskrit/whitney/dict.css" /-->
</head>
<body><p><a href="index.htm">Index</a></p>
<p><table width="100%"><tr><td align="center" width="50%">Previous: <b><a href="DA.htm">dhā</a></b></td><td align="center" width="50%">Next: <b><a href="DAv.htm">dhāv</a></b></td></tr></table></p><hr />

<h2>&#x221a;dhā1<i> 'put'</i></h2><p>
<i>present: </i>[3.] <b>dádhati</b> &#xa0;<b>dhatté</b> <i>etc. </i><sub>V.+ </sub>&#xa0; -- [1.] <b>dádhati</b> &#xa0;<b>dádhate</b> <i>etc. </i><sub>V.+ </sub>&#xa0; -- [2.] <b>dhāti</b> &#xa0; -- [4.] <b>dhāyeta</b> &#xa0;<b>adhāyata</b> &#xa0;</p><p>
<i>perfect: </i><b>dadhaú</b> &#xa0;<b>dadhé</b> <i>etc. </i><sub>V.+ </sub>&#xa0;<b>dadhā́tha</b> &#xa0;<b>dadhidhvé</b> &#xa0;<b>dadhiṣvá</b> &#xa0;<b>dadhidhvam</b> &#xa0;<b>dadhre</b> &#xa0;</p><p>
<i>aorist: </i>[1.] <b>ádhāt</b> &#xa0;<b>adhus</b> <i>etc. </i><sub>V.+ </sub>&#xa0;<b>adhītām</b> &#xa0;<b>dheyām</b> &#xa0;<b>dheyus</b> &#xa0;<b>dheyāsus</b> &#xa0;<b>dhā́tu</b> <i>etc. </i>&#xa0;<b>dhetana</b> &#xa0;<b>adhithās</b> &#xa0;<b>adhita</b> <i>etc. </i><sub>V.+ </sub>&#xa0;<b>ahita</b> &#xa0;<b>hita</b> &#xa0;<b>adhīmahi</b> &#xa0;<b>dhāmahe</b> &#xa0;<b>dhiṣe</b> &#xa0;<b>dhiṣvá</b> &#xa0;<b>ádhāyi</b> &#xa0;<b>dhā́yi</b> <sub>V.+ </sub>&#xa0; -- [2.] <b>adhat</b> &#xa0;<b>dhat</b> &#xa0; -- [4.] <b>dhāsus</b> &#xa0;<b>dhāsathas</b> &#xa0;<b>dhāsatha</b> &#xa0;<b>adhiṣi</b> &#xa0;<b>adhiṣata</b> <sub>B.+ </sub>&#xa0;<b>dhiṣīya</b> &#xa0;<b>dheṣīya</b> &#xa0; -- [5.] <b>dhāyīs</b> &#xa0;</p><p>
<i>future: </i>[1.] <b>dhāsyati</b> &#xa0;<b>dhāsyate</b> <i>etc. </i><sub>B.+ </sub>&#xa0;<b>adhāsyat</b> &#xa0; -- [2.] <b>dhātā</b> <i>etc. </i>&#xa0;</p><p>
<i>verbal: </i><b>hitá</b> <sub>V.+ </sub>&#xa0;<b>-dhita</b> &#xa0;<b>dhā́tum</b> <sub>B.+ </sub>&#xa0;<b>dhā́tave</b> &#xa0;<b>dhā́tavaí</b> &#xa0;<b>dhā́tos</b> &#xa0;<b>-dhitum</b> &#xa0;<b>dhitvā́</b> &#xa0;<b>hitvā</b> &#xa0;<b>-dhā́ya</b> <sub>AV.+ </sub>&#xa0;<b>-dhā́m</b> &#xa0;<b>dhiyádhyai</b> &#xa0;<b>-dhāyam</b> &#xa0;</p><p>
<i>secondary: </i><i>passive</i>: <b>dhīyáte</b> <i>etc. </i><sub>V.+ </sub>&#xa0; -- <i>intensive</i>: <b>dedhīyate</b> &#xa0; -- <i>desiderative</i>: <b>dhítsati</b> <i>etc. </i><sub>V.+ </sub>&#xa0;<b>dhítsate</b> <i>etc. </i><sub>V.+ </sub>&#xa0;<b>dhitsyate</b> &#xa0;<b>dídhiṣati</b> <i>etc. </i>&#xa0;<b>dídhiṣate</b> <i>etc. </i>&#xa0;<b>dídhiṣāṇa</b> &#xa0; -- <i>causative</i>: <b>dhāpayati</b> <i>etc. </i><sub>V.+ </sub>&#xa0;<b>dhāpayīta</b> &#xa0;<b>dhāpyate</b> &#xa0;<b>adhitsiṣam</b> &#xa0;</p><p>
<i>derivatives: </i><b>-dha</b> <sub>V.+ </sub>&#xa0;<b>-dhā</b> <sub>V.+ </sub>&#xa0;<b>-dhā́na</b> <sub>V.+ </sub>&#xa0;<b>dhānā́</b>? <sub>V.+ </sub>&#xa0;<b>-dhānīya</b> <sub>C. </sub>&#xa0;<b>dhā́tu</b> <sub>V.+ </sub>&#xa0;<b>-dhātavya</b> <sub>B.+ </sub>&#xa0;<b>dhātṛ</b> <sub>V.+ </sub>&#xa0;<b>dhā́man</b> <sub>V.+ </sub>&#xa0;<b>dhāya</b> <sub>S. </sub>&#xa0;<b>-dhāyaka</b> <sub>C. </sub>&#xa0;<b>-dhāyin</b> <sub>C. </sub>&#xa0;<b>dhāyyà</b> <sub>B.S. </sub>&#xa0;<b>dhā́yu</b> <sub>RV. </sub>&#xa0;<b>dhāsí</b> <sub>RV. </sub>&#xa0;<b>-dhas</b> <sub>V.+ </sub>&#xa0;<b>-dhi</b> <sub>V.+ </sub>&#xa0;<b>-dhiti</b> <sub>V.B.S. </sub>&#xa0;<b>-hiti</b> <sub>V.+ </sub>&#xa0;<b>dheya</b> <sub>B.+ </sub>&#xa0;<b>-dhéya</b>  <font color="green">(n.)</font> <sub>V.+ </sub>&#xa0;<b>dhéṣṭha</b> <sub>V.B. </sub>&#xa0;<b>-dadha</b> <sub>B.S. </sub>&#xa0;<b>dádhi</b> <sub>V.B. </sub>&#xa0;<b>-dadhus</b> <sub>MS. </sub>&#xa0;<b>dadhiṣú</b> <sub>AV. </sub>&#xa0;<b>didhiṣú</b> <sub>V.+ </sub>&#xa0;<b>didhiṣā́yya</b> <sub>RV. </sub>&#xa0;<b>-dhitsā</b> <sub>E.+ </sub>&#xa0;<b>-dhitsu</b> <sub>S.+ </sub>&#xa0;<b>-dhāpana</b> <sub>S. </sub>&#xa0;<b>dhāpayitavya</b> <sub>C. </sub>&#xa0;</p></body>
</html>
