<!-- XHTML generated by dict script -->
<html>
<head>
<title>daG</title>
<META HTTP-EQUIV="Content-Type" CONTENT="text/html; charset=utf-8"/>
<!--link rel="stylesheet" href="/Sanskrit/whitney/dict.css" /-->
</head>
<body><p><a href="index.htm">Index</a></p>
<p><table width="100%"><tr><td align="center" width="50%">Previous: <b><a href="dakz.htm">dakṣ</a></b></td><td align="center" width="50%">Next: <b><a href="daNS.htm">daṅś</a></b></td></tr></table></p><hr />

<h2>&#x221a;dagh<i> 'reach to'</i></h2><p>
<i>present: </i>[5.] <b>daghnuyāt</b> &#xa0;</p><p>
<i>aorist: </i>[1.] <b>dhak</b> &#xa0; -- <b>daghat</b> &#xa0;</p><p>
<i>future: </i>[1.] <b>daghiṣyante</b> &#xa0;</p><p>
<i>verbal: </i><b>-dághas</b> &#xa0;<b>-dághos</b> &#xa0;</p><p>
<i>derivatives: </i><b>-dagh</b> &#xa0;<b>-daghna</b> <sub>V.+ </sub>&#xa0;<b>-daghvan</b> <sub>V.B. </sub>&#xa0;</p></body>
</html>
