<!-- XHTML generated by dict script -->
<html>
<head>
<title>Dam</title>
<META HTTP-EQUIV="Content-Type" CONTENT="text/html; charset=utf-8"/>
<!--link rel="stylesheet" href="/Sanskrit/whitney/dict.css" /-->
</head>
<body><p><a href="index.htm">Index</a></p>
<p><table width="100%"><tr><td align="center" width="50%">Previous: <b><a href="Danv.htm">dhanv</a></b></td><td align="center" width="50%">Next: <b><a href="Dav.htm">dhav</a></b></td></tr></table></p><hr />

<h2>&#x221a;dham<i> 'blow'</i></h2><p>
<i>present: </i>[1.] <b>dhámati</b> <i>etc. </i><sub>V.+ </sub>&#xa0;<b>dhámate</b> <i>etc. </i>&#xa0; -- [2.] <b>dhmānt</b> &#xa0;</p><p>
<i>perfect: </i><b>dadhmau</b> <i>etc. </i>&#xa0;<b>dadhmire</b> &#xa0;</p><p>
<i>aorist: </i>[1.] <b>dhmāyāt</b> &#xa0;<b>dhmeyāt</b> &#xa0;<b>adhmāyi</b> &#xa0; -- [6.] <b>adhmāsīt</b> &#xa0;</p><p>
<i>future: </i>[1.] <b>dhamiṣyati</b> <i>etc. </i><sub>E.+ </sub>&#xa0;<b>dhmāsyati</b> &#xa0; -- [2.] <b>dhmātā</b> &#xa0;</p><p>
<i>verbal: </i><b>dhamitá</b> &#xa0;<b>dhmātá</b> <sub>V.+ </sub>&#xa0;<b>-dhmā́ya</b> <sub>B.+ </sub>&#xa0;</p><p>
<i>secondary: </i><i>passive</i>: <b>dhamyate</b> <i>etc. </i><sub>V.+ </sub>&#xa0;<b>dhamyati</b> &#xa0;<b>dhmāyáte</b> <i>etc. </i><sub>B.+ </sub>&#xa0;<b>dhmāyáti</b> <i>etc. </i>&#xa0; -- <i>intensive</i>: <b>dādhmāyate</b> &#xa0;<b>dedhmīya-</b> &#xa0; -- <i>desiderative</i>: <b>didhmāsa-</b> &#xa0; -- <i>causative</i>: <b>dhmāpayati</b> <i>etc. </i><sub>E.+ </sub>&#xa0;<b>dhmāpyate</b> &#xa0;<b>adidhmapat</b> &#xa0;</p><p>
<i>derivatives: </i><b>-dhama</b> <sub>AV.+ </sub>&#xa0;<b>-dhamana</b> <sub>C. </sub>&#xa0;<b>dhamáni</b> <sub>V.+ </sub>&#xa0;<b>dhamitra</b> <sub>C. </sub>&#xa0;<b>-dhma</b> <sub>B.+ </sub>&#xa0;<b>-dhmā</b> <sub>B.+ </sub>&#xa0;<b>dhmā́na</b> <sub>AV.+ </sub>&#xa0;<b>-dhmānīya</b> <sub>C. </sub>&#xa0;<b>dhmātavya</b> <sub>C. </sub>&#xa0;<b>dhmātṛ</b> <sub>RV. </sub>&#xa0;<b>dhmāpana</b> <sub>C. </sub>&#xa0;</p></body>
</html>
