<!-- XHTML generated by dict script -->
<html>
<head>
<title>Dan</title>
<META HTTP-EQUIV="Content-Type" CONTENT="text/html; charset=utf-8"/>
<!--link rel="stylesheet" href="/Sanskrit/whitney/dict.css" /-->
</head>
<body><p><a href="index.htm">Index</a></p>
<p><table width="100%"><tr><td align="center" width="50%">Previous: <b><a href="dviz.htm">dviṣ</a></b></td><td align="center" width="50%">Next: <b><a href="Danv.htm">dhanv</a></b></td></tr></table></p><hr />

<h2>&#x221a;dhan<i> 'run'</i></h2><p>
[<i>present: </i>[3.] <b>dadhanti</b> &#xa0; -- [1.] <b>dhanati</b> &#xa0;]</p><p>
<i>perfect: </i><b>dadhánat</b> &#xa0;</p><p>
<i>secondary: </i><i>causative</i>: <b>dhanáyan</b> &#xa0;<b>dhanáyante</b> &#xa0;<b>dhanáyanta</b> &#xa0;</p><p>
<i>derivatives: </i><b>dhániṣṭha</b> &#xa0;</p><p>
Compare roots <b>dhanv</b>, <b>dhav</b>, <b>dhāv</b>, <b>dhū</b>.</p></body>
</html>
