<!-- XHTML generated by dict script -->
<html>
<head>
<title>dan</title>
<META HTTP-EQUIV="Content-Type" CONTENT="text/html; charset=utf-8"/>
<!--link rel="stylesheet" href="/Sanskrit/whitney/dict.css" /-->
</head>
<body><p><a href="index.htm">Index</a></p>
<p><table width="100%"><tr><td align="center" width="50%">Previous: <b><a href="daD.htm">dadh</a></b></td><td align="center" width="50%">Next: <b><a href="daB.htm">dabh</a></b></td></tr></table></p><hr />

<h2>&#x221a;dan (?)<i> 'straighten'</i></h2><p>
<i>present: </i><b>dán</b> &#xa0;<b>dánas</b> &#xa0;</p><p>
Very doubtful forms.</p></body>
</html>
