<!-- XHTML generated by dict script -->
<html>
<head>
<title>daNs</title>
<META HTTP-EQUIV="Content-Type" CONTENT="text/html; charset=utf-8"/>
<!--link rel="stylesheet" href="/Sanskrit/whitney/dict.css" /-->
</head>
<body><p><a href="index.htm">Index</a></p>
<p><table width="100%"><tr><td align="center" width="50%">Previous: <b><a href="daNS.htm">daṅś</a></b></td><td align="center" width="50%">Next: <b><a href="dad.htm">dad</a></b></td></tr></table></p><hr />

<h2>&#x221a;daṅs<i> 'be wondrous'</i></h2><p>
<i>secondary: </i><i>causative</i>: <b>daṅsáyas</b> &#xa0;</p><p>
<i>derivatives: </i><b>-dáṅsa</b> &#xa0;<b>daṅsána</b> <sub>RV.S. </sub>&#xa0;<b>daṅsánā</b> <sub>RV.S. </sub>&#xa0;<b>dáṅsas</b> <sub>V.B. </sub>&#xa0;<b>dáṅsiṣṭha</b> <sub>RV. </sub>&#xa0;<b>dáṅsu</b> <sub>RV. </sub>&#xa0;<b>dasmánt</b> <sub>RV. </sub>&#xa0;<b>dasmá</b> <sub>V. </sub>&#xa0;<b>dasrá</b> <sub>V.+ </sub>&#xa0;</p></body>
</html>
