<!-- XHTML generated by dict script -->
<html>
<head>
<title>daNS</title>
<META HTTP-EQUIV="Content-Type" CONTENT="text/html; charset=utf-8"/>
<!--link rel="stylesheet" href="/Sanskrit/whitney/dict.css" /-->
</head>
<body><p><a href="index.htm">Index</a></p>
<p><table width="100%"><tr><td align="center" width="50%">Previous: <b><a href="daG.htm">dagh</a></b></td><td align="center" width="50%">Next: <b><a href="daNs.htm">daṅs</a></b></td></tr></table></p><hr />

<h2>&#x221a;daṅś<i> 'bite'</i></h2><p>
<i>present: </i>[1.] <b>dáśati</b> <i>etc. </i><sub>V.+ </sub>&#xa0;<b>dáśate</b> <i>etc. </i><sub>E.+ </sub>&#xa0; -- <b>daṅśati</b> &#xa0;</p><p>
<i>perfect: </i><b>dadaṅśus</b> &#xa0;<b>dadaśvā́ṅs</b> &#xa0;</p><p>
[<i>aorist: </i><b>daśyāt</b> &#xa0;<b>adadaṅśat</b> &#xa0;<b>adāṅkṣīt</b> &#xa0;]</p><p>
<i>future: </i>[1.] <b>daśiṣyati</b> &#xa0;<b>daṅkṣyati</b> &#xa0; -- [2.] <b>daṅṣṭā</b> &#xa0;</p><p>
<i>verbal: </i><b>daṣṭá</b> <sub>AV.+ </sub>&#xa0;<b>daṅṣṭvā</b> &#xa0;<b>-daśya</b> &#xa0;</p><p>
<i>secondary: </i><b>daṣyate</b> <i>etc. </i>&#xa0; -- <i>intensive</i>: <b>dándaśāna</b> &#xa0;<b>dandaśayitvā</b> &#xa0; -- <i>desiderative</i>: <b>didaṅkṣa-</b> &#xa0; -- <i>causative</i>: <b>daṅśayati</b> <i>etc. </i><sub>S.+ </sub>&#xa0;<b>daṅśita</b> <sub>E.+ </sub>&#xa0;</p><p>
<i>derivatives: </i><b>daṅśa</b> <sub>AV.+ </sub>&#xa0;<b>daṅśaka</b> <sub>C. </sub>&#xa0;<b>-daṅśin</b> <sub>AV. </sub>&#xa0;<b>daṅśana</b> <sub>E.+ </sub>&#xa0;<b>dáṅśuka</b> <sub>B. </sub>&#xa0;<b>daṅṣṭṛ́</b> <sub>AV. </sub>&#xa0;<b>dáṅṣṭra</b> <sub>V.+ </sub>&#xa0;<b>dáṅṣṭrā</b> <sub>V.+ </sub>&#xa0;<b>dáṅśman</b> <sub>AV.S. </sub>&#xa0;<b>daṅkṣṇú</b> <sub>B. </sub>&#xa0;<b>daśā</b>? <sub>B.+ </sub>&#xa0;<b>daśana</b> <sub>E.+ </sub>&#xa0;</p></body>
</html>
