<!-- XHTML generated by dict script -->
<html>
<head>
<title>DAv2</title>
<META HTTP-EQUIV="Content-Type" CONTENT="text/html; charset=utf-8"/>
<!--link rel="stylesheet" href="/Sanskrit/whitney/dict.css" /-->
</head>
<body><p><a href="index.htm">Index</a></p>
<p><table width="100%"><tr><td align="center" width="50%">Previous: <b><a href="DAv1.htm">dhāv1</a></b></td><td align="center" width="50%">Next: <b><a href="Di.htm">dhi</a></b></td></tr></table></p><hr />

<h2>&#x221a;dhāv2<i> 'rinse'</i></h2><p>
<i>present: </i>[1.] <b>dhā́vati</b> <i>etc. </i>&#xa0;<b>dhā́vate</b> <i>etc. </i><sub>V.+ </sub>&#xa0;</p><p>
<i>perfect: </i><b>dadhāva</b> &#xa0;<b>dadhāvire</b> &#xa0;</p><p>
<i>aorist: </i>[5.] <b>adhāviṣṭa</b>  <font color="green">(3s.)</font> &#xa0;</p><p>
<i>verbal: </i><b>dhautá</b> <sub>SV.+ </sub>&#xa0;<b>dhautvā</b>? &#xa0;<b>-dhāvya</b> &#xa0;</p><p>
<i>secondary: </i><i>passive</i>: <b>dhāvyate</b> &#xa0; -- <i>causative</i>: <b>dhāvayati</b> <i>etc. </i>&#xa0;<b>dhāvayate</b> <i>etc. </i><sub>B.+ </sub>&#xa0;</p><p>
<i>derivatives: </i><b>dhāva</b> &#xa0;<b>dhāvaka</b> <sub>E. </sub>&#xa0;<b>-dhāvin</b> <sub>C. </sub>&#xa0;<b>dhā́vana</b> <sub>B.+ </sub>&#xa0;<b>dhautí</b> <sub>RV. </sub>&#xa0;<b>dhā́rā</b>? <sub>V.+ </sub>&#xa0;</p><p>
Perhaps rather related with &#x221a;<b>dhū</b> than with &#x221a;1<b>dhāv</b>.</p></body>
</html>
