<!-- XHTML generated by dict script -->
<html>
<head>
<title>day</title>
<META HTTP-EQUIV="Content-Type" CONTENT="text/html; charset=utf-8"/>
<!--link rel="stylesheet" href="/Sanskrit/whitney/dict.css" /-->
</head>
<body><p><a href="index.htm">Index</a></p>
<p><table width="100%"><tr><td align="center" width="50%">Previous: <b><a href="damB.htm">dambh</a></b></td><td align="center" width="50%">Next: <b><a href="daridrA.htm">daridrā</a></b></td></tr></table></p><hr />

<h2>&#x221a;day<i> 'share'</i></h2><p>
<i>present: </i>[1.] <b>dáyate</b> <i>etc. </i><sub>V.+ </sub>&#xa0;<b>dayāmasi</b> &#xa0;</p><p>
<i>perfect: </i><b>dayām</b> &#xa0;<b>āsa</b> &#xa0;</p><p>
[<i>aorist: </i><b>adayiṣṭa</b> &#xa0;<b>dayiṣyate</b> &#xa0;<b>dayitā</b> &#xa0;]</p><p>
<i>verbal: </i><b>dayita</b> <sub>E.+ </sub>&#xa0;</p><p>
<i>secondary: </i><i>intensive</i>: <b>dandayya-</b> &#xa0;<b>dādayya-</b> &#xa0; -- <i>causative</i>: <b>dayayet</b> &#xa0;</p><p>
<i>derivatives: </i><b>dayā́</b> <sub>V.+ </sub>&#xa0;<b>dayitnu</b> <sub>S. </sub>&#xa0;</p><p>
A secondary form of &#x221a;2<b>dā</b> 'divide', from which it is hardly worth separating.</p></body>
</html>
