<!-- XHTML generated by dict script -->
<html>
<head>
<title>Df</title>
<META HTTP-EQUIV="Content-Type" CONTENT="text/html; charset=utf-8"/>
<!--link rel="stylesheet" href="/Sanskrit/whitney/dict.css" /-->
</head>
<body><p><a href="index.htm">Index</a></p>
<p><table width="100%"><tr><td align="center" width="50%">Previous: <b><a href="DUrv.htm">dhūrv</a></b></td><td align="center" width="50%">Next: <b><a href="Dfz.htm">dhṛṣ</a></b></td></tr></table></p><hr />

<h2>&#x221a;dhṛ<i> 'hold'</i></h2><p>
<i>present: </i>[1.] <b>dhareran</b> &#xa0;<b>adhāram</b> &#xa0;</p><p>
<i>perfect: </i><b>dadhāra</b> <i>etc. </i>&#xa0;<b>dadhartha</b> &#xa0;<b>dādhā́ra</b> &#xa0;<b>dādhártha</b> &#xa0;<b>dadhré</b> <i>etc. </i><sub>V.+ </sub>&#xa0;</p><p>
<i>aorist: </i>[1.] <b>dhṛthās</b> &#xa0;<b>adhāri</b> &#xa0; -- [3.] <b>ádīdharat</b> <i>etc. </i>&#xa0;<b>dīdhar</b> &#xa0;<b>didhṛtam</b> &#xa0;<b>didhṛtá</b> &#xa0;<b>didhṛtam</b>  <font color="green">(3s.)</font> &#xa0; -- [4.] <b>adhārṣīt</b> &#xa0;</p><p>
<i>future: </i>[1.] <b>dhariṣyati</b> <i>etc. </i><sub>E.+ </sub>&#xa0;<b>dhariṣyate</b> <i>etc. </i><sub>AV.+ </sub>&#xa0; -- [2.] <b>dhartā</b> &#xa0;</p><p>
<i>verbal: </i><b>dhṛtá</b> <sub>V.+ </sub>&#xa0;<b>dhartum</b> &#xa0;<b>dhartavai</b> &#xa0;<b>dhṛtvā́</b> <sub>B.+ </sub>&#xa0;<b>-dhṛtya</b> &#xa0;<b>dhartári</b> &#xa0;<b>-dhāram</b> &#xa0;</p><p>
<i>secondary: </i><i>passive</i>: <b>dhriyáte</b> <i>etc. </i><sub>V.+ </sub>&#xa0;<b>dhriyáti</b> <i>etc. </i><sub>E.+ </sub>&#xa0; -- <i>intensive</i>: <b>dardharṣi</b> &#xa0;<b>adardhar</b> &#xa0;<b>dādharti</b> &#xa0;<b>dadhartu</b>? &#xa0;<b>dādhārayati</b> &#xa0; -- <i>desiderative</i>: <b>didhīrṣa-</b> &#xa0;<b>didhariṣate</b> &#xa0; -- <i>causative</i>: <b>dhāráyati</b> &#xa0;<b>dhāráyate</b> <i>etc. </i><sub>V.+ </sub>&#xa0;<b>dhāryáte</b> <sub>B.+ </sub>&#xa0;<b>didhārayiṣa-</b> &#xa0;</p><p>
<i>derivatives: </i><b>dhára</b> <sub>V.+ </sub>&#xa0;<b>dháraṇa</b> <sub>AV.+ </sub>&#xa0;<b>-dharaṇīya</b> <sub>C. </sub>&#xa0;<b>dharaṇi</b> <sub>E.+ </sub>&#xa0;<b>dharúṇa</b> <sub>V.B. </sub>&#xa0;<b>-dhártu</b> <sub>RV. </sub>&#xa0;<b>-dhárītu</b> <sub>RV. </sub>&#xa0;<b>dhartṛ́</b> <sub>V.B. </sub>&#xa0;<b>dhartrá</b> <sub>B.S. </sub>&#xa0;<b>dháritṛ</b> <sub>B.+ </sub>&#xa0;<b>dharṇasí</b> <sub>V.B. </sub>&#xa0;<b>dharṇí</b> <sub>RV. </sub>&#xa0;<b>dharmán</b> <sub>RV. </sub>&#xa0;<b>dhárman</b> <sub>V.+ </sub>&#xa0;<b>dhárma</b> <sub>AV.+ </sub>&#xa0;<b>dhariman</b> <sub>C. </sub>&#xa0;<b>dhárīman</b> <sub>RV. </sub>&#xa0;<b>dhárīyas</b> <sub>B.S. </sub>&#xa0;<b>-dhā́ra</b> <sub>V.+ </sub>&#xa0;<b>dhā́raka</b> <sub>B.+ </sub>&#xa0;<b>dharin</b> <sub>U.S.+ </sub>&#xa0;<b>dhārya</b> <sub>E.+ </sub>&#xa0;<b>dhā́raṇa</b> <sub>V.+ </sub>&#xa0;<b>-dhāraṇīya</b> <sub>C. </sub>&#xa0;<b>-dhāri</b> <sub>C. </sub>&#xa0;<b>dhīra</b> <sub>E.+ </sub>&#xa0;<b>dhúr</b> <sub>V.+ </sub>&#xa0;<b>dhura</b> <sub>E.+ </sub>&#xa0;<b>-dhṛt</b> <sub>V.+ </sub>&#xa0;<b>-dhṛk</b> <sub>E.+ </sub>&#xa0;<b>dhṛ́ti</b> <sub>V.+ </sub>&#xa0;<b>-dhṛtvan</b> <sub>B. </sub>&#xa0;<b>-dhra</b> <sub>V.+ </sub>&#xa0;<b>-dhri</b>? <sub>V.+ </sub>&#xa0;<b>dhruvá</b> <sub>V.+ </sub>&#xa0;<b>dhruvás</b> <sub>RV. </sub>&#xa0;<b>dhruví</b> <sub>V.B. </sub>&#xa0;<b>dā́dhṛvi</b> <sub>RV. </sub>&#xa0;<b>dṛdhrá</b>? <sub>RV. </sub>&#xa0;<b>didhīrṣā</b> <sub>C. </sub>&#xa0;<b>-didhīrṣu</b> <sub>C. </sub>&#xa0;<b>-dhāraya</b> <sub>V.+ </sub>&#xa0;<b>dhārayú</b> <sub>RV. </sub>&#xa0;<b>dhārayitavya</b> <sub>U.+ </sub>&#xa0;<b>dhārayitṛ</b> <sub>B.+ </sub>&#xa0;<b>dhārayiṣṇu</b> <sub>C. </sub>&#xa0;<b>-didhārayiṣā</b> <sub>C. </sub>&#xa0;</p></body>
</html>
