<!-- XHTML generated by dict script -->
<html>
<head>
<title>dfS</title>
<META HTTP-EQUIV="Content-Type" CONTENT="text/html; charset=utf-8"/>
<!--link rel="stylesheet" href="/Sanskrit/whitney/dict.css" /-->
</head>
<body><p><a href="index.htm">Index</a></p>
<p><table width="100%"><tr><td align="center" width="50%">Previous: <b><a href="dfB.htm">dṛbh</a></b></td><td align="center" width="50%">Next: <b><a href="dfh.htm">dṛh</a></b></td></tr></table></p><hr />

<h2>&#x221a;dṛś<i> 'see'</i></h2><p>
<i>present: </i>[4.] <b>paśyati</b> <i>etc. </i>&#xa0;</p><p>
<i>perfect: </i><b>dadárśa</b> &#xa0;<b>dadṛśé</b> <i>etc. </i><sub>V.+ </sub>&#xa0;<b>dádṛśe</b> &#xa0;<b>dadṛśrām</b> &#xa0;<b>dadṛśrire</b> &#xa0;<b>dadṛśivāṅs</b> &#xa0;<b>darśivāṅs</b> <sub>E.+ </sub>&#xa0;<b>dadarśitha</b> &#xa0;<b>dadraṣṭha</b> &#xa0;</p><p>
<i>aorist: </i>[1.] <b>adarśam</b> <i>etc. </i><sub>B.+ </sub>&#xa0;<b>adarśma</b> &#xa0;<b>adṛśma</b> &#xa0;<b>adarśus</b> &#xa0;<b>adarśas</b> &#xa0;<b>adarśat</b> &#xa0;<b>darśati</b> <i>etc. </i>&#xa0;<b>dárśat</b> <i>etc. </i>&#xa0;<b>ádṛśran</b> &#xa0;<b>adṛśram</b> &#xa0;<b>ádarśi</b> &#xa0;<b>dárśi</b> &#xa0; -- [2.] <b>dṛśan</b> &#xa0;<b>ádṛśan</b> &#xa0;<b>dṛśéyam</b> <i>etc. </i>&#xa0; -- [3.] <b>adīdṛśat</b> <i>etc. </i><sub>B.+ </sub>&#xa0;<b>adadarśat</b> &#xa0; -- [4.] <b>adrākṣīt</b> <i>etc. </i><sub>B.+ </sub>&#xa0;<b>ádrāk</b> &#xa0;<b>adṛkṣata</b> &#xa0;<b>dṛ́kṣase</b> &#xa0;<b>drakṣīran</b> &#xa0; -- [7.] <b>dṛkṣam</b> &#xa0;</p><p>
<i>future: </i>[1.] <b>drakṣyáti</b> <i>etc. </i><sub>B.+ </sub>&#xa0;<b>drakṣyáte</b> <i>etc. </i><sub>E.+ </sub>&#xa0; -- [2.] <b>draṣṭā</b> <i>etc. </i>&#xa0;</p><p>
<i>verbal: </i><b>dṛṣṭá</b> <sub>V.+ </sub>&#xa0;<b>dráṣṭum</b> <sub>AV.+ </sub>&#xa0;<b>dṛṣṭvā́</b> <sub>AV.+ </sub>&#xa0;<b>dṛṣṭvā́ya</b> &#xa0;<b>-dṛ́śya</b> <sub>V.+ </sub>&#xa0;<b>dṛśé</b> &#xa0;<b>dṛśáye</b> &#xa0;<b>-darśam</b> &#xa0;</p><p>
<i>secondary: </i><i>passive</i>: <b>dṛśyáte</b> <i>etc. </i><sub>V.+ </sub>&#xa0;<b>dṛśyáti</b> <i>etc. </i><sub>E.+ </sub>&#xa0; -- <i>intensive</i>: <b>darīdṛśyate</b> &#xa0;<b>dardṛś-</b> &#xa0; -- <i>desiderative</i>: <b>dídarśayiṣa-</b> <sub>S.+ </sub>&#xa0;</p><p>
<i>derivatives: </i><b>dárśa</b> <sub>V.+ </sub>&#xa0;<b>darśá</b> <sub>AV.+ </sub>&#xa0;<b>darśaka</b> <sub>E.+ </sub>&#xa0;<b>-darśin</b> <sub>E.+ </sub>&#xa0;<b>dárśya</b> <sub>RV. </sub>&#xa0;<b>darśatá</b> <sub>V.B. </sub>&#xa0;<b>dárśana</b> <sub>V.+ </sub>&#xa0;<b>darśanī́ya</b> <sub>B.+ </sub>&#xa0;<b>dṛ́ś</b> <sub>V.+ </sub>&#xa0;<b>-dṛ́śa</b> <sub>V.+ </sub>&#xa0;<b>dṛ́śya</b> <sub>V.+ </sub>&#xa0;<b>dṛśatí</b> <sub>RV. </sub>&#xa0;<b>dṛśí</b> <sub>V.+ </sub>&#xa0;<b>dṛśīka</b> <sub>V. </sub>&#xa0;<b>dṛśīkú</b> <sub>B.S. </sub>&#xa0;<b>dṛśénya</b> <sub>RV. </sub>&#xa0;<b>dṛ́ṣṭi</b> <sub>V.+ </sub>&#xa0;<b>-dṛśna</b> <sub>TS. </sub>&#xa0;<b>-dṛśvan</b> <sub>C. </sub>&#xa0;<b>-dṛkṣa</b> <sub>B.+ </sub>&#xa0;<b>draṣṭavyà</b> <sub>B.+ </sub>&#xa0;<b>draṣṭṛ́</b> <sub>AV.+ </sub>&#xa0;<b>-dreśya</b> <sub>U. </sub>&#xa0;<b>didṛkṣā</b> <sub>E.+ </sub>&#xa0;<b>didṛ́kṣu</b> <sub>V.+ </sub>&#xa0;<b>didṛkṣéya</b> <sub>RV. </sub>&#xa0;<b>didṛkṣéṇya</b> <sub>V.B. </sub>&#xa0;<b>darśayitṛ</b> <sub>E.+ </sub>&#xa0;</p></body>
</html>
