<!-- XHTML generated by dict script -->
<html>
<head>
<title>DmA</title>
<META HTTP-EQUIV="Content-Type" CONTENT="text/html; charset=utf-8"/>
<!--link rel="stylesheet" href="/Sanskrit/whitney/dict.css" /-->
</head>
<body><p><a href="index.htm">Index</a></p>
<p><table width="100%"><tr><td align="center" width="50%">Previous: <b><a href="Dfz.htm">dhṛṣ</a></b></td><td align="center" width="50%">Next: <b><a href="DyA.htm">dhyā</a></b></td></tr></table></p><hr />

<h2>&#x221a;dhmā</h2><p>
<i>see </i><b><a href="Dam.htm">dham</a></b></p></body>
</html>
