<!-- XHTML generated by dict script -->
<html>
<head>
<title>Draj</title>
<META HTTP-EQUIV="Content-Type" CONTENT="text/html; charset=utf-8"/>
<!--link rel="stylesheet" href="/Sanskrit/whitney/dict.css" /-->
</head>
<body><p><a href="index.htm">Index</a></p>
<p><table width="100%"><tr><td align="center" width="50%">Previous: <b><a href="DyA.htm">dhyā</a></b></td><td align="center" width="50%">Next: <b><a href="DrAj.htm">dhrāj</a></b></td></tr></table></p><hr />

<h2>&#x221a;dhraj<i> 'sweep'</i></h2><p>
<i>present: </i>[1.] <b>dhrájati</b> <i>etc. </i>&#xa0;<b>dhrā́jamāna</b> &#xa0;</p><p>
<i>aorist: </i>[5.] <b>dhrājiṣīya</b> &#xa0;</p><p>
<i>derivatives: </i><b>-dhrajati</b> &#xa0;<b>dhrájas</b> <sub>RV. </sub>&#xa0;<b>dhráji-</b> <sub>RV. </sub>&#xa0;<b>dhrā́j</b> <sub>MS. </sub>&#xa0;<b>dhrājá</b> <sub>MS. </sub>&#xa0;<b>dhrā́ji</b> <sub>V.B. </sub>&#xa0;<b>dhrājí</b> <sub>MS. </sub>&#xa0;</p></body>
</html>
