<!-- XHTML generated by dict script -->
<html>
<head>
<title>drAq</title>
<META HTTP-EQUIV="Content-Type" CONTENT="text/html; charset=utf-8"/>
<!--link rel="stylesheet" href="/Sanskrit/whitney/dict.css" /-->
</head>
<body><p><a href="index.htm">Index</a></p>
<p><table width="100%"><tr><td align="center" width="50%">Previous: <b><a href="drA2.htm">drā2</a></b></td><td align="center" width="50%">Next: <b><a href="dru.htm">dru</a></b></td></tr></table></p><hr />

<h2>&#x221a;drāḍ<i> 'split'</i></h2><p>
A single doubtful occurrence, <b>uddrāḍayan</b> C.</p></body>
</html>
