<!-- XHTML generated by dict script -->
<html>
<head>
<title>drU</title>
<META HTTP-EQUIV="Content-Type" CONTENT="text/html; charset=utf-8"/>
<!--link rel="stylesheet" href="/Sanskrit/whitney/dict.css" /-->
</head>
<body><p><a href="index.htm">Index</a></p>
<p><table width="100%"><tr><td align="center" width="50%">Previous: <b><a href="druh.htm">druh</a></b></td><td align="center" width="50%">Next: <b><a href="dvar.htm">dvar</a></b></td></tr></table></p><hr />

<h2>&#x221a;drū (?)<i> 'hurl'</i></h2><p>
<i>present: </i>[9.] <b>drūṇāti</b> &#xa0;<b>drūṇāná</b> &#xa0;</p><p>
Only two occurrences, of which that in MS. does not appear connectible with &#x221a;<b>dru</b>.</p></body>
</html>
