<!-- XHTML generated by dict script -->
<html>
<head>
<title>dru</title>
<META HTTP-EQUIV="Content-Type" CONTENT="text/html; charset=utf-8"/>
<!--link rel="stylesheet" href="/Sanskrit/whitney/dict.css" /-->
</head>
<body><p><a href="index.htm">Index</a></p>
<p><table width="100%"><tr><td align="center" width="50%">Previous: <b><a href="drAq.htm">drāḍ</a></b></td><td align="center" width="50%">Next: <b><a href="druh.htm">druh</a></b></td></tr></table></p><hr />

<h2>&#x221a;dru<i> 'run'</i></h2><p>
<i>present: </i>[1.] <b>drávati</b> <i>etc. </i><sub>V.+ </sub>&#xa0;<b>drávate</b> <i>etc. </i><sub>E.+ </sub>&#xa0;</p><p>
<i>perfect: </i><b>dudrāva</b> <i>etc. </i><sub>B.+ </sub>&#xa0;<b>dudrotha</b> &#xa0;<b>dudruma</b> &#xa0;<b>dudruve</b> <i>etc. </i>&#xa0;</p><p>
<i>aorist: </i>[1.] <b>drūyāt</b> &#xa0;<b>adrāvi</b> &#xa0; -- [3.] <b>adudruvat</b> <sub>B.+ </sub>&#xa0;<b>adudrot</b> &#xa0;<b>dudrávat</b> &#xa0;<b>adudravat</b> &#xa0;<b>adidravat</b> &#xa0;</p><p>
<i>future: </i>[1.] <b>droṣyati</b> &#xa0; -- [2.] <b>drotā</b> &#xa0;</p><p>
<i>verbal: </i><b>drutá</b> <sub>B.+ </sub>&#xa0;<b>drotum</b> &#xa0;<b>drutvā́</b> &#xa0;<b>-drútya</b> <sub>B.+ </sub>&#xa0;</p><p>
<i>secondary: </i><i>intensive</i>: <b>dodru-</b> &#xa0;<b>dodrāva</b> &#xa0; -- <i>desiderative</i>: <b>dudrūṣa-</b> &#xa0; -- <i>causative</i>: <b>drāváyati</b> <i>etc. </i><sub>V.+ </sub>&#xa0;<b>drāváyate</b> <i>etc. </i>&#xa0;<b>drāvyate</b> &#xa0;<b>dravayanta</b> &#xa0;</p><p>
<i>derivatives: </i><b>dravá</b> <sub>V.+ </sub>&#xa0;<b>dravya</b>? <sub>U.S.+ </sub>&#xa0;<b>drávaṇa</b> <sub>B.+ </sub>&#xa0;<b>dravará</b> <sub>RV. </sub>&#xa0;<b>draví</b> <sub>RV. </sub>&#xa0;<b>dravitṛ́</b> <sub>RV. </sub>&#xa0;<b>dravitnú</b> <sub>V. </sub>&#xa0;<b>dráviṇa</b> <i>etc. </i><sub>V.+ </sub>&#xa0;<b>-drāva</b> <sub>VS. </sub>&#xa0;<b>-drāvin</b> <sub>S.+ </sub>&#xa0;<b>-drāvya</b> <sub>E. </sub>&#xa0;<b>drāvaṇa</b> <sub>E.+ </sub>&#xa0;<b>-dru</b> <sub>V.+ </sub>&#xa0;<b>druti</b> <sub>C. </sub>&#xa0;<b>drāvayitnú</b> <sub>RV. </sub>&#xa0;</p></body>
</html>
