<!-- XHTML generated by dict script -->
<html>
<head>
<title>dU</title>
<META HTTP-EQUIV="Content-Type" CONTENT="text/html; charset=utf-8"/>
<!--link rel="stylesheet" href="/Sanskrit/whitney/dict.css" /-->
</head>
<body><p><a href="index.htm">Index</a></p>
<p><table width="100%"><tr><td align="center" width="50%">Previous: <b><a href="duh.htm">duh</a></b></td><td align="center" width="50%">Next: <b><a href="df.htm">dṛ</a></b></td></tr></table></p><hr />

<h2>&#x221a;dū</h2><p>
<i>see </i><b><a href="du.htm">du</a></b></p><p>
Another root <b>dū</b> seems inferable from the derivatives:</p><b>dáviṣṭha</b> <sub>V. </sub>&#xa0;<b>dávīyas</b> <sub>V.B. </sub>&#xa0;<b>dūtá</b> <sub>V.+ </sub>&#xa0;<b>dūrá</b> <sub>V.+ </sub>&#xa0;<b>dū́r</b>? <sub>&#199;B. </sub>&#xa0;</body>
</html>
