<!-- XHTML generated by dict script -->
<html>
<head>
<title>duz</title>
<META HTTP-EQUIV="Content-Type" CONTENT="text/html; charset=utf-8"/>
<!--link rel="stylesheet" href="/Sanskrit/whitney/dict.css" /-->
</head>
<body><p><a href="index.htm">Index</a></p>
<p><table width="100%"><tr><td align="center" width="50%">Previous: <b><a href="dul.htm">dul</a></b></td><td align="center" width="50%">Next: <b><a href="duh.htm">duh</a></b></td></tr></table></p><hr />

<h2>&#x221a;duṣ<i> 'spoil'</i></h2><p>
<i>present: </i>[4.] <b>duṣyati</b> <i>etc. </i><sub>B.+ </sub>&#xa0;<b>duṣyate</b> <i>etc. </i><sub>E.+ </sub>&#xa0;<b>dūṣyant</b> &#xa0;</p><p>
[<i>perfect: </i><b>dudoṣa</b> &#xa0;]</p><p>
<i>aorist: </i>[2.] <b>duṣat</b> &#xa0; -- [3.] <b>adūduṣat</b> <i>etc. </i>&#xa0; -- [5.] <b>doṣiṣṭam</b> &#xa0;</p><p>
[<i>future: </i><b>dokṣyati</b> &#xa0;<b>doṣṭā</b> &#xa0;]</p><p>
<i>verbal: </i><b>duṣṭa</b> <sub>S.+ </sub>&#xa0;</p><p>
<i>secondary: </i><i>intensive</i>: <b>doduṣ-</b> &#xa0; -- <i>desiderative</i>: <b>dudikṣa-</b> &#xa0; -- <i>causative</i>: <b>dūṣayati</b> <i>etc. </i><sub>V.+ </sub>&#xa0;<b>dūṣayate</b> <i>etc. </i><sub>E.+ </sub>&#xa0;<b>dūṣyate</b> <i>etc. </i><sub>E.+ </sub>&#xa0;<b>doṣayati</b> &#xa0;</p><p>
<i>derivatives: </i><b>dus-</b> <sub>V.+ </sub>&#xa0;<b>dúṣṭi</b> <sub>AV.C. </sub>&#xa0;<b>dūṣa</b> <sub>E.+ </sub>&#xa0;<b>dūṣaka</b> <sub>E.+ </sub>&#xa0;<b>dūṣin</b> <sub>E.+ </sub>&#xa0;<b>dūṣya</b> <sub>E.+ </sub>&#xa0;<b>dū́ṣaṇa</b> <sub>AV.+ </sub>&#xa0;<b>dū́ṣi</b> <sub>AV. </sub>&#xa0;<b>doṣa</b> <sub>U.S.+ </sub>&#xa0;<b>doṣā́</b> <sub>V.+ </sub>&#xa0;<b>doṣin</b> <sub>C. </sub>&#xa0;<b>doṣya</b> <sub>MS. </sub>&#xa0;<b>doṣás</b> <sub>AV. </sub>&#xa0;<b>-dūṣayitṛ</b> <sub>C. </sub>&#xa0;</p></body>
</html>
