<!-- XHTML generated by dict script -->
<html>
<head>
<title>Dvf</title>
<META HTTP-EQUIV="Content-Type" CONTENT="text/html; charset=utf-8"/>
<!--link rel="stylesheet" href="/Sanskrit/whitney/dict.css" /-->
</head>
<body><p><a href="index.htm">Index</a></p>
<p><table width="100%"><tr><td align="center" width="50%">Previous: <b><a href="Dvas.htm">dhvas</a></b></td><td align="center" width="50%">Next: <b><a href="nakz.htm">nakṣ</a></b></td></tr></table></p><hr />

<h2>&#x221a;dhvṛ<i> 'injure'</i></h2><p>
<i>present: </i>[1.] <b>dhvárati</b> <i>etc. </i>&#xa0;</p><p>
[<i>perfect: </i><b>dadhvāra</b> &#xa0;]</p><p>
<i>aorist: </i>[4.] <b>adhvārṣīt</b> &#xa0;<b>ádhūrṣata</b> &#xa0;<b>dhvṛṣīṣṭa</b> &#xa0; -- [5.] <b>dhvariṣīṣṭa</b> &#xa0;</p><p>
[<i>future: </i><b>dhvariṣyati</b> &#xa0;<b>dhvartā</b> &#xa0;]</p><p>
<i>verbal: </i><b>dhūrta</b> <sub>E.+ </sub>&#xa0;<b>dhruta</b> &#xa0;<b>dhū́rvane</b> &#xa0;</p><p>
<i>secondary: </i><i>intensive</i>: <b>dādhvarya-</b> &#xa0; -- <i>desiderative</i>: <b>dúdhūrṣati</b> <i>etc. </i>&#xa0; -- <i>causative</i>: <b>dhvārayati</b> &#xa0;</p><p>
<i>derivatives: </i><b>dhúr</b> &#xa0;<b>dhūrtí</b> <sub>RV.MS. </sub>&#xa0;<b>-dhoraṇa</b>? <sub>C. </sub>&#xa0;<b>-dhru</b>? <sub>RV. </sub>&#xa0;<b>-dhrut</b> <sub>RV. </sub>&#xa0;<b>dhrúti</b> <sub>RV. </sub>&#xa0;<b>dhvarā́</b> <sub>MS. </sub>&#xa0;<b>dhvarás</b> <sub>RV. </sub>&#xa0;<b>-dhvartavya</b> <sub>TS. </sub>&#xa0;<b>-dhvṛt</b> <sub>RV. </sub>&#xa0;</p><p>
Compare &#x221a;<b>dhūrv</b>, which is a secondary form (<b>u</b>-class) of this root.</p></body>
</html>
