<!-- XHTML generated by dict script -->
<html>
<head>
<title>DyA</title>
<META HTTP-EQUIV="Content-Type" CONTENT="text/html; charset=utf-8"/>
<!--link rel="stylesheet" href="/Sanskrit/whitney/dict.css" /-->
</head>
<body><p><a href="index.htm">Index</a></p>
<p><table width="100%"><tr><td align="center" width="50%">Previous: <b><a href="DmA.htm">dhmā</a></b></td><td align="center" width="50%">Next: <b><a href="Draj.htm">dhraj</a></b></td></tr></table></p><hr />

<h2>&#x221a;dhyā<i> 'think'</i></h2><p>
<i>present: </i>[4.] <b>dhyā́yati</b> <i>etc. </i><sub>B.+ </sub>&#xa0;<b>dhyā́yate</b> <i>etc. </i><sub>E.+ </sub>&#xa0;<b>dhyāyīta</b> &#xa0; -- [2.] <b>dhyāti</b> <i>etc. </i><sub>B.+ </sub>&#xa0;<b>dhyāyāt</b> &#xa0;</p><p>
<i>perfect: </i><b>dadhyau</b> <i>etc. </i><sub>B.+ </sub>&#xa0;</p><p>
<i>aorist: </i>[4.] <b>dhyāsus</b> &#xa0; -- [6.] <b>ádhyāsiṣam</b> &#xa0;</p><p>
<i>future: </i>[1.] <b>dhyāsyati</b> &#xa0; -- [2.] <b>dhyātā</b> &#xa0;</p><p>
<i>verbal: </i><b>dhyāta</b> <sub>B.+ </sub>&#xa0;<b>dhyātvā</b> <sub>B.+ </sub>&#xa0;<b>-dhyāya</b> <sub>E.+ </sub>&#xa0;<b>dhyāyam</b> &#xa0;</p><p>
<i>secondary: </i><i>passive</i>: <b>dhyāyate</b> &#xa0; -- <i>intensive</i>: <b>dādhyā-</b> &#xa0; -- <i>desiderative</i>: <b>didhyāsate</b> &#xa0; -- <i>causative</i>: <b>dhyāpayati</b> &#xa0;</p><p>
<i>derivatives: </i><b>dhyā́</b> <sub>V.+ </sub>&#xa0;<b>-dhyāyin</b> <sub>B.+ </sub>&#xa0;<b>dhyāna</b> <sub>U.+ </sub>&#xa0;<b>dhyātavya</b> <sub>C. </sub>&#xa0;<b>dhyātṛ</b> <sub>C. </sub>&#xa0;<b>dhyeya</b> <sub>E.+ </sub>&#xa0;<b>-didhyāsana</b> <sub>C. </sub>&#xa0;<b>-didhyāsitavyà</b> <sub>B. </sub>&#xa0;<b>-didhyāsu</b> <sub>C. </sub>&#xa0;</p><p>
Compare &#x221a;<b>dhī</b>, of which this is a later secondary form.</p></body>
</html>
