<!-- XHTML generated by dict script -->
<html>
<head>
<title>dyu</title>
<META HTTP-EQUIV="Content-Type" CONTENT="text/html; charset=utf-8"/>
<!--link rel="stylesheet" href="/Sanskrit/whitney/dict.css" /-->
</head>
<body><p><a href="index.htm">Index</a></p>
<p><table width="100%"><tr><td align="center" width="50%">Previous: <b><a href="dev.htm">dev</a></b></td><td align="center" width="50%">Next: <b><a href="dyut.htm">dyut</a></b></td></tr></table></p><hr />

<h2>&#x221a;dyu<i> 'attack'</i></h2><p>
<b> sāyaṇa</b> has once <b>pra dyauti</b>, apparently an artificial formation, on the authority of occurrence of a root <b>dyu</b> in the <b> dhātupāṭha</b>.</p></body>
</html>
