<!-- XHTML generated by dict script -->
<html>
<head>
<title>f</title>
<META HTTP-EQUIV="Content-Type" CONTENT="text/html; charset=utf-8"/>
<!--link rel="stylesheet" href="/Sanskrit/whitney/dict.css" /-->
</head>
<body><p><a href="index.htm">Index</a></p>
<p><table width="100%"><tr><td align="center" width="50%">Previous: <b><a href="Uh2.htm">ūh2</a></b></td><td align="center" width="50%">Next: <b><a href="fc.htm">ṛc</a></b></td></tr></table></p><hr />

<h2>&#x221a;ṛ<i> 'go, send'</i></h2><p>
<i>present: </i>[6.] <b>ṛcháti</b> <i>etc. </i><sub>V.+ </sub>&#xa0;<b>ṛcháte</b> <i>etc. </i>&#xa0;<b>archati</b> <i>etc. </i>&#xa0; -- [3.] <b>íyarti</b> <i>etc. </i>&#xa0;<b>iyárṣi</b> &#xa0; -- [5.] <b>ṛṇóti</b> <i>etc. </i>&#xa0;<b>ṛṇve</b> <i>etc. </i>&#xa0; -- <b>ṛṇváti</b> <i>etc. </i>&#xa0; -- [6.] <b>rante</b> &#xa0;<b>ranta</b> &#xa0;<b>rántī</b>? &#xa0; -- [9.] <b>ṛṇāti</b> &#xa0; -- [2.] <b>árti</b> &#xa0;</p><p>
<i>perfect: </i><b>āra</b> &#xa0;<b>ā́ritha</b> &#xa0;<b>ārús</b> <i>etc. </i><sub>V.+ </sub>&#xa0;<b>ānarchat</b> &#xa0; -- <b>arāṃ</b> &#xa0;<b>cakāra</b> &#xa0;</p><p>
<i>aorist: </i>[1.] <b>ārta</b> &#xa0;<b>ārata</b> <i>etc. </i>&#xa0;<b>aryāt</b> &#xa0;<b>arīta</b> &#xa0;<b>arāṇá</b> &#xa0; -- [2.] <b>ā́rat</b> <i>etc. </i>&#xa0;<b>aranta</b> &#xa0;<b>arāmahi</b> &#xa0; -- [4.] <b>ārṣīt</b> &#xa0;</p><p>
<i>future: </i>[1.] <b>ariṣyati</b> &#xa0; -- </p><p>
<i>verbal: </i><b>ṛtá</b> <sub>V.+ </sub>&#xa0;<b>arṇa</b> &#xa0;<b>ártos</b> &#xa0;<b>-ṛtvā́</b> &#xa0;<b>-ṛ́tya</b> &#xa0;<b>-ā́ram</b> &#xa0;</p><p>
<i>secondary: </i><i>passive</i>: <b>aryate</b> &#xa0; -- <b>álarti</b> <i>etc. </i>&#xa0; -- <i>desiderative</i>: <b>aririṣa-</b> &#xa0; -- <i>causative</i>: <b>arpáyati</b> <i>etc. </i><sub>V.+ </sub>&#xa0;<b>arpáyate</b> &#xa0;<b>arpipam</b> &#xa0;<b>arpayitā</b> &#xa0;<b>arpitá</b> &#xa0;<b>árpita</b> <sub>V.+ </sub>&#xa0;<b>-árpya</b> <sub>V.+ </sub>&#xa0;<b>arpyate</b> &#xa0;</p><p>
<i>derivatives: </i><b>ará</b> &#xa0;<b>ára</b> <sub>V.+ </sub>&#xa0;<b>aryá</b> &#xa0;<b>árya</b> <sub>V.B.S. </sub>&#xa0;<b>áraṇa</b> <sub>V.+ </sub>&#xa0;<b>aráṇi</b> <sub>V.+ </sub>&#xa0;<b>aratí</b> <sub>RV. </sub>&#xa0;<b>aráru</b> <sub>V.B. </sub>&#xa0;<b>arí</b> <sub>V.+ </sub>&#xa0;<b>aritṛ́</b> <sub>RV. </sub>&#xa0;<b>arítra</b> &#xa0;<b>áritra</b> <sub>V.+ </sub>&#xa0;<b>árṇa</b> <sub>V.+ </sub>&#xa0;<b>árṇas</b> <sub>RV. </sub>&#xa0;<b>ártha</b> <sub>V.+ </sub>&#xa0;<b>-arman</b> &#xa0;<b>árma</b> <sub>V.+ </sub>&#xa0;<b>árvan</b> &#xa0;<b>-arva</b> <sub>V.+ </sub>&#xa0;<b>árvant</b> <sub>V.B. </sub>&#xa0;<b>ārá</b> <sub>V.+ </sub>&#xa0;<b>-ārin</b> <sub>B. </sub>&#xa0;<b>ā́ruka</b> <sub>TA. </sub>&#xa0;<b>ā́rya</b> <sub>V.+ </sub>&#xa0;<b>iras-</b> <sub>RV. </sub>&#xa0;<b>íriṇa</b> <sub>V.+ </sub>&#xa0;<b>írya</b> <sub>V. </sub>&#xa0;<b>-ṛchā</b> <sub>U.+ </sub>&#xa0;<b>ṛtí</b> &#xa0;<b>ṛ́ti</b> <sub>V.+ </sub>&#xa0;<b>ṛtú</b> <sub>V.+ </sub>&#xa0;<b>-ṛtha</b> <sub>V. </sub>&#xa0;<b>ṛṇá</b> <sub>V.+ </sub>&#xa0;<b>rátha</b> <sub>V.+ </sub>&#xa0;<b>-arpaka</b> <sub>C. </sub>&#xa0;<b>-arpya</b> <sub>C. </sub>&#xa0;<b>árpaṇa</b> <sub>V.+ </sub>&#xa0;<b>arpaṇīya</b> <sub>C. </sub>&#xa0;<b>-arpitṛ</b> <sub>E.+ </sub>&#xa0;<b>-arpayitṛ́</b> <sub>&#199;B. </sub>&#xa0;<b>-arpayitavya</b> <sub>C. </sub>&#xa0;</p></body>
</html>
