<!-- XHTML generated by dict script -->
<html>
<head>
<title>fd</title>
<META HTTP-EQUIV="Content-Type" CONTENT="text/html; charset=utf-8"/>
<!--link rel="stylesheet" href="/Sanskrit/whitney/dict.css" /-->
</head>
<body><p><a href="index.htm">Index</a></p>
<p><table width="100%"><tr><td align="center" width="50%">Previous: <b><a href="ft.htm">ṛt</a></b></td><td align="center" width="50%">Next: <b><a href="fD.htm">ṛdh</a></b></td></tr></table></p><hr />

<h2>&#x221a;ṛd<i> 'stir, dissolve'</i></h2><p>
<i>present: </i>[6.] <b>ṛdantu</b> &#xa0;<b>ā́rdan</b> &#xa0; -- [1.] <b>árdati</b> <i>etc. </i><sub>AV.+ </sub>&#xa0; -- <b>ṛṇatti</b> &#xa0;</p><p>
[<i>perfect: </i><b>ānarda</b> &#xa0;<b>ārdidat</b> &#xa0;<b>ārdīt</b> &#xa0;<b>ardiṣyati</b> &#xa0;<b>arditā</b> &#xa0;]</p><p>
<i>verbal: </i><b>arṇṇa</b>? &#xa0;</p><p>
<i>secondary: </i><i>desiderative</i>: <b>ardidiṣa-</b> &#xa0; -- <i>causative</i>: <b>ardáyati</b> <i>etc. </i><sub>V.+ </sub>&#xa0;</p><p>
<i>derivatives: </i><b>-ardaka</b> &#xa0;<b>-ardin</b> <sub>C. </sub>&#xa0;<b>ardana</b> <sub>E.+ </sub>&#xa0;</p><p>
Of perplexing variety of meanings.</p></body>
</html>
