<!-- XHTML generated by dict script -->
<html>
<head>
<title>fj</title>
<META HTTP-EQUIV="Content-Type" CONTENT="text/html; charset=utf-8"/>
<!--link rel="stylesheet" href="/Sanskrit/whitney/dict.css" /-->
</head>
<body><p><a href="index.htm">Index</a></p>
<p><table width="100%"><tr><td align="center" width="50%">Previous: <b><a href="fC.htm">ṛch</a></b></td><td align="center" width="50%">Next: <b><a href="fj2.htm">ṛj2</a></b></td></tr></table></p><hr />

<h2>&#x221a;ṛj<i> 'direct, stretch, attain'</i></h2><p>
<i>present: </i>[7.] <b>ṛñjate</b>  <font color="green">(3p.)</font> &#xa0; -- [6.] <b>ṛñjáti</b> &#xa0;<b>ṛñjáte</b> <i>etc. </i>&#xa0; -- [4.] <b>ṛ́jyant</b> &#xa0;<b>ṛjyate</b> &#xa0; -- <b>ṛñjase</b>  <font color="green">(1s.)</font> &#xa0;<b>ṛñjasāná</b> &#xa0; -- [1.] <b>árjati</b> &#xa0;</p><p>
<i>perfect: </i><b>ānarjus</b> &#xa0;<b>ānṝjús</b> &#xa0;</p><p>
<i>aorist: </i>[3.] <b>ārjijat</b> &#xa0; -- <b>ārjiṣṭa</b> &#xa0;</p><p>
[<i>future: </i><b>arjiṣyati</b> &#xa0;<b>arjitā</b> &#xa0;]</p><p>
<i>verbal: </i><b>ṛñjáse</b> &#xa0;</p><p>
<i>secondary: </i><b>rjyate</b> &#xa0; -- <i>desiderative</i>: <b>arjijiṣa-</b> &#xa0; -- <i>causative</i>: <b>arjayati</b> &#xa0;<b>arjayate</b> <i>etc. </i>&#xa0;</p><p>
<i>derivatives: </i><b>arjaka</b> &#xa0;<b>-arjya</b> <sub>C. </sub>&#xa0;<b>arjana</b> <sub>E.+ </sub>&#xa0;<b>arjanīya</b> <sub>C. </sub>&#xa0;<b>-arjayitṛ</b> <sub>C. </sub>&#xa0;<b>ṛjipyá</b> <sub>RV. </sub>&#xa0;<b>ṛjíśvan</b> <sub>RV. </sub>&#xa0;<b>ṛjīpín</b> <sub>RV. </sub>&#xa0;<b>ṛjīṣá</b> <sub>RV. </sub>&#xa0;<b>ṛjūnas</b> <sub>RV. </sub>&#xa0;<b>-ṛṅga</b> <sub>RV. </sub>&#xa0;<b>ṛjīyas</b> <sub>V. </sub>&#xa0;<b>ṛjú</b> <sub>V.+ </sub>&#xa0;<b>ráji</b> <sub>RV. </sub>&#xa0;<b>rájiṣṭha</b> <sub>RV.B. </sub>&#xa0;<b>rajīyas</b> <sub>JB. </sub>&#xa0;<b>rāji</b> <sub>AV.+ </sub>&#xa0;</p><p>
It seems impossible to divide these forms (generally distributed to two different roots) from one another.  The root has three well-marked stages of develoment: <b>ṛj</b> or <b>ṛñj</b> in Rv., <b>arj</b> in Brah., and <b>arjaya</b> in the later languge.  Compare also &#x221a;<b>rāj</b>, probably a derivative from it.  With it is related, further, the anomalously formed stem <b>irajya</b> (<b>irajyáti</b> -<b>te</b> etc. RV., and <b>irajyú</b> RV.), 'direct, rule'.</p></body>
</html>
