<!-- XHTML generated by dict script -->
<html>
<head>
<title>fj2</title>
<META HTTP-EQUIV="Content-Type" CONTENT="text/html; charset=utf-8"/>
<!--link rel="stylesheet" href="/Sanskrit/whitney/dict.css" /-->
</head>
<body><p><a href="index.htm">Index</a></p>
<p><table width="100%"><tr><td align="center" width="50%">Previous: <b><a href="fj.htm">ṛj</a></b></td><td align="center" width="50%">Next: <b><a href="fYj.htm">ṛñj</a></b></td></tr></table></p><hr />

<h2>&#x221a;ṛj2<i> 'shine'</i></h2><p>
Ingerable from the derivatives:</p><b>árjuna</b> <sub>V.+ </sub>&#xa0;<b>-ṛjīká</b> <sub>V. </sub>&#xa0;<b>ṛ́jīti</b> <sub>RV. </sub>&#xa0;<b>ṛjrá</b> <sub>RV. </sub>&#xa0;</body>
</html>
