<!-- XHTML generated by dict script -->
<html>
<head>
<title>garj</title>
<META HTTP-EQUIV="Content-Type" CONTENT="text/html; charset=utf-8"/>
<!--link rel="stylesheet" href="/Sanskrit/whitney/dict.css" /-->
</head>
<body><p><a href="index.htm">Index</a></p>
<p><table width="100%"><tr><td align="center" width="50%">Previous: <b><a href="gam.htm">gam</a></b></td><td align="center" width="50%">Next: <b><a href="gard.htm">gard</a></b></td></tr></table></p><hr />

<h2>&#x221a;garj<i> 'roar'</i></h2><p>
<i>present: </i>[1.] <b>garjati</b> <i>etc. </i><sub>E.+ </sub>&#xa0;<b>garjate</b> <i>etc. </i><sub>E.+ </sub>&#xa0;</p><p>
<i>perfect: </i><b>jagarja</b> <i>etc. </i><sub>E.+ </sub>&#xa0;</p><p>
[<i>aorist: </i><b>agarjīt</b> &#xa0;<b>garjiṣyati</b> &#xa0;<b>garjitā</b> &#xa0;]</p><p>
<i>verbal: </i><b>garjita</b> <sub>E.+ </sub>&#xa0;<b>garjitvā</b> &#xa0;<b>-garjya</b> &#xa0;</p><p>
<i>derivatives: </i><b>garja</b> &#xa0;<b>-garjin</b> <sub>C. </sub>&#xa0;<b>garjana</b> <sub>E.+ </sub>&#xa0;<b>garji</b> <sub>C. </sub>&#xa0;</p></body>
</html>
