<!-- XHTML generated by dict script -->
<html>
<head>
<title>gfD</title>
<META HTTP-EQUIV="Content-Type" CONTENT="text/html; charset=utf-8"/>
<!--link rel="stylesheet" href="/Sanskrit/whitney/dict.css" /-->
</head>
<body><p><a href="index.htm">Index</a></p>
<p><table width="100%"><tr><td align="center" width="50%">Previous: <b><a href="gf3.htm">gṛ3</a></b></td><td align="center" width="50%">Next: <b><a href="graT.htm">grath</a></b></td></tr></table></p><hr />

<h2>&#x221a;gṛdh<i> 'be greedy'</i></h2><p>
<i>present: </i>[4.] <b>gṛ́dhyati</b> <i>etc. </i><sub>V.+ </sub>&#xa0;</p><p>
<i>perfect: </i><b>jagrdhus</b> &#xa0;<b>jāgṛdhús</b> &#xa0;</p><p>
<i>aorist: </i>[2.] <b>ágṛdhat</b> <i>etc. </i>&#xa0;</p><p>
<i>future: </i>[1.] <b>gardhiṣyati</b> &#xa0; -- [2.] <b>gardhitā</b> &#xa0;</p><p>
<i>verbal: </i><b>gṛddha</b> <sub>E.+ </sub>&#xa0;<b>gṛddhvā</b> &#xa0;<b>gṛdhitvā</b> &#xa0;</p><p>
[<i>secondary: </i><b>jarīgṛdh-</b> &#xa0;<b>jigardhiṣa-</b> &#xa0;<b>gardhayati</b> &#xa0;]</p><p>
<i>derivatives: </i><b>gṛ́tsa</b>? &#xa0;<b>gardha</b> <sub>C. </sub>&#xa0;<b>gardhin</b> <sub>V.+ </sub>&#xa0;<b>gṛdhna</b> <sub>E. </sub>&#xa0;<b>gṛdhnú</b> <sub>V.+ </sub>&#xa0;<b>gṛ́dhya</b> <sub>AV. </sub>&#xa0;<b>gṛdhyā</b> <sub>E. </sub>&#xa0;<b>gṛdhyin</b> <sub>E. </sub>&#xa0;<b>gṛ́dhra</b> <sub>V.+ </sub>&#xa0;</p></body>
</html>
