<!-- XHTML generated by dict script -->
<html>
<head>
<title>glA</title>
<META HTTP-EQUIV="Content-Type" CONTENT="text/html; charset=utf-8"/>
<!--link rel="stylesheet" href="/Sanskrit/whitney/dict.css" /-->
</head>
<body><p><a href="index.htm">Index</a></p>
<p><table width="100%"><tr><td align="center" width="50%">Previous: <b><a href="glah.htm">glah</a></b></td><td align="center" width="50%">Next: <b><a href="Gaw.htm">ghaṭ</a></b></td></tr></table></p><hr />

<h2>&#x221a;glā<i> 'be weary'</i></h2><p>
<i>present: </i>[4.] <b>glā́yati</b> <i>etc. </i><sub>AV.+ </sub>&#xa0;<b>glā́yate</b> <i>etc. </i>&#xa0;[2.] <b>glāti</b> &#xa0;</p><p>
[<i>perfect: </i><b>jaglau</b> &#xa0;]</p><p>
<i>aorist: </i>[1.] <b>glāyāt</b> &#xa0;<b>gleyāt</b> &#xa0; -- [4.] <b>glāsīṣṭa</b> &#xa0; -- <b>glāsīs</b> &#xa0;</p><p>
[<i>future: </i><b>glāsyati</b> &#xa0;<b>glātā</b> &#xa0;]</p><p>
<i>verbal: </i><b>glāná</b> <sub>B.+ </sub>&#xa0;<b>glānta</b> &#xa0;</p><p>
<i>secondary: </i><i>intensive</i>: <b>jāglā-</b> &#xa0; -- <i>desiderative</i>: <b>jiglāsa-</b> &#xa0; -- <i>causative</i>: <b>glāpáyati</b> <i>etc. </i><sub>V.+ </sub>&#xa0;<b>glapayati</b> <i>etc. </i><sub>E.+ </sub>&#xa0;<b>glapayate</b> &#xa0;<b>ajiglapat</b> &#xa0;<b>glapet</b> &#xa0;</p><p>
<i>derivatives: </i><b>-glā</b>? &#xa0;<b>glāni</b> <sub>E.+ </sub>&#xa0;<b>glāvín</b> <sub>VS. </sub>&#xa0;<b>glāsnu</b> <sub>S.+ </sub>&#xa0;<b>-glā́pana</b> <sub>B. </sub>&#xa0;<b>glapana</b> <sub>C. </sub>&#xa0;</p></body>
</html>
