<!-- XHTML generated by dict script -->
<html>
<head>
<title>glah</title>
<META HTTP-EQUIV="Content-Type" CONTENT="text/html; charset=utf-8"/>
<!--link rel="stylesheet" href="/Sanskrit/whitney/dict.css" /-->
</head>
<body><p><a href="index.htm">Index</a></p>
<p><table width="100%"><tr><td align="center" width="50%">Previous: <b><a href="glap.htm">glap</a></b></td><td align="center" width="50%">Next: <b><a href="glA.htm">glā</a></b></td></tr></table></p><hr />

<h2>&#x221a;glah<i> 'gamble'</i></h2><p>
<i>present: </i>[1.] <b>glahate</b> <i>etc. </i>&#xa0;</p><p>
[<i>perfect: </i><b>jaglahe</b> &#xa0;<b>aglahīṣṭa</b> &#xa0;]</p><p>
<i>future: </i>[1.] <b>aglahīṣyat</b> &#xa0; -- [2.] <b>glahitā</b> &#xa0;<b>glaḍhā</b> &#xa0;</p><p>
<i>derivatives: </i><b>gláha</b> <sub>AV.+ </sub>&#xa0;<b>gláhā</b> <sub>AV. </sub>&#xa0;<b>gláhana</b> <sub>AV. </sub>&#xa0;</p><p>
Doubtless from &#x221a;<b>grah</b>.</p></body>
</html>
