<!-- XHTML generated by dict script -->
<html>
<head>
<title>GrA</title>
<META HTTP-EQUIV="Content-Type" CONTENT="text/html; charset=utf-8"/>
<!--link rel="stylesheet" href="/Sanskrit/whitney/dict.css" /-->
</head>
<body><p><a href="index.htm">Index</a></p>
<p><table width="100%"><tr><td align="center" width="50%">Previous: <b><a href="Gfz.htm">ghṛṣ</a></b></td><td align="center" width="50%">Next: <b><a href="cak.htm">cak</a></b></td></tr></table></p><hr />

<h2>&#x221a;ghrā<i> 'smell'</i></h2><p>
<i>present: </i>[3.] <b>jíghrati</b>  <font color="green">(3p.)</font> &#xa0;<b>jighrāṇa</b> &#xa0;<b>jighratī</b> &#xa0; -- [1.] <b>jíghrati</b> <i>etc. </i><sub>V.+ </sub>&#xa0;<b>jíghrate</b> <i>etc. </i>&#xa0; -- [2.] <b>ghrāti</b> &#xa0;</p><p>
<i>perfect: </i><b>jaghrau</b> &#xa0;</p><p>
<i>aorist: </i>[1.] <b>aghrāt</b> &#xa0;<b>ghrāyāt</b> &#xa0;<b>ghreyāt</b> &#xa0;<b>aghrāyi</b> &#xa0; -- [6.] <b>aghrāsīt</b> &#xa0;</p><p>
[<i>future: </i><b>ghrāsyati</b> &#xa0;<b>ghrātā</b> &#xa0;]</p><p>
<i>verbal: </i><b>ghrātá</b> <sub>B.+ </sub>&#xa0;<b>ghrāṇa</b> &#xa0;<b>ghrātvā</b> &#xa0;<b>jighritvā</b> &#xa0;<b>-ghrāya</b> <sub>S.+ </sub>&#xa0;<b>-jighrya</b> <sub>S.+ </sub>&#xa0;<b>-ghrā́yam</b> &#xa0;</p><p>
<i>secondary: </i><i>passive</i>: <b>ghrāyate</b> &#xa0; -- <i>intensive</i>: <b>jāghrā-</b> &#xa0;<b>jeghrīya-</b> &#xa0; -- <i>desiderative</i>: <b>jighrāsa-</b> &#xa0; -- <i>causative</i>: <b>ghrāpayati</b> <i>etc. </i><sub>B.+ </sub>&#xa0;<b>ajighrapat</b> &#xa0;<b>ajighripat</b> &#xa0;</p><p>
<i>derivatives: </i><b>-ghra</b> &#xa0;<b>ghrā́ṇa</b> <sub>B.+ </sub>&#xa0;<b>ghrāti</b> <sub>B.+ </sub>&#xa0;<b>ghrātavyà</b> <sub>B.+ </sub>&#xa0;<b>ghrātṛ́</b> <sub>B.+ </sub>&#xa0;<b>ghréya</b> <sub>E.+ </sub>&#xa0;<b>-jighra</b> <sub>AV.+ </sub>&#xa0;<b>-jighraṇa</b> <sub>S.+ </sub>&#xa0;<b>-ghrāpaṇa</b> <sub>S. </sub>&#xa0;</p></body>
</html>
