<!-- XHTML generated by dict script -->
<html>
<head>
<title>graT</title>
<META HTTP-EQUIV="Content-Type" CONTENT="text/html; charset=utf-8"/>
<!--link rel="stylesheet" href="/Sanskrit/whitney/dict.css" /-->
</head>
<body><p><a href="index.htm">Index</a></p>
<p><table width="100%"><tr><td align="center" width="50%">Previous: <b><a href="gfD.htm">gṛdh</a></b></td><td align="center" width="50%">Next: <b><a href="granT.htm">granth</a></b></td></tr></table></p><hr />

<h2>&#x221a;grath<i> 'tie'</i></h2><p>
<i>present: </i>[9.] <b>grathnā́ti</b> <i>etc. </i><sub>B.+ </sub>&#xa0; -- [7.] <b>gṛṇatti</b>? &#xa0; -- [1.] <b>granthati</b> &#xa0;<b>grathati</b> &#xa0;</p><p>
[<i>perfect: </i><b>jagrantha</b> &#xa0;<b>grathyāt</b> &#xa0;<b>ajagranthat</b> &#xa0;<b>agranthīt</b> &#xa0;]</p><p>
<i>future: </i>[1.] <b>granthiṣyati</b> &#xa0; -- [2.] <b>granthitā</b> &#xa0;</p><p>
<i>verbal: </i><b>granthitá</b> <sub>V.+ </sub>&#xa0;<b>granthitvā</b> &#xa0;<b>grathitvā</b> &#xa0;<b>-grathya</b> <sub>B.+ </sub>&#xa0;<b>-grantham</b> &#xa0;</p><p>
<i>secondary: </i><i>passive</i>: <b>grathyate</b> &#xa0; -- <i>intensive</i>: <b>jāgranth-</b> &#xa0;<b>jāgrathya-</b> &#xa0; -- <i>desiderative</i>: <b>jigranthiṣa-</b> &#xa0; -- <i>causative</i>: <b>granthayate</b> &#xa0;<b>grathayati</b> &#xa0;</p><p>
<i>derivatives: </i><b>grathín</b> &#xa0;<b>grathya</b> <sub>C. </sub>&#xa0;<b>grathana</b> <sub>C. </sub>&#xa0;<b>grathanīya</b> <sub>C. </sub>&#xa0;<b>grathitavya</b> <sub>C. </sub>&#xa0;<b>grathna</b> <sub>S. </sub>&#xa0;<b>grantha</b> <sub>B.+ </sub>&#xa0;<b>granthín</b> <sub>RV. </sub>&#xa0;<b>granthana</b> <sub>S.+ </sub>&#xa0;<b>granthí</b> <sub>V.+ </sub>&#xa0;</p></body>
</html>
