<!-- XHTML generated by dict script -->
<html>
<head>
<title>gur</title>
<META HTTP-EQUIV="Content-Type" CONTENT="text/html; charset=utf-8"/>
<!--link rel="stylesheet" href="/Sanskrit/whitney/dict.css" /-->
</head>
<body><p><a href="index.htm">Index</a></p>
<p><table width="100%"><tr><td align="center" width="50%">Previous: <b><a href="gumP.htm">gumph</a></b></td><td align="center" width="50%">Next: <b><a href="gulP.htm">gulph</a></b></td></tr></table></p><hr />

<h2>&#x221a;gur<i> 'greet'</i></h2><p>
<i>present: </i>[6.] <b>guráte</b> <i>etc. </i><sub>V.+ </sub>&#xa0;<b>guráti</b> <i>etc. </i>&#xa0;</p><p>
<i>perfect: </i><b>jugure</b> &#xa0;<b>jugurat</b> &#xa0;<b>juguryās</b> &#xa0;<b>juguryā́t</b> &#xa0;</p><p>
<i>aorist: </i>[1.] <b>gūrta</b> &#xa0; -- [5.] <b>aguriṣṭa</b> &#xa0;</p><p>
[<i>future: </i><b>guriṣyate</b> &#xa0;<b>guritā</b> &#xa0;]</p><p>
<i>verbal: </i><b>gūrtá</b> <sub>V.+ </sub>&#xa0;<b>gūrṇa</b> <sub>S.+ </sub>&#xa0;<b>-gū́rya</b> <sub>V.+ </sub>&#xa0;<b>-gurya</b> &#xa0;</p><p>
<i>secondary: </i><i>intensive</i>: <b>járgurāṇa</b> &#xa0; -- <i>causative</i>: <b>gūraya-</b> &#xa0;</p><p>
<i>derivatives: </i><b>-gur</b> &#xa0;<b>-guraṇa</b> <sub>C. </sub>&#xa0;<b>gūraṇa</b> <sub>C. </sub>&#xa0;<b>gūrtí</b> <sub>RV. </sub>&#xa0;<b>-goraṇa</b> <sub>C. </sub>&#xa0;<b>-gūrayitṛ</b> <sub>C. </sub>&#xa0;<b>jugurváṇi</b> <sub>RV. </sub>&#xa0;</p><p>
Doubtless a secondary form of &#x221a;1<b>gṛ</b>.</p></body>
</html>
