<!-- XHTML generated by dict script -->
<html>
<head>
<title>gUrD</title>
<META HTTP-EQUIV="Content-Type" CONTENT="text/html; charset=utf-8"/>
<!--link rel="stylesheet" href="/Sanskrit/whitney/dict.css" /-->
</head>
<body><p><a href="index.htm">Index</a></p>
<p><table width="100%"><tr><td align="center" width="50%">Previous: <b><a href="gUrd.htm">gūrd</a></b></td><td align="center" width="50%">Next: <b><a href="gf.htm">gṛ</a></b></td></tr></table></p><hr />

<h2>&#x221a;gūrdh (?)<i> 'exalt'</i></h2><p>
<i>secondary: </i><i>causative</i>: <b>gūrdhaya</b> &#xa0;</p><p>
Perhaps the same with the preceding.</p></body>
</html>
