<!-- XHTML generated by dict script -->
<html>
<head>
<title>GUrR</title>
<META HTTP-EQUIV="Content-Type" CONTENT="text/html; charset=utf-8"/>
<!--link rel="stylesheet" href="/Sanskrit/whitney/dict.css" /-->
</head>
<body><p><a href="index.htm">Index</a></p>
<p><table width="100%"><tr><td align="center" width="50%">Previous: <b><a href="Guz.htm">ghuṣ</a></b></td><td align="center" width="50%">Next: <b><a href="Gf.htm">ghṛ</a></b></td></tr></table></p><hr />

<h2>&#x221a;ghūrṇ<i> 'waver'</i></h2><p>
<i>present: </i>[1.] <b>ghūrṇati</b> &#xa0;<b>ghūrṇate</b> <sub>E.+ </sub>&#xa0;</p><p>
<i>perfect: </i><b>jughūrṇa</b> &#xa0;<b>jughūrṇe</b> <sub>E.+ </sub>&#xa0;</p><p>
[<i>aorist: </i><b>aghūrṇīt</b> &#xa0;<b>ghūrṇiṣyati</b> &#xa0;<b>ghūrṇitā</b> &#xa0;]</p><p>
<i>verbal: </i><b>ghūrṇita</b> <sub>E.+ </sub>&#xa0;</p><p>
<i>secondary: </i><i>causative</i>: <b>ghūrṇayati</b> <i>etc. </i>&#xa0;<b>ghūrṇyate</b> &#xa0;</p><p>
<i>derivatives: </i><b>ghūrṇa</b> <sub>S.+ </sub>&#xa0;<b>ghūrṇana</b> <sub>C. </sub>&#xa0;</p></body>
</html>
