<!-- XHTML generated by dict script -->
<html>
<head>
<title>guYj</title>
<META HTTP-EQUIV="Content-Type" CONTENT="text/html; charset=utf-8"/>
<!--link rel="stylesheet" href="/Sanskrit/whitney/dict.css" /-->
</head>
<body><p><a href="index.htm">Index</a></p>
<p><table width="100%"><tr><td align="center" width="50%">Previous: <b><a href="gu.htm">gu</a></b></td><td align="center" width="50%">Next: <b><a href="guRW.htm">guṇṭh</a></b></td></tr></table></p><hr />

<h2>&#x221a;guñj<i> 'hum'</i></h2><p>
<i>present: </i>[1.] <b>guñjati</b> <i>etc. </i>&#xa0;</p><p>
[<i>perfect: </i><b>huguñja</b> &#xa0;<b>aguñjīt</b> &#xa0;<b>guñjiṣyati</b> &#xa0;<b>guñjitā</b> &#xa0;]</p><p>
<i>verbal: </i><b>guñjita</b> &#xa0;</p><p>
<i>derivatives: </i><b>guñja</b> &#xa0;<b>-guñjin</b> <sub>C. </sub>&#xa0;</p></body>
</html>
