<!-- XHTML generated by dict script -->
<html>
<head>
<title>hA1</title>
<META HTTP-EQUIV="Content-Type" CONTENT="text/html; charset=utf-8"/>
<!--link rel="stylesheet" href="/Sanskrit/whitney/dict.css" /-->
</head>
<body><p><a href="index.htm">Index</a></p>
<p><table width="100%"><tr><td align="center" width="50%">Previous: <b><a href="hA.htm">hā</a></b></td><td align="center" width="50%">Next: <b><a href="hA2.htm">hā2</a></b></td></tr></table></p><hr />

<h2>&#x221a;hā1<i> 'leave'</i></h2><p>
<i>present: </i>[3.] <b>jáhāti</b> &#xa0;<b>jahati</b> <i>etc. </i><sub>V.+ </sub>&#xa0;<b>jahītam</b> &#xa0;<b>jahīta</b> &#xa0;<b>jahītāt</b> &#xa0;<b>jahīhi</b> &#xa0;<b>jahihi</b> &#xa0;<b>jahāhi</b> &#xa0;<b>jahimas</b> <i>etc. </i>&#xa0;<b>jahitam</b> &#xa0;<b>ajahitām</b> &#xa0;<b>jahyāt</b> <i>etc. </i><sub>AV.+ </sub>&#xa0; -- [1.] <b>jahat</b> &#xa0;<b>jahati</b> <i>etc. </i><sub>E.+ </sub>&#xa0;</p><p>
<i>perfect: </i><b>jahau</b> &#xa0;<b>jahús</b> <i>etc. </i><sub>V.+ </sub>&#xa0;<b>jahā</b> &#xa0;<b>jahe</b> &#xa0;</p><p>
<i>aorist: </i>[1.] <b>ahāt</b> &#xa0;<b>ahāyi</b> &#xa0;<b>heyāt</b> &#xa0; -- [3.] <b>ajījahat</b> &#xa0; -- [4.] <b>ahās</b>  <font color="green">(3s.)</font> &#xa0;<b>ahāsma</b> &#xa0;<b>hāsus</b> <i>etc. </i>&#xa0;<b>áhāsi</b> &#xa0;<b>áhāsthās</b> <i>etc. </i>&#xa0; -- [6.] <b>hāsiṣam</b> <i>etc. </i><sub>V.+ </sub>&#xa0;</p><p>
<i>future: </i>[1.] <b>hāsyati</b> <i>etc. </i><sub>AV.+ </sub>&#xa0;<b>hāsyate</b> <i>etc. </i><sub>B.+ </sub>&#xa0;<b>jahiṣyati</b> <i>etc. </i><sub>E.+ </sub>&#xa0; -- [2.] <b>hātā</b> &#xa0;</p><p>
<i>verbal: </i><b>hīná</b> <sub>V.+ </sub>&#xa0;<b>hāta</b> &#xa0;<b>hāna</b> &#xa0;<b>jahitá</b> <sub>V.+ </sub>&#xa0;<b>hātum</b> <sub>B.+ </sub>&#xa0;<b>hitvā́</b> <sub>V.+ </sub>&#xa0;<b>hitvī́</b> &#xa0;<b>hitvā́ya</b> &#xa0;<b>hītvā</b> &#xa0;<b>-hā́ya</b> <sub>B.+ </sub>&#xa0;<b>-hī́yam</b> &#xa0;</p><p>
<i>secondary: </i><i>passive</i>: <b>hīyáte</b> <i>etc. </i><sub>V.+ </sub>&#xa0;<b>hī́yate</b> <i>etc. </i>&#xa0;<b>hīyanti</b> &#xa0; -- <i>intensive</i>: <b>jāhā-</b> &#xa0;<b>jeyīya-</b> &#xa0; -- <i>desiderative</i>: <b>jihāsati</b> <i>etc. </i>&#xa0; -- <i>causative</i>: <b>hāpayati</b> <i>etc. </i><sub>E.+ </sub>&#xa0;<b>hāpayate</b> &#xa0;<b>jīhipas</b> &#xa0;</p><p>
<i>derivatives: </i><b>-hā</b> &#xa0;<b>-ha</b> <sub>E.+ </sub>&#xa0;<b>hāyaka</b> <sub>E. </sub>&#xa0;<b>hāyin</b> <sub>JB. </sub>&#xa0;<b>-hāyya</b> <sub>B. </sub>&#xa0;<b>hāna</b> <sub>B.+ </sub>&#xa0;<b>-hāyas</b> <sub>V.+ </sub>&#xa0;<b>hātavya</b> <sub>E.+ </sub>&#xa0;<b>hāni</b> <sub>U.S.+ </sub>&#xa0;<b>-hi</b>? <sub>C. </sub>&#xa0;<b>heya</b> <sub>C. </sub>&#xa0;<b>-hāvarī</b> <sub>MS. </sub>&#xa0;<b>hāpana</b> <sub>C. </sub>&#xa0;<b>-hāpanīya</b> <sub>C. </sub>&#xa0;<b>jihāsā</b> <sub>C. </sub>&#xa0;<b>jihāsu</b> <sub>C. </sub>&#xa0;<b>jáhaka</b> <sub>B. </sub>&#xa0;<b>jáhāka</b> <sub>B. </sub>&#xa0;<b>jahana</b> <sub>C. </sub>&#xa0;</p><p>
Compare the next root.  Two or three of the forms given above show the establishment of a secondary root-form <b>jah</b>.</p></body>
</html>
