<!-- XHTML generated by dict script -->
<html>
<head>
<title>har</title>
<META HTTP-EQUIV="Content-Type" CONTENT="text/html; charset=utf-8"/>
<!--link rel="stylesheet" href="/Sanskrit/whitney/dict.css" /-->
</head>
<body><p><a href="index.htm">Index</a></p>
<p><table width="100%"><tr><td align="center" width="50%">Previous: <b><a href="han.htm">han</a></b></td><td align="center" width="50%">Next: <b><a href="has.htm">has</a></b></td></tr></table></p><hr />

<h2>&#x221a;har<i> 'be gratified'</i></h2><p>
<i>present: </i>[4.] <b>háryati</b> &#xa0;<b>háryate</b> <i>etc. </i>&#xa0;</p><p>
[<i>perfect: </i><b>jaharya</b> &#xa0;<b>ajaharyat</b> &#xa0;<b>aharyīt</b> &#xa0;<b>haryiṣyati</b> &#xa0;<b>haryitā</b> &#xa0;<b>jāharya-</b> &#xa0;<b>jiharyiṣa-</b> &#xa0;<b>haryaya-</b> &#xa0;]</p><p>
<i>derivatives: </i><b>haryatá</b> &#xa0;</p><p>
Perhaps a derivative from &#x221a;<b>hṛ</b>.</p><p>
A conspicuous group of words show an inferable root <b>har</b> or <b>hir</b> 'be yellow': thus,</p><b>hári</b> <sub>V.+ </sub>&#xa0;<b>harít</b> <sub>V.+ </sub>&#xa0;<b>hárita</b> <sub>V.+ </sub>&#xa0;<b>hariṇá</b> <sub>V.+ </sub>&#xa0;<b>harimán</b> <sub>V. </sub>&#xa0;<b>híraṇya</b> <sub>V.+ </sub>&#xa0;<b>híri-</b> <sub>RV. </sub>&#xa0;</body>
</html>
