<!-- XHTML generated by dict script -->
<html>
<head>
<title>hAs</title>
<META HTTP-EQUIV="Content-Type" CONTENT="text/html; charset=utf-8"/>
<!--link rel="stylesheet" href="/Sanskrit/whitney/dict.css" /-->
</head>
<body><p><a href="index.htm">Index</a></p>
<p><table width="100%"><tr><td align="center" width="50%">Previous: <b><a href="hA2.htm">hā2</a></b></td><td align="center" width="50%">Next: <b><a href="hi.htm">hi</a></b></td></tr></table></p><hr />

<h2>&#x221a;hās<i> 'go emulously'</i></h2><p>
<i>present: </i>[1.] <b>hā́sate</b> <i>etc. </i>&#xa0;</p><p>
<i>secondary: </i><i>causative</i>: <b>hāsayanti</b> &#xa0;</p><p>
A secondary form of &#x221a;1, 2<b>hā</b> (<b>hā́sante</b> AV. iv. 36. 5 is omitted in the Atharva-Veda Index).</p></body>
</html>
