<!-- XHTML generated by dict script -->
<html>
<head>
<title>has</title>
<META HTTP-EQUIV="Content-Type" CONTENT="text/html; charset=utf-8"/>
<!--link rel="stylesheet" href="/Sanskrit/whitney/dict.css" /-->
</head>
<body><p><a href="index.htm">Index</a></p>
<p><table width="100%"><tr><td align="center" width="50%">Previous: <b><a href="har.htm">har</a></b></td><td align="center" width="50%">Next: <b><a href="hA.htm">hā</a></b></td></tr></table></p><hr />

<h2>&#x221a;has<i> 'laugh'</i></h2><p>
<i>present: </i>[1.] <b>hásati</b> <i>etc. </i><sub>B.+ </sub>&#xa0;<b>hásate</b> <i>etc. </i><sub>E.+ </sub>&#xa0;</p><p>
<i>perfect: </i><b>jahāsa</b> &#xa0;<b>jahasus</b> <sub>E.+ </sub>&#xa0;<b>jahase</b> &#xa0;</p><p>
<i>aorist: </i>[1.] <b>ahāsi</b> &#xa0; -- [3.] <b>ajīhasat</b> &#xa0; -- [5.] <b>ahasīt</b> &#xa0;</p><p>
<i>future: </i>[1.] <b>hasiṣyati</b> <sub>E.+ </sub>&#xa0; -- [2.] <b>hasitā</b> &#xa0;</p><p>
<i>verbal: </i><b>hasita</b> <sub>E.+ </sub>&#xa0;<b>hasitum</b> &#xa0;<b>hasitvā</b> <sub>E.+ </sub>&#xa0;<b>-hasya</b> <sub>E.+ </sub>&#xa0;</p><p>
<i>secondary: </i><i>passive</i>: <b>hasyate</b> <i>etc. </i>&#xa0; -- <i>intensive</i>: <b>jāhasyate</b> &#xa0; -- <i>desiderative</i>: <b>jihasiṣa-</b> &#xa0; -- <i>causative</i>: <b>hāsayati</b> <i>etc. </i>&#xa0;</p><p>
<i>derivatives: </i><b>has-</b> &#xa0;<b>hása</b> <sub>V.+ </sub>&#xa0;<b>hasá</b> <sub>AV. </sub>&#xa0;<b>-hásya</b> <sub>AV. </sub>&#xa0;<b>hāsa</b> <sub>B.+ </sub>&#xa0;<b>hāsaka</b> <sub>E. </sub>&#xa0;<b>hāsin</b> <sub>AV.+ </sub>&#xa0;<b>hāsya</b> <sub>E.+ </sub>&#xa0;<b>hasanā́</b> <sub>RV. </sub>&#xa0;<b>ḥasana</b> <sub>E.+ </sub>&#xa0;<b>hasanīya</b> <sub>C. </sub>&#xa0;<b>hāsana</b> <sub>C. </sub>&#xa0;<b>hasrá</b> <sub>RV. </sub>&#xa0;<b>-hásvan</b> <sub>RV. </sub>&#xa0;</p><p>
Compare the derivative root 2<b>jakṣ</b>.</p></body>
</html>
