<!-- XHTML generated by dict script -->
<html>
<head>
<title>hfz</title>
<META HTTP-EQUIV="Content-Type" CONTENT="text/html; charset=utf-8"/>
<!--link rel="stylesheet" href="/Sanskrit/whitney/dict.css" /-->
</head>
<body><p><a href="index.htm">Index</a></p>
<p><table width="100%"><tr><td align="center" width="50%">Previous: <b><a href="hf2.htm">hṛ2</a></b></td><td align="center" width="50%">Next: <b><a href="heW.htm">heṭh</a></b></td></tr></table></p><hr />

<h2>&#x221a;hṛṣ<i> 'be excited'</i></h2><p>
<i>present: </i>[4.] <b>hṛṣyati</b> <i>etc. </i>&#xa0;<b>hṛṣyate</b> <i>etc. </i><sub>E.+ </sub>&#xa0; -- [1.] <b>hárṣate</b> <i>etc. </i>&#xa0;<b>hárṣant</b> &#xa0;</p><p>
<i>perfect: </i><b>jaharṣa</b> &#xa0;<b>jahṛṣus</b> <sub>E.+ </sub>&#xa0;<b>jahrṣe</b> &#xa0;<b>jahrṣire</b> <sub>E.+ </sub>&#xa0;<b>jāhṛṣāṇá</b> &#xa0;</p><p>
<i>aorist: </i>[2.] <b>ahṛṣat</b> &#xa0; -- [3.] <b>ajīhṛṣat</b> &#xa0;<b>ajaharṣat</b> &#xa0;</p><p>
[<i>future: </i><b>harṣiṣyati</b> &#xa0;<b>harṣitā</b> &#xa0;]</p><p>
<i>verbal: </i><b>hṛṣitá</b> <sub>V.+ </sub>&#xa0;<b>hṛṣṭa</b> <sub>E.+ </sub>&#xa0;<b>-hṛṣya</b> <sub>E.+ </sub>&#xa0;</p><p>
<i>secondary: </i><i>intensive</i>: <b>jarhṛṣanta</b> &#xa0;<b>járhṛṣāṇa</b> &#xa0;<b>jarīhṛṣ-</b> &#xa0; -- <i>desiderative</i>: <b>jiharṣiṣa-</b> &#xa0; -- <i>causative</i>: <b>harṣáyati</b> <i>etc. </i><sub>V.+ </sub>&#xa0;<b>harṣáyate</b> &#xa0;</p><p>
<i>derivatives: </i><b>harṣa</b> <sub>B.+ </sub>&#xa0;<b>harṣaka</b> <sub>E.+ </sub>&#xa0;<b>harṣin</b> <sub>V.+ </sub>&#xa0;<b>hárṣaṇa</b> <sub>AV.+ </sub>&#xa0;<b>hṛ́ṣī-</b> <sub>RV.E.+ </sub>&#xa0;<b>hárṣi</b> <sub>RV. </sub>&#xa0;<b>harṣú-</b> <sub>RV.E.+ </sub>&#xa0;<b>hṛṣṭi</b> <sub>C. </sub>&#xa0;<b>ghṛ́ṣu</b> <sub>RV. </sub>&#xa0;<b>ghṛ́ṣvi</b> <sub>RV. </sub>&#xa0;</p></body>
</html>
