<!-- XHTML generated by dict script -->
<html>
<head>
<title>hi</title>
<META HTTP-EQUIV="Content-Type" CONTENT="text/html; charset=utf-8"/>
<!--link rel="stylesheet" href="/Sanskrit/whitney/dict.css" /-->
</head>
<body><p><a href="index.htm">Index</a></p>
<p><table width="100%"><tr><td align="center" width="50%">Previous: <b><a href="hAs.htm">hās</a></b></td><td align="center" width="50%">Next: <b><a href="hikk.htm">hikk</a></b></td></tr></table></p><hr />

<h2>&#x221a;hi<i> 'impel'</i></h2><p>
<i>present: </i>[5.] <b>hinvé</b> <i>etc. </i>&#xa0;<b>hinviré</b> &#xa0; -- [1.] <b>hínvati</b> <i>etc. </i><sub>V.+ </sub>&#xa0; -- <b>jighhyati</b> &#xa0;<b>jighhyatu</b> &#xa0; -- <b>háyant</b> &#xa0; -- <b>hiṣe</b>  <font color="green">(1s.)</font> &#xa0;</p><p>
<i>perfect: </i><b>jighāya</b> &#xa0;<b>jighyus</b> <sub>B.+ </sub>&#xa0;</p><p>
<i>aorist: </i>[1.] <b>áhema</b> &#xa0;<b>hiyāná</b> &#xa0;<b>hīyāt</b> &#xa0; -- [2.] <b>ahyam</b>? &#xa0; -- [3.] <b>ajīhayat</b> &#xa0; -- [4.] <b>ahaiṣīt</b> &#xa0;<b>áhait</b> &#xa0;<b>aheṣata</b> &#xa0;</p><p>
<i>future: </i>[1.] <b>heṣyati</b> <i>etc. </i><sub>E.+ </sub>&#xa0; -- [2.] <b>hetā</b> &#xa0;</p><p>
<i>verbal: </i><b>hitá</b> <sub>V.+ </sub>&#xa0;<b>-hyè</b> &#xa0;<i>passive</i>: <b>hīyate</b> &#xa0; -- <i>intensive</i>: <b>jeghīya-</b> &#xa0; -- <i>desiderative</i>: <b>jighīṣa-</b> &#xa0; -- <i>causative</i>: <b>hāyaya-</b> &#xa0;</p><p>
<i>derivatives: </i><b>háya</b> <sub>V.+ </sub>&#xa0;<b>-héya</b> <sub>AV.B. </sub>&#xa0;<b>-hit</b> <sub>B. </sub>&#xa0;<b>-hiti</b> <sub>RV. </sub>&#xa0;<b>hetí</b> <sub>V.+ </sub>&#xa0;<b>hetú</b> <sub>V.+ </sub>&#xa0;<b>hétva</b> <sub>RV. </sub>&#xa0;<b>hetavya</b> <sub>C. </sub>&#xa0;<b>hetṛ</b> <sub>RV. </sub>&#xa0;<b>-héman</b> <sub>V.B. </sub>&#xa0;<b>hemán</b> <sub>RV. </sub>&#xa0;<b>hítvan</b> <sub>RV. </sub>&#xa0;<b>hinvá</b> <sub>RV. </sub>&#xa0;<b>héṣas</b>? <sub>RV. </sub>&#xa0;<b>-hāyyà</b> <sub>AV. </sub>&#xa0;</p><p>
Probably another form of &#x221a;<b>hā</b>, with causative value.  Some of its uses are equivalent with those of &#x221a;<b>hā</b>; and the stem <b>jighya</b> perhaps belongs directly to the latter.</p></body>
</html>
