<!-- XHTML generated by dict script -->
<html>
<head>
<title>hIq</title>
<META HTTP-EQUIV="Content-Type" CONTENT="text/html; charset=utf-8"/>
<!--link rel="stylesheet" href="/Sanskrit/whitney/dict.css" /-->
</head>
<body><p><a href="index.htm">Index</a></p>
<p><table width="100%"><tr><td align="center" width="50%">Previous: <b><a href="hiRq.htm">hiṇḍ</a></b></td><td align="center" width="50%">Next: <b><a href="hu.htm">hu</a></b></td></tr></table></p><hr />

<h2>&#x221a;hīḍ<i> 'be hostile'</i></h2><p>
<i>present: </i>[1.] <b>heḍant</b> &#xa0;<b>heḍamāna</b> &#xa0;<b>helamāna</b> &#xa0;<b>hīḍamāna</b> &#xa0;<b>ahiḍat</b>? &#xa0;</p><p>
<i>perfect: </i><b>jihīḍa</b> &#xa0;<b>jīhīḍa</b> &#xa0;<b>jihīḍé</b> <i>etc. </i>&#xa0;</p><p>
<i>aorist: </i>[3.] <b>ajīhiḍat</b> &#xa0;<b>ajiheḍat</b> &#xa0; -- [5.] <b>hīḍiṣātām</b> &#xa0;</p><p>
[<i>future: </i><b>heḍiṣyate</b> &#xa0;<b>heḍitā</b> &#xa0;]</p><p>
<i>verbal: </i><b>hīḍitá</b> &#xa0;</p><p>
<i>secondary: </i><i>causative</i>: <b>heḍayant</b> &#xa0;<b>helayām</b> &#xa0;<b>āsa</b> &#xa0;<b>helayate</b> &#xa0;</p><p>
<i>derivatives: </i><b>hīḍá</b>? &#xa0;<b>héḍa</b> <sub>V. </sub>&#xa0;<b>helā</b> <sub>E.+ </sub>&#xa0;<b>-héḍana</b> <sub>V. </sub>&#xa0;<b>helana</b> <sub>E.+ </sub>&#xa0;<b>helanīya</b> <sub>C. </sub>&#xa0;<b>héḍas</b> <sub>V.B. </sub>&#xa0;<b>helitavya</b> <sub>E. </sub>&#xa0;</p></body>
</html>
