<!-- XHTML generated by dict script -->
<html>
<head>
<title>hlAd</title>
<META HTTP-EQUIV="Content-Type" CONTENT="text/html; charset=utf-8"/>
<!--link rel="stylesheet" href="/Sanskrit/whitney/dict.css" /-->
</head>
<body><p><a href="index.htm">Index</a></p>
<p><table width="100%"><tr><td align="center" width="50%">Previous: <b><a href="hrez.htm">hreṣ</a></b></td><td align="center" width="50%">Next: <b><a href="hval.htm">hval</a></b></td></tr></table></p><hr />

<h2>&#x221a;hlād<i> 'refresh'</i></h2><p>
<i>present: </i>[1.] <b>hlādate</b> <i>etc. </i>&#xa0;</p><p>
[<i>perfect: </i><b>jahlāde</b> &#xa0;<b>ajihladat</b> &#xa0;<b>ahlādiṣṭa</b> &#xa0;<b>hlādiṣyate</b> &#xa0;<b>hlāditā</b> &#xa0;<b>hlanna</b> &#xa0;]</p><p>
<i>secondary: </i><i>causative</i>: <b>hlādayati</b> &#xa0;<b>hlādayate</b> <i>etc. </i>&#xa0;<b>ahlādayiṣata</b> &#xa0;</p><p>
<i>derivatives: </i><b>hradá</b> <sub>V.+ </sub>&#xa0;<b>hlāda</b> <sub>U.+ </sub>&#xa0;<b>hlādaka</b> <sub>V.B. </sub>&#xa0;<b>hlādin</b> <sub>E.+ </sub>&#xa0;<b>hlādana</b> <sub>E.+ </sub>&#xa0;<b>hlāduka</b> <sub>TA. </sub>&#xa0;<b>hlāduni</b> <sub>C. </sub>&#xa0;<b>hrādúni</b> <sub>V.B.U. </sub>&#xa0;<b>-hlādayitṛ</b> <sub>C. </sub>&#xa0;</p><p>
Only one or two late sporadic forms outside the causative conjugation; and the proper form of the root seems to be <b>hlad</b> (or <b>hrad</b>).</p></body>
</html>
