<!-- XHTML generated by dict script -->
<html>
<head>
<title>hras</title>
<META HTTP-EQUIV="Content-Type" CONTENT="text/html; charset=utf-8"/>
<!--link rel="stylesheet" href="/Sanskrit/whitney/dict.css" /-->
</head>
<body><p><a href="index.htm">Index</a></p>
<p><table width="100%"><tr><td align="center" width="50%">Previous: <b><a href="hnu.htm">hnu</a></b></td><td align="center" width="50%">Next: <b><a href="hrAd.htm">hrād</a></b></td></tr></table></p><hr />

<h2>&#x221a;hras<i> 'shorten'</i></h2><p>
<i>present: </i>[1.] <b>hrasati</b> &#xa0;<b>hrasate</b> <i>etc. </i><sub>S.+ </sub>&#xa0;</p><p>
[<i>perfect: </i><b>jahrāsa</b> &#xa0;<b>ajihrasat</b> &#xa0;<b>ahrāsīt</b> &#xa0;<b>hrasiṣyati</b> &#xa0;<b>hrasitā</b> &#xa0;]</p><p>
<i>verbal: </i><b>hrasta</b> &#xa0;<b>hrasita</b> &#xa0;</p><p>
<i>secondary: </i><i>intensive</i>: <b>jāhras-</b> &#xa0; -- <i>desiderative</i>: <b>jihrasiṣa-</b> &#xa0; -- <i>causative</i>: <b>hrāsayati</b> <i>etc. </i><sub>S.+ </sub>&#xa0;</p><p>
<i>derivatives: </i><b>hrāsa</b> <sub>S.+ </sub>&#xa0;<b>hrāsana</b> <sub>C. </sub>&#xa0;<b>hrāsanīya</b> <sub>C. </sub>&#xa0;<b>hrásiṣṭha</b> <sub>B. </sub>&#xa0;<b>hrásīyas</b> <sub>B.+ </sub>&#xa0;<b>hrasvá</b> <sub>B.+ </sub>&#xa0;</p></body>
</html>
