<!-- XHTML generated by dict script -->
<html>
<head>
<title>hu</title>
<META HTTP-EQUIV="Content-Type" CONTENT="text/html; charset=utf-8"/>
<!--link rel="stylesheet" href="/Sanskrit/whitney/dict.css" /-->
</head>
<body><p><a href="index.htm">Index</a></p>
<p><table width="100%"><tr><td align="center" width="50%">Previous: <b><a href="hIq.htm">hīḍ</a></b></td><td align="center" width="50%">Next: <b><a href="hur.htm">hur</a></b></td></tr></table></p><hr />

<h2>&#x221a;hu<i> 'sacrifice'</i></h2><p>
<i>present: </i>[3.] <b>juhóti</b> &#xa0;<b>júhvati</b> <i>etc. </i><sub>V.+ </sub>&#xa0;<b>juhuté</b> &#xa0;<b>júhvate</b> <i>etc. </i><sub>V.+ </sub>&#xa0;<b>juhudhí</b> &#xa0;<b>juhvant</b> <sub>E.+ </sub>&#xa0;<b>ajuhavus</b> &#xa0;<b>ajuhuvus</b> &#xa0; -- [2.] <b>hoṣi</b> &#xa0;</p><p>
<i>perfect: </i><b>juhāva</b> &#xa0;<b>juhuvus</b> &#xa0;<b>juhuve</b> &#xa0;<b>juhvire</b> &#xa0;<b>juhvé</b> &#xa0;<b>juhuré</b> &#xa0;<b>juhavā́ṃ</b> &#xa0;<b>cakāra</b> <i>etc. </i>&#xa0;</p><p>
<i>aorist: </i>[1.] <b>áhāvi</b> &#xa0;<b>hūyāt</b> &#xa0; -- [3.] <b>ajūhavat</b> &#xa0; -- [4.] <b>ahauṣīt</b> <i>etc. </i><sub>B.+ </sub>&#xa0;</p><p>
<i>future: </i>[1.] <b>hoṣyáti</b> <i>etc. </i><sub>AV.+ </sub>&#xa0;<b>hoṣyáte</b> &#xa0;<b>ahoṣyat</b> &#xa0; -- [2.] <b>hotā</b> &#xa0;</p><p>
<i>verbal: </i><b>hutá</b> <sub>V.+ </sub>&#xa0;<b>hótum</b> &#xa0;<b>hótavaí</b> &#xa0;<b>hótos</b> &#xa0;<b>hutvā</b> <sub>B.+ </sub>&#xa0;</p><p>
<i>secondary: </i><i>passive</i>: <b>hūyáte</b> <i>etc. </i><sub>V.+ </sub>&#xa0; -- <i>intensive</i>: <b>johavīti</b> &#xa0; -- <i>desiderative</i>: <b>juhūṣati</b> <i>etc. </i><sub>S.+ </sub>&#xa0;<b>juhuṣet</b>? &#xa0; -- <i>causative</i>: <b>hāvayati</b> <i>etc. </i><sub>S.+ </sub>&#xa0;</p><p>
<i>derivatives: </i><b>-hava</b> <sub>E.+ </sub>&#xa0;<b>havyá</b> <sub>V.+ </sub>&#xa0;<b>-hāva</b> <sub>RV. </sub>&#xa0;<b>hávana</b> <sub>V.B.S. </sub>&#xa0;<b>havís</b> <sub>V.+ </sub>&#xa0;<b>-hut</b> <sub>V.B.S. </sub>&#xa0;<b>-huti</b> <sub>V.B. </sub>&#xa0;<b>hotavyà</b> <sub>B.+ </sub>&#xa0;<b>hótṛ</b>? <sub>V.+ </sub>&#xa0;<b>hotrá</b> <sub>V.+ </sub>&#xa0;<b>hótrā</b> <sub>V.+ </sub>&#xa0;<b>hóma</b> <sub>AV.+ </sub>&#xa0;<b>hóman</b> <sub>RV. </sub>&#xa0;<b>-hoṣa</b> <sub>RV. </sub>&#xa0;<b>juhū́</b> <sub>V.+ </sub>&#xa0;<b>juhūṣu</b> <sub>C. </sub>&#xa0;</p></body>
</html>
