<!-- XHTML generated by dict script -->
<html>
<head>
<title>hval</title>
<META HTTP-EQUIV="Content-Type" CONTENT="text/html; charset=utf-8"/>
<!--link rel="stylesheet" href="/Sanskrit/whitney/dict.css" /-->
</head>
<body><p><a href="index.htm">Index</a></p>
<p><table width="100%"><tr><td align="center" width="50%">Previous: <b><a href="hlAd.htm">hlād</a></b></td><td align="center" width="50%">Next: <b><a href="hvA.htm">hvā</a></b></td></tr></table></p><hr />

<h2>&#x221a;hval<i> 'go wrong'</i></h2><p>
<i>present: </i>[1.] <b>hválati</b> <i>etc. </i>&#xa0;<b>hválate</b> &#xa0;</p><p>
[<i>perfect: </i><b>jahvāla</b> &#xa0;<b>ajihvalat</b> &#xa0;<b>ahvālīt</b> &#xa0;<b>hvaliṣyati</b> &#xa0;<b>hvalitā</b> &#xa0;]</p><p>
<i>verbal: </i><b>hvalita</b> <sub>E.+ </sub>&#xa0;<b>hválitos</b> &#xa0;<b>-hvā́lam</b> &#xa0;</p><p>
<i>secondary: </i><i>causative</i>: <b>hvaláyati</b> &#xa0;<b>hvālayati</b> &#xa0;</p><p>
<i>derivatives: </i><b>-hvala</b> <sub>E.+ </sub>&#xa0;<b>hvalā́</b> <sub>&#199;B. </sub>&#xa0;<b>-hvalin</b> <sub>C. </sub>&#xa0;<b>hvāla</b> <sub>S. </sub>&#xa0;</p><p>
Is only a specialized form of the following root.</p></body>
</html>
