<!-- XHTML generated by dict script -->
<html>
<head>
<title>i1</title>
<META HTTP-EQUIV="Content-Type" CONTENT="text/html; charset=utf-8"/>
<!--link rel="stylesheet" href="/Sanskrit/whitney/dict.css" /-->
</head>
<body><p><a href="index.htm">Index</a></p>
<p><table width="100%"><tr><td align="center" width="50%">Previous: <b><a href="i.htm">i</a></b></td><td align="center" width="50%">Next: <b><a href="i2.htm">i2</a></b></td></tr></table></p><hr />

<h2>&#x221a;i1<i> 'go'</i></h2><p>
<i>present: </i>[2.] <b>éti</b> &#xa0;<b>yánti</b> <i>etc. </i><sub>V.+ </sub>&#xa0;<b>-ité</b> &#xa0;<b>-iyate</b> <i>etc. </i><sub>B.+ </sub>&#xa0; -- [1.] <b>áyate</b> <i>etc. </i><sub>V.+ </sub>&#xa0;<b>ayati</b> <i>etc. </i><sub>AV1.?+ </sub>&#xa0; -- [4.] <b>ī́yate</b> <i>etc. </i>&#xa0; --  -- <b>iye</b> &#xa0;<b>iyāte</b> &#xa0;<b>ī́mahe</b> &#xa0;<b>iyāná</b> <sub>V.+ </sub>&#xa0;<b>íyati</b> &#xa0;<b>-iyánt</b> &#xa0;<b>imi</b> &#xa0;<b>aitat</b> &#xa0;<b>yan</b> &#xa0;<b>īyāná</b> &#xa0;<b>īyámāna</b> &#xa0;<b>īmahi</b> &#xa0;</p><p>
<i>perfect: </i><b>iyā́ya</b> &#xa0;<b>īyús</b> <i>etc. </i><sub>V.+ </sub>&#xa0;<b>iyayitha</b> &#xa0;<b>iyétha</b> &#xa0;<b>iyátha</b> &#xa0; -- <b>-ayāṃ</b> &#xa0;<b>cakre</b> <sub>E.+ </sub>&#xa0;</p><p>
<i>aorist: </i>[1.] <b>īyāt</b> <i>etc. </i><sub>B.+ </sub>&#xa0;<b>iyāsam</b> &#xa0; -- [4.] <b>aiṣṭa</b> &#xa0; -- [5.] <b>āyiṣṭa</b> &#xa0;</p><p>
<i>future: </i>[1.] <b>eṣyáti</b> <i>etc. </i><sub>AV.+ </sub>&#xa0;<b>eṣyáte</b> <i>etc. </i><sub>B.+ </sub>&#xa0;<b>ayiṣyati</b> <i>etc. </i><sub>B.+ </sub>&#xa0; -- [2.] <b>etā́</b> <i>etc. </i><sub>B.+ </sub>&#xa0;</p><p>
<i>verbal: </i><b>itá</b> <sub>V.+ </sub>&#xa0;<b>-īta</b> &#xa0;<b>étum</b> <sub>B.+ </sub>&#xa0;<b>étave</b> &#xa0;<b>étavaí</b> &#xa0;<b>étos</b> &#xa0;<b>itvā́</b> &#xa0;<b>-ítya</b> <sub>V.+ </sub>&#xa0;<b>-īya</b> &#xa0;<b>-áyya</b> &#xa0;<b>áyase</b> &#xa0;<b>ityaí</b> &#xa0;<b>iyádhyai</b> &#xa0;<b>-ā́yam</b> &#xa0;</p><p>
<i>secondary: </i><i>passive</i>: <b>īyate</b> &#xa0; -- <i>intensive</i>: <b>īyāyate</b> &#xa0; -- <i>desiderative</i>: <b>ayiyiṣate</b> &#xa0;<b>iyiṣati</b> &#xa0; -- <i>causative</i>: <b>āyayati</b> <i>etc. </i>&#xa0;<b>-āyyate</b> &#xa0;<b>āpayati</b> &#xa0;<b>āpayate</b> <i>etc. </i>&#xa0;<b>āpipat</b> &#xa0;</p><p>
<i>derivatives: </i><b>áya</b> <sub>V.+ </sub>&#xa0;<b>ayátha</b> <sub>RV.S. </sub>&#xa0;<b>áyana</b> <sub>V.+ </sub>&#xa0;<b>-āya</b> <sub>V.+ </sub>&#xa0;<b>-āyin</b> <sub>AV.+ </sub>&#xa0;<b>-āyana</b> <sub>AV.U. </sub>&#xa0;<b>āyú</b> <sub>V.+ </sub>&#xa0;<b>ā́yu</b> <sub>V.+ </sub>&#xa0;<b>ā́yus</b> <sub>V.+ </sub>&#xa0;<b>-āyuka</b> <sub>B. </sub>&#xa0;<b>-it</b> <sub>B.+ </sub>&#xa0;<b>íti</b> <sub>V.+ </sub>&#xa0;<b>ití</b> <sub>V.B. </sub>&#xa0;<b>-ityā́</b> <sub>V.B. </sub>&#xa0;<b>-ítvan</b> <sub>V. </sub>&#xa0;<b>itvará</b> <sub>RV.C. </sub>&#xa0;<b>-itha</b> <sub>RV. </sub>&#xa0;<b>īti</b> <sub>E.+ </sub>&#xa0;<b>īya-</b> <sub>RV. </sub>&#xa0;<b>-etu</b> <sub>RV. </sub>&#xa0;<b>etavyá</b> <sub>B.+ </sub>&#xa0;<b>etṛ́</b> <sub>V.+ </sub>&#xa0;<b>éma</b> <sub>VS. </sub>&#xa0;<b>éman</b> <sub>RV. </sub>&#xa0;<b>-eya</b> <sub>E.+ </sub>&#xa0;<b>éva</b> <sub>V.B. </sub>&#xa0;<b>-āpin</b> <sub>C. </sub>&#xa0;<b>-āpaka</b> <sub>C. </sub>&#xa0;<b>-āpya</b> <sub>C. </sub>&#xa0;<b>-āpana</b> <sub>E.+ </sub>&#xa0;<b>-āpayitṛ</b> <sub>C. </sub>&#xa0;<b>-āyaka</b> <sub>C. </sub>&#xa0;<b>-āyana</b> <sub>E. </sub>&#xa0;<b>-ayitavya</b> <sub>C. </sub>&#xa0;<b>-āyitavya</b> <sub>C. </sub>&#xa0;</p><p>
The last three derivatives only with <b>prati</b>; the four preceding, only with <b>adhi</b>.</p><p>
The forms most distinctly calling for the admission of a root-form <b>ī</b> are, in the older language, <b>ī́mahe</b> V.B. (common in RV.), <b>īyām</b> and <b>īyāta</b> and <b>īyus</b> B.U., <b>īyāná</b> SV. (all single occurrences); in the later language, -<b>īta</b>, <b>īti</b>, -<b>īya</b> (all rare or sporadic).  The present-stem <b>ī́ya</b> is improperly called intensive.</p></body>
</html>
