<!-- XHTML generated by dict script -->
<html>
<head>
<title>Ir</title>
<META HTTP-EQUIV="Content-Type" CONTENT="text/html; charset=utf-8"/>
<!--link rel="stylesheet" href="/Sanskrit/whitney/dict.css" /-->
</head>
<body><p><a href="index.htm">Index</a></p>
<p><table width="100%"><tr><td align="center" width="50%">Previous: <b><a href="Iq.htm">īḍ</a></b></td><td align="center" width="50%">Next: <b><a href="Irzy.htm">īrṣy</a></b></td></tr></table></p><hr />

<h2>&#x221a;īr<i> 'set in motion'</i></h2><p>
<i>present: </i>[2.] <b>ī́rte</b> &#xa0;<b>ī́rate</b> <i>etc. </i>&#xa0;<b>īráte</b> &#xa0; -- [1.] <b>aírat</b> <i>etc. </i>&#xa0;<b>ī́rate</b>  <font color="green">(3s.)</font> &#xa0;</p><p>
<i>perfect: </i><b>īriré</b> &#xa0;<b>erire</b> &#xa0; -- <b>īrāṃ</b> &#xa0;<b>cakre</b> &#xa0;</p><p>
[<i>aorist: </i><b>airirat</b> &#xa0;<b>airiṣṭa</b> &#xa0;<b>īriṣyate</b> &#xa0;<b>īritā</b> &#xa0;]</p><p>
<i>verbal: </i><b>īrṇá</b> <sub>B.+ </sub>&#xa0;</p><p>
<i>secondary: </i><i>causative</i>: <b>īráyati</b> <i>etc. </i><sub>V.+ </sub>&#xa0;<b>īráyate</b> <i>etc. </i>&#xa0;<b>īryate</b> <i>etc. </i><sub>B.+ </sub>&#xa0;<b>īritá</b> <sub>V.+ </sub>&#xa0;<b>īryant</b> &#xa0;<b>īrayádhyai</b> &#xa0;</p><p>
<i>derivatives: </i><b>īra</b> <sub>E.+ </sub>&#xa0;<b>-īraka</b> <sub>C. </sub>&#xa0;<b>īrya</b> <sub>B. </sub>&#xa0;<b>īryā</b> <sub>C. </sub>&#xa0;<b>īrin</b> <sub>E.+ </sub>&#xa0;<b>īraṇa</b> <sub>E.+ </sub>&#xa0;<b>-īraṇīya</b> <sub>C. </sub>&#xa0;<b>-īritṛ</b> <sub>U. </sub>&#xa0;<b>īrmá</b> <sub>V.B. </sub>&#xa0;</p><p>
The form <b>īryayati</b>, doubtless false, is found once in &#199;B.</p></body>
</html>
