<!-- XHTML generated by dict script -->
<html>
<head>
<title>IS</title>
<META HTTP-EQUIV="Content-Type" CONTENT="text/html; charset=utf-8"/>
<!--link rel="stylesheet" href="/Sanskrit/whitney/dict.css" /-->
</head>
<body><p><a href="index.htm">Index</a></p>
<p><table width="100%"><tr><td align="center" width="50%">Previous: <b><a href="Irzy.htm">īrṣy</a></b></td><td align="center" width="50%">Next: <b><a href="Iz.htm">īṣ</a></b></td></tr></table></p><hr />

<h2>&#x221a;īś<i> 'be master'</i></h2><p>
<i>present: </i>[2.] <b>īṣṭe</b> &#xa0;<b>ī́śate</b>  <font color="green">(2s.)</font> <i>etc. </i>&#xa0;<b>ī́kṣe</b> &#xa0;<b>ī́śiṣe</b> &#xa0;<b>ī́śe</b>  <font color="green">(3s.)</font> &#xa0;<b>īśite</b> &#xa0;<b>īśidhve</b> <sub>V.+ </sub>&#xa0; -- [1.] <b>īśate</b> &#xa0;<b>īśata</b> &#xa0;</p><p>
<i>perfect: </i><b>ī́śire</b>? &#xa0; -- <b>īśāṃ</b> &#xa0;<b>cakre</b> &#xa0;</p><p>
[<i>aorist: </i><b>āśiṣṭa</b> &#xa0;]</p><p>
<i>future: </i>[1.] <b>īśiṣyati</b> &#xa0;<b>īśiṣyate</b> &#xa0; -- [2.] <b>īśitā</b> &#xa0;</p><p>
<i>verbal: </i><b>īśita</b> &#xa0;</p><p>
<i>derivatives: </i><b>ī́ś</b> &#xa0;<b>īśá</b> <sub>B.+ </sub>&#xa0;<b>īśā́</b> <sub>AV.+ </sub>&#xa0;<b>īśin</b> <sub>U.+ </sub>&#xa0;<b>īśana</b> <sub>U. </sub>&#xa0;<b>īśitavya</b> <sub>C. </sub>&#xa0;<b>īśitṛ</b> <sub>U.+ </sub>&#xa0;<b>-īśu</b> <sub>V.+ </sub>&#xa0;<b>īśvará</b> <sub>AV.+ </sub>&#xa0;</p></body>
</html>
