<!-- XHTML generated by dict script -->
<html>
<head>
<title>jakz1</title>
<META HTTP-EQUIV="Content-Type" CONTENT="text/html; charset=utf-8"/>
<!--link rel="stylesheet" href="/Sanskrit/whitney/dict.css" /-->
</head>
<body><p><a href="index.htm">Index</a></p>
<p><table width="100%"><tr><td align="center" width="50%">Previous: <b><a href="jakz.htm">jakṣ</a></b></td><td align="center" width="50%">Next: <b><a href="jakz2.htm">jakṣ2</a></b></td></tr></table></p><hr />

<h2>&#x221a;jakṣ1<i> 'eat'</i></h2><p>
<i>present: </i>[2.] <b>jakṣiti</b> &#xa0;<b>jagdhi</b> &#xa0;<b>ajakṣus</b> &#xa0;<b>jakṣat</b> &#xa0; -- [1.] <b>jakṣati</b> <i>etc. </i>&#xa0;</p><p>
[<i>perfect: </i><b>jajakṣa</b> &#xa0;<b>ajajakṣat</b> &#xa0;<b>ajakṣīt</b> &#xa0;<b>jakṣiṣyati</b> &#xa0;<b>jakṣitā</b> &#xa0;]</p><p>
<i>verbal: </i><b>jagdhá</b> <sub>V.+ </sub>&#xa0;<b>jagdhum</b> &#xa0;<b>jagdhvā́</b> <sub>AV.+ </sub>&#xa0;<b>jagdhvā́ya</b> &#xa0;</p><p>
[<i>secondary: </i><b>jājakṣ-</b> &#xa0;<b>jijakṣiṣa-</b> &#xa0;<b>jakṣaya-</b> &#xa0;]</p><p>
<i>derivatives: </i><b>jágdhi</b> <sub>B.+ </sub>&#xa0;</p><p>
A reduplicated form of &#x221a;<b>ghas</b>.  The present forms found later only in the <b> bhāgavata</b>-<b> purāṇa</b>.</p></body>
</html>
