<!-- XHTML generated by dict script -->
<html>
<head>
<title>jakz</title>
<META HTTP-EQUIV="Content-Type" CONTENT="text/html; charset=utf-8"/>
<!--link rel="stylesheet" href="/Sanskrit/whitney/dict.css" /-->
</head>
<body><p><a href="index.htm">Index</a></p>
<p><table width="100%"><tr><td align="center" width="50%">Previous: <b><a href="Cfd.htm">chṛd</a></b></td><td align="center" width="50%">Next: <b><a href="jakz1.htm">jakṣ1</a></b></td></tr></table></p><hr />

<h2>Choose a lemma:</h2><ol>
<li/><a href="jakz1.htm">jakṣ1</a><li/><a href="jakz2.htm">jakṣ2</a></ol>
</body>
</html>
