<!-- XHTML generated by dict script -->
<html>
<head>
<title>jap</title>
<META HTTP-EQUIV="Content-Type" CONTENT="text/html; charset=utf-8"/>
<!--link rel="stylesheet" href="/Sanskrit/whitney/dict.css" /-->
</head>
<body><p><a href="index.htm">Index</a></p>
<p><table width="100%"><tr><td align="center" width="50%">Previous: <b><a href="jan.htm">jan</a></b></td><td align="center" width="50%">Next: <b><a href="jaB.htm">jabh</a></b></td></tr></table></p><hr />

<h2>&#x221a;jap<i> 'whisper'</i></h2><p>
<i>present: </i>[1.] <b>jápati</b> <i>etc. </i><sub>B.+ </sub>&#xa0;<b>jápate</b> <i>etc. </i><sub>S.+ </sub>&#xa0;</p><p>
<i>perfect: </i><b>jajāpa</b> &#xa0;<b>jepus</b> <i>etc. </i>&#xa0;</p><p>
<i>aorist: </i>[3.] <b>ajījapat</b> &#xa0; -- [5.] <b>ajapīt</b> &#xa0;<b>ajāpīt</b> &#xa0;</p><p>
<i>future: </i>[1.] <b>japiṣyáti</b> &#xa0; -- [2.] <b>japitā</b> &#xa0;</p><p>
<i>verbal: </i><b>japita</b> <sub>S.+ </sub>&#xa0;<b>japta</b> <sub>E.+ </sub>&#xa0;<b>japitum</b> &#xa0;<b>japitvā</b> <sub>B.+ </sub>&#xa0;<b>japtvā</b> <sub>S.+ </sub>&#xa0;</p><p>
<i>secondary: </i><i>passive</i>: <b>japyate</b> &#xa0; -- <i>intensive</i>: <b>jañjapyáte</b> &#xa0; -- <b>jijapiṣa-</b> &#xa0; -- <i>causative</i>: <b>jāpayati</b> &#xa0;</p><p>
<i>derivatives: </i><b>japá</b> <sub>B.+ </sub>&#xa0;<b>japin</b> <sub>C. </sub>&#xa0;<b>jápya</b> <sub>B.+ </sub>&#xa0;<b>japana</b> <sub>E. </sub>&#xa0;<b>japanīya</b> <sub>C. </sub>&#xa0;<b>japtavya</b> <sub>E.+ </sub>&#xa0;<b>jāpa</b> <sub>E.+ </sub>&#xa0;<b>jāpaka</b> <sub>E.+ </sub>&#xa0;<b>jāphin</b> <sub>C. </sub>&#xa0;<b>jāpya</b> <sub>E.+ </sub>&#xa0;<b>-jañjapa</b> <sub>C. </sub>&#xa0;<b>jañjapūka</b> <sub>C. </sub>&#xa0;</p></body>
</html>
