<!-- XHTML generated by dict script -->
<html>
<head>
<title>jeh</title>
<META HTTP-EQUIV="Content-Type" CONTENT="text/html; charset=utf-8"/>
<!--link rel="stylesheet" href="/Sanskrit/whitney/dict.css" /-->
</head>
<body><p><a href="index.htm">Index</a></p>
<p><table width="100%"><tr><td align="center" width="50%">Previous: <b><a href="jf2.htm">jṛ2</a></b></td><td align="center" width="50%">Next: <b><a href="jYA.htm">jñā</a></b></td></tr></table></p><hr />

<h2>&#x221a;jeh<i> 'loll, pant'</i></h2><p>
<i>present: </i>[1.] <b>jéhamāna</b> &#xa0;</p><p>
[<i>perfect: </i><b>jijehe</b> &#xa0;<b>ajijehat</b> &#xa0;<b>ajehiṣṭa</b> &#xa0;<b>jehiṣyate</b> &#xa0;<b>jehitā</b> &#xa0;<b>jehayati</b> &#xa0;]</p><p>
If, as seems probable, <b>jihmá</b> V.+ belongs here, the root should be written <b>jih</b>.  It is perhaps a secondary reduplicated formation from &#x221a;<b>hā</b>.</p></body>
</html>
