<!-- XHTML generated by dict script -->
<html>
<head>
<title>jf1</title>
<META HTTP-EQUIV="Content-Type" CONTENT="text/html; charset=utf-8"/>
<!--link rel="stylesheet" href="/Sanskrit/whitney/dict.css" /-->
</head>
<body><p><a href="index.htm">Index</a></p>
<p><table width="100%"><tr><td align="center" width="50%">Previous: <b><a href="jf.htm">jṛ</a></b></td><td align="center" width="50%">Next: <b><a href="jf2.htm">jṛ2</a></b></td></tr></table></p><hr />

<h2>&#x221a;jṛ1<i> 'waste away'</i></h2><p>
<i>present: </i>[1.] <b>járati</b> <i>etc. </i>&#xa0;<b>jaranta</b> &#xa0;<b>járant</b> <sub>V.+ </sub>&#xa0; -- [6.] <b>juráti</b> <i>etc. </i>&#xa0; -- [4.] <b>jī́ryati</b> <i>etc. </i><sub>AV.+ </sub>&#xa0;<b>jī́ryate</b> <i>etc. </i><sub>B.+ </sub>&#xa0;<b>jū́ryati</b> <i>etc. </i>&#xa0;</p><p>
<i>perfect: </i><b>jajā́ra</b> &#xa0;<b>jajarus</b> &#xa0;<b>jerus</b> &#xa0;<b>jujurvā́ṅs</b> &#xa0;</p><p>
<i>aorist: </i>[1.] <b>jīryāt</b> &#xa0; -- [2.] <b>ajarat</b> &#xa0; -- [3.] <b>ajījarat</b> &#xa0; -- [5.] <b>jāriṣus</b> &#xa0;</p><p>
[<i>future: </i><b>jariṣyati</b> &#xa0;<b>jarīṣyati</b> &#xa0;<b>jaritā</b> &#xa0;<b>jarītā</b> &#xa0;]</p><p>
<i>secondary: </i><i>passive</i>: <b>jīryate</b> <i>etc. </i>&#xa0; -- <i>intensive</i>: <b>jājṛ-</b> &#xa0;<b>jejīrya-</b> &#xa0; -- <i>desiderative</i>: <b>jijariṣa-</b> &#xa0;<b>jijarīṣa-</b> &#xa0;<b>jijīrṣa-</b> &#xa0; -- <i>causative</i>: <b>jaráyati</b> &#xa0;<b>jaráyate</b> <i>etc. </i><sub>V.+ </sub>&#xa0;<b>jāráyant</b> &#xa0;</p><p>
<i>derivatives: </i><b>jára</b> <sub>V.+ </sub>&#xa0;<b>jarā́</b> <sub>V.+ </sub>&#xa0;<b>jaraṇá</b> <sub>V.+ </sub>&#xa0;<b>jaraṇi</b> <sub>RV. </sub>&#xa0;<b>jarás</b> <sub>V.+ </sub>&#xa0;<b>jarimán</b> <sub>V.B. </sub>&#xa0;<b>járūtha</b>? <sub>RV. </sub>&#xa0;<b>jā́ra</b> <sub>RV. </sub>&#xa0;<b>jāraṇa</b> <sub>C. </sub>&#xa0;<b>jírvi</b> <sub>AV. </sub>&#xa0;<b>jívri</b>? <sub>RV. </sub>&#xa0;<b>-jīrti</b> <sub>C. </sub>&#xa0;<b>jī́rṇi</b> <sub>B. </sub>&#xa0;<b>-jur</b> <sub>RV. </sub>&#xa0;<b>-jurya</b> <sub>V.B. </sub>&#xa0;<b>jū́rya</b> <sub>RV. </sub>&#xa0;<b>jūrṇí</b> <sub>RV. </sub>&#xa0;<b>jáguri</b> <sub>RV. </sub>&#xa0;<b>jarjara</b> <sub>B.+ </sub>&#xa0;<b>jarayitṛ</b> <sub>C. </sub>&#xa0;<b>-jarayu</b> <sub>RV. </sub>&#xa0;<b>jarā́yu</b>? <sub>V.+ </sub>&#xa0;<b>-jariṣṇu</b> <sub>C. </sub>&#xa0;</p><p>
Compare &#x221a;<b>jūrv</b> and <b>jvar</b>.</p></body>
</html>
