<!-- XHTML generated by dict script -->
<html>
<head>
<title>ji1</title>
<META HTTP-EQUIV="Content-Type" CONTENT="text/html; charset=utf-8"/>
<!--link rel="stylesheet" href="/Sanskrit/whitney/dict.css" /-->
</head>
<body><p><a href="index.htm">Index</a></p>
<p><table width="100%"><tr><td align="center" width="50%">Previous: <b><a href="ji.htm">ji</a></b></td><td align="center" width="50%">Next: <b><a href="ji2.htm">ji2</a></b></td></tr></table></p><hr />

<h2>&#x221a;ji1<i> 'conquer'</i></h2><p>
<i>present: </i>[1.] <b>jáyati</b> &#xa0;<b>jáyate</b> <i>etc. </i><sub>V.+ </sub>&#xa0; -- [2.] <b>jéṣi</b> &#xa0;<b>jitam</b> &#xa0;</p><p>
<i>perfect: </i><b>jigā́ya</b> <i>etc. </i>&#xa0;<b>jigetha</b> &#xa0;<b>jigīvā́ṅs</b> &#xa0;<b>jigivā́ṅs</b> <sub>B.+ </sub>&#xa0;<b>jigye</b> <i>etc. </i><sub>V.+ </sub>&#xa0; -- <b>-jayām</b> &#xa0;<b>āsa</b> &#xa0;</p><p>
<i>aorist: </i>[1.] <b>ajāyi</b> &#xa0;<b>jīyāt</b> &#xa0;<b>jayyāt</b> &#xa0; -- [3.] <b>ajījayat</b> &#xa0; -- [4.] <b>ajaiṣīt</b> <i>etc. </i><sub>V.+ </sub>&#xa0;<b>ajais</b> &#xa0;<b>ajait</b> &#xa0;<b>jéṣat</b> <i>etc. </i>&#xa0;<b>jeṣi</b> &#xa0;<b>ajaiṣṭa</b> &#xa0; -- [5.] <b>ajayit</b> &#xa0;<b>ajayiṣata</b>  <font color="green">(3p.)</font> &#xa0;</p><p>
<i>future: </i><b>jeṣyati</b> <i>etc. </i><sub>V.+ </sub>&#xa0;<b>jeṣyate</b> <i>etc. </i>&#xa0;<b>jayiṣyati</b> &#xa0;<b>jayiṣyate</b> &#xa0; -- [2.] <b>jetā́</b> <i>etc. </i>&#xa0;</p><p>
<i>verbal: </i><b>jitá</b> <sub>V.+ </sub>&#xa0;<b>jétum</b> <sub>B.+ </sub>&#xa0;<b>jétave</b> &#xa0;<b>jitvā́</b> <sub>B.+ </sub>&#xa0;<b>-jítya</b> <sub>AV.+ </sub>&#xa0;<b>jiṣé</b> &#xa0;</p><p>
<i>secondary: </i><i>passive</i>: <b>jīyate</b> <i>etc. </i><sub>E.+ </sub>&#xa0;<b>jīyeyam</b> &#xa0; -- <i>intensive</i>: <b>jejīya-</b> &#xa0; -- <i>desiderative</i>: <b>jígīṣati</b> &#xa0;<b>jígīṣate</b> <i>etc. </i><sub>V.+ </sub>&#xa0; -- <i>causative</i>: <b>jāpayati</b> <i>etc. </i>&#xa0;<b>ajījapata</b> &#xa0;<b>ajījipata</b> &#xa0;</p><p>
<i>derivatives: </i><b>jayá</b> <sub>V.+ </sub>&#xa0;<b>jayin</b> <sub>E.+ </sub>&#xa0;<b>jayyà</b> <sub>B. </sub>&#xa0;<b>-jayana</b> <sub>E.+ </sub>&#xa0;<b>jayús</b> <sub>RV. </sub>&#xa0;<b>-ji</b> <sub>AV. </sub>&#xa0;<b>-jit</b> <sub>V.+ </sub>&#xa0;<b>-jityā</b> <sub>B. </sub>&#xa0;<b>jíti</b> <sub>V.+ </sub>&#xa0;<b>-jítvan</b> <sub>V.B. </sub>&#xa0;<b>-jitvara</b> <sub>C. </sub>&#xa0;<b>jina</b> <sub>C. </sub>&#xa0;<b>jiṣṇú</b> <sub>V.+ </sub>&#xa0;<b>jayiṣṇu</b> <sub>U.E. </sub>&#xa0;<b>jétva</b> <sub>V.B. </sub>&#xa0;<b>jetavya</b> <sub>E.+ </sub>&#xa0;<b>jetṛ</b> <sub>V.+ </sub>&#xa0;<b>jayitṛ</b> <sub>B.E. </sub>&#xa0;<b>jéman</b> <sub>RV. </sub>&#xa0;<b>jemán</b> <sub>B. </sub>&#xa0;<b>jeya</b> <sub>E.+ </sub>&#xa0;<b>jeṣá</b> <sub>V.B.S. </sub>&#xa0;<b>-jeṣin</b> <sub>B. </sub>&#xa0;<b>jāyin</b> <sub>B.+ </sub>&#xa0;<b>jāyú</b> <sub>RV. </sub>&#xa0;<b>jā́yuka</b> <sub>MS. </sub>&#xa0;<b>jigyú</b> <sub>RV. </sub>&#xa0;<b>jigīṣā́</b> <sub>V.+ </sub>&#xa0;<b>-jigīṣin</b> <sub>GB.E. </sub>&#xa0;<b>jigīṣú</b> <sub>V.+ </sub>&#xa0;<b>-jāpayitṛ</b> <sub>B. </sub>&#xa0;</p></body>
</html>
