<!-- XHTML generated by dict script -->
<html>
<head>
<title>jrmB</title>
<META HTTP-EQUIV="Content-Type" CONTENT="text/html; charset=utf-8"/>
<!--link rel="stylesheet" href="/Sanskrit/whitney/dict.css" /-->
</head>
<body><p><a href="index.htm">Index</a></p>
<p><table width="100%"><tr><td align="center" width="50%">Previous: <b><a href="jri.htm">jri</a></b></td><td align="center" width="50%">Next: <b><a href="jvar.htm">jvar</a></b></td></tr></table></p><hr />

<h2>&#x221a;jrmbh<i> 'gape'</i></h2><p>
<i>present: </i>[1.] <b>jṛ́mbhate</b> <i>etc. </i><sub>V.+ </sub>&#xa0;<b>jṛ́mbhati</b> <i>etc. </i><sub>B.+ </sub>&#xa0;</p><p>
<i>perfect: </i><b>jajṛmbhe</b> <i>etc. </i><sub>E.+ </sub>&#xa0;</p><p>
[<i>aorist: </i><b>ajṛmbhiṣṭa</b> &#xa0;<b>jṛmbhiṣyate</b> &#xa0;<b>jṛmbhitā</b> &#xa0;]</p><p>
<i>verbal: </i><b>jṛmbhita</b> <sub>E.+ </sub>&#xa0;<b>jṛmbhitvā</b> &#xa0;</p><p>
<i>secondary: </i><i>intensive</i>: <b>jarījṛmbhate</b> &#xa0; -- <i>causative</i>: <b>jṛmbhayati</b> <i>etc. </i>&#xa0;</p><p>
<i>derivatives: </i><b>jṛmbha</b> <sub>E.+ </sub>&#xa0;<b>jṛmbhā</b> <sub>C. </sub>&#xa0;<b>jṛmbhaka</b> <sub>E.+ </sub>&#xa0;<b>-jṛmbhin</b> <sub>C. </sub>&#xa0;<b>jṛmbhaṇa</b> <sub>E.+ </sub>&#xa0;</p></body>
</html>
