<!-- XHTML generated by dict script -->
<html>
<head>
<title>jU</title>
<META HTTP-EQUIV="Content-Type" CONTENT="text/html; charset=utf-8"/>
<!--link rel="stylesheet" href="/Sanskrit/whitney/dict.css" /-->
</head>
<body><p><a href="index.htm">Index</a></p>
<p><table width="100%"><tr><td align="center" width="50%">Previous: <b><a href="juz.htm">juṣ</a></b></td><td align="center" width="50%">Next: <b><a href="jUrv.htm">jūrv</a></b></td></tr></table></p><hr />

<h2>&#x221a;jū<i> 'be swift'</i></h2><p>
<i>present: </i>[9.] <b>junā́ti</b> <i>etc. </i>&#xa0; -- [1.] <b>jávate</b> <i>etc. </i>&#xa0;</p><p>
<i>perfect: </i><b>jūjuvus</b> &#xa0;<b>jūjuvat</b> &#xa0;<b>jūjuvā́ṅs</b> &#xa0;<b>jūjuvāná</b> &#xa0;</p><p>
[<i>aorist: </i>[3.] <b>ajījavat</b> &#xa0;]</p><p>
<i>verbal: </i><b>jūtá</b> &#xa0;<b>javita</b> <sub>E.+ </sub>&#xa0;<b>-jávam</b> &#xa0;</p><p>
<i>secondary: </i><i>causative</i>: <b>jāvayati</b> &#xa0;<b>jijāvayiṣa-</b> &#xa0;</p><p>
<i>derivatives: </i><b>javá</b> <sub>V.+ </sub>&#xa0;<b>javín</b> <sub>V.+ </sub>&#xa0;<b>jávana</b> <sub>V.+ </sub>&#xa0;<b>jávas</b> <sub>V. </sub>&#xa0;<b>jáviṣṭha</b> <sub>V.+ </sub>&#xa0;<b>jávīyas</b> <sub>RV.B.U. </sub>&#xa0;<b>júvas</b> <sub>RV. </sub>&#xa0;<b>jū́</b> <sub>V.B. </sub>&#xa0;<b>jūtí</b> <sub>V.B.U. </sub>&#xa0;</p><p>
Related with &#x221a;<b>jīv</b>, and perhaps with &#x221a;<b>ji</b>, <b>jinv</b>; <b>javita</b> is more probably denominative from <b>java</b>.</p></body>
</html>
