<!-- XHTML generated by dict script -->
<html>
<head>
<title>jUrv</title>
<META HTTP-EQUIV="Content-Type" CONTENT="text/html; charset=utf-8"/>
<!--link rel="stylesheet" href="/Sanskrit/whitney/dict.css" /-->
</head>
<body><p><a href="index.htm">Index</a></p>
<p><table width="100%"><tr><td align="center" width="50%">Previous: <b><a href="jU.htm">jū</a></b></td><td align="center" width="50%">Next: <b><a href="jf.htm">jṛ</a></b></td></tr></table></p><hr />

<h2>&#x221a;jūrv<i> 'consume'</i></h2><p>
<i>present: </i>[1.] <b>jū́rvati</b> <i>etc. </i>&#xa0;</p><p>
<i>aorist: </i>[5.] <b>jūrvīt</b> &#xa0;</p><p>
Doubtless a secondary formation (<b>u</b>- or eighth class) from &#x221a;<b>jṛ</b>, <b>jur</b>.</p></body>
</html>
