<!-- XHTML generated by dict script -->
<html>
<head>
<title>juz</title>
<META HTTP-EQUIV="Content-Type" CONTENT="text/html; charset=utf-8"/>
<!--link rel="stylesheet" href="/Sanskrit/whitney/dict.css" /-->
</head>
<body><p><a href="index.htm">Index</a></p>
<p><table width="100%"><tr><td align="center" width="50%">Previous: <b><a href="jur.htm">jur</a></b></td><td align="center" width="50%">Next: <b><a href="jU.htm">jū</a></b></td></tr></table></p><hr />

<h2>&#x221a;juṣ<i> 'enjoy'</i></h2><p>
<i>present: </i>[6.] <b>juṣáte</b> <i>etc. </i><sub>V.+ </sub>&#xa0;<b>juṣáti</b> <i>etc. </i>&#xa0; -- [2.] <b>jóṣi</b> &#xa0;</p><p>
<i>perfect: </i><b>jujóṣa</b> <i>etc. </i><sub>V.+ </sub>&#xa0;<b>jujuṣé</b> <i>etc. </i>&#xa0;<b>jujuṣan</b> &#xa0;<b>jújoṣati</b> <i>etc. </i>&#xa0;<b>jújoṣat</b> <i>etc. </i>&#xa0;<b>jújoṣate</b> &#xa0;<b>jujóṣate</b> &#xa0;<b>jujuṣṭana</b> &#xa0;<b>ajujoṣam</b> &#xa0;</p><p>
<i>aorist: </i>[1.] <b>ajuṣran</b> &#xa0;<b>joṣati</b> &#xa0;<b>joṣase</b> &#xa0;<b>juṣāṇá</b> &#xa0;<b>juṣyāt</b> &#xa0; -- [3.] <b>ajūjuṣat</b> &#xa0; -- [5.] <b>jóṣiṣat</b> &#xa0;</p><p>
[<i>future: </i><b>joṣiṣyate</b> &#xa0;<b>joṣitā</b> &#xa0;]</p><p>
<i>verbal: </i><b>júṣṭa</b> &#xa0;<b>juṣṭá</b> <sub>V.+ </sub>&#xa0;<b>juṣṭvī́</b> &#xa0;</p><p>
<i>secondary: </i><i>intensive</i>: <b>jojuṣ-</b> &#xa0; -- <i>desiderative</i>: <b>jujuṣiṣa-</b> &#xa0;<b>jujoṣiṣa-</b> &#xa0; -- <i>causative</i>: <b>joṣáyate</b> <i>etc. </i><sub>V.+ </sub>&#xa0;<b>joṣáyati</b> &#xa0;</p><p>
<i>derivatives: </i><b>-jus</b> <sub>V.+ </sub>&#xa0;<b>-juṣa</b> <sub>B. </sub>&#xa0;<b>júṣṭi</b> <sub>V. </sub>&#xa0;<b>jóṣa</b> <sub>V.+ </sub>&#xa0;<b>jóṣya</b> <sub>RV. </sub>&#xa0;<b>joṣaṇa</b> <sub>B.+ </sub>&#xa0;<b>-jóṣas</b> <sub>V.B. </sub>&#xa0;<b>joṣṭṛ</b> <sub>V.B.S. </sub>&#xa0;<b>joṣayitavya</b> <sub>C. </sub>&#xa0;<b>jóṣayitṛ</b> <sub>B. </sub>&#xa0;</p></body>
</html>
