<!-- XHTML generated by dict script -->
<html>
<head>
<title>kad</title>
<META HTTP-EQUIV="Content-Type" CONTENT="text/html; charset=utf-8"/>
<!--link rel="stylesheet" href="/Sanskrit/whitney/dict.css" /-->
</head>
<body><p><a href="index.htm">Index</a></p>
<p><table width="100%"><tr><td align="center" width="50%">Previous: <b><a href="katT.htm">katth</a></b></td><td align="center" width="50%">Next: <b><a href="kan.htm">kan</a></b></td></tr></table></p><hr />

<h2>&#x221a;kad<i> 'destroy'</i></h2><p>
Only in the deriv. <b>kadana</b> E.+, and in <b>cakāda kadanam</b> R., where <b>cakāda</b> is a misreading for <b>cakāra</b>.</p></body>
</html>
