<!-- XHTML generated by dict script -->
<html>
<head>
<title>KAd</title>
<META HTTP-EQUIV="Content-Type" CONTENT="text/html; charset=utf-8"/>
<!--link rel="stylesheet" href="/Sanskrit/whitney/dict.css" /-->
</head>
<body><p><a href="index.htm">Index</a></p>
<p><table width="100%"><tr><td align="center" width="50%">Previous: <b><a href="KA.htm">khā</a></b></td><td align="center" width="50%">Next: <b><a href="Kid.htm">khid</a></b></td></tr></table></p><hr />

<h2>&#x221a;khād<i> 'chew'</i></h2><p>
<i>present: </i>[1.] <b>kā́dati</b> <i>etc. </i><sub>V.+ </sub>&#xa0;</p><p>
<i>perfect: </i><b>cakhā́da</b> <i>etc. </i><sub>V.+ </sub>&#xa0;</p><p>
[<i>aorist: </i><b>acakhādat</b> &#xa0;<b>akhādīt</b> &#xa0;]</p><p>
<i>future: </i>[1.] <b>khādiṣyate</b> &#xa0;<b>khādiṣyati</b> &#xa0; -- [2.] <b>khāditā</b> &#xa0;</p><p>
<i>verbal: </i><b>khāditá</b> <sub>B.+ </sub>&#xa0;<b>khāditvā</b> &#xa0;</p><p>
<i>secondary: </i><i>passive</i>: <b>khādyate</b> &#xa0; -- <i>intensive</i>: <b>cākhād-</b> &#xa0; -- <i>desiderative</i>: <b>cikhādiṣati</b> <sub>E.+ </sub>&#xa0; -- <i>causative</i>: <b>khādayati</b> <i>etc. </i><sub>E.+ </sub>&#xa0;</p><p>
<i>derivatives: </i><b>khādá</b> <sub>V.+ </sub>&#xa0;<b>khādaka</b> <sub>S.+ </sub>&#xa0;<b>khādin</b> <sub>E.+ </sub>&#xa0;<b>khādya</b> <sub>E.+ </sub>&#xa0;<b>khādana</b> <sub>E.+ </sub>&#xa0;<b>khadanīya</b> <sub>C. </sub>&#xa0;<b>khā́das-</b> <sub>RV. </sub>&#xa0;<b>khāditavya</b> <sub>C. </sub>&#xa0;<b>khāditṛ</b> <sub>C. </sub>&#xa0;<b>cikhādiṣu</b> <sub>E.+ </sub>&#xa0;</p></body>
</html>
