<!-- XHTML generated by dict script -->
<html>
<head>
<title>Kad</title>
<META HTTP-EQUIV="Content-Type" CONTENT="text/html; charset=utf-8"/>
<!--link rel="stylesheet" href="/Sanskrit/whitney/dict.css" /-->
</head>
<body><p><a href="index.htm">Index</a></p>
<p><table width="100%"><tr><td align="center" width="50%">Previous: <b><a href="KaYj.htm">khañj</a></b></td><td align="center" width="50%">Next: <b><a href="Kan.htm">khan</a></b></td></tr></table></p><hr />

<h2>&#x221a;khad<i> 'be hard'</i></h2><p>
<i>present: </i><b>-khadánt</b>? &#xa0;</p><p>
[<i>perfect: </i><b>cakhāda</b> <i>etc. </i>&#xa0;]</p><p>
<i>derivatives: </i><b>khadā</b> &#xa0;<b>khadirá</b> <sub>V.+ </sub>&#xa0;</p><p>
Very doubtful root; the occurrence in &#199;B. perhaps a false reading.</p></body>
</html>
