<!-- XHTML generated by dict script -->
<html>
<head>
<title>Kall</title>
<META HTTP-EQUIV="Content-Type" CONTENT="text/html; charset=utf-8"/>
<!--link rel="stylesheet" href="/Sanskrit/whitney/dict.css" /-->
</head>
<body><p><a href="index.htm">Index</a></p>
<p><table width="100%"><tr><td align="center" width="50%">Previous: <b><a href="Karj.htm">kharj</a></b></td><td align="center" width="50%">Next: <b><a href="KA.htm">khā</a></b></td></tr></table></p><hr />

<h2>&#x221a;khall<i> 'be relaxed'</i></h2><p>
<i>present: </i>[1.] <b>khallate</b> &#xa0;</p><p>
<i>verbal: </i><b>khallita</b> &#xa0;</p><p>
<i>derivatives: </i><b>khalla</b> &#xa0;</p></body>
</html>
