<!-- XHTML generated by dict script -->
<html>
<head>
<title>kam</title>
<META HTTP-EQUIV="Content-Type" CONTENT="text/html; charset=utf-8"/>
<!--link rel="stylesheet" href="/Sanskrit/whitney/dict.css" /-->
</head>
<body><p><a href="index.htm">Index</a></p>
<p><table width="100%"><tr><td align="center" width="50%">Previous: <b><a href="kan.htm">kan</a></b></td><td align="center" width="50%">Next: <b><a href="kamp.htm">kamp</a></b></td></tr></table></p><hr />

<h2>&#x221a;kam<i> 'love'</i></h2><p>
<i>perfect: </i><b>cakamé</b> <i>etc. </i><sub>V.+ </sub>&#xa0;</p><p>
<i>aorist: </i>[3.] <b>acakamata</b> &#xa0;<b>acīkamata</b> <i>etc. </i>&#xa0; -- [5.] <b>kamiṣīṣṭa</b> &#xa0;</p><p>
<i>future: </i>[1.] <b>kamiṣyate</b> <i>etc. </i>&#xa0; -- [2.] <b>kamitā</b> &#xa0;</p><p>
<i>verbal: </i><b>kāṃta</b> <sub>E.+ </sub>&#xa0;<b>kāṃtvā</b> &#xa0;<b>kamitvā</b> &#xa0;<b>-kamas</b> &#xa0;<b>-kā́mam</b> &#xa0;</p><p>
<i>secondary: </i><b>caṅkam-</b> &#xa0; -- <i>desiderative</i>: <b>cikamiṣa-</b> &#xa0; -- <i>causative</i>: <b>kāmáyate</b> <i>etc. </i><sub>V.+ </sub>&#xa0;<b>kāmáyati</b> <i>etc. </i>&#xa0;</p><p>
<i>derivatives: </i><b>kám</b>? <sub>V.+ </sub>&#xa0;<b>kama-</b>? <sub>V. </sub>&#xa0;<b>kamana</b> <sub>C. </sub>&#xa0;<b>kamanīya</b> <sub>C. </sub>&#xa0;<b>kamitṛ</b> <sub>C. </sub>&#xa0;<b>kamra</b> <sub>C. </sub>&#xa0;<b>kā́ma</b> <sub>V.+ </sub>&#xa0;<b>kāmín</b> <sub>V.+ </sub>&#xa0;<b>kā́mya</b> <sub>V.+ </sub>&#xa0;<b>-kāmyā́</b> <sub>AV.+ </sub>&#xa0;<b>-kāman</b> <sub>RV1. </sub>&#xa0;<b>kāmana</b> <sub>S.+ </sub>&#xa0;<b>kā́muka</b> <sub>B.+ </sub>&#xa0;<b>kāṃti</b> <sub>E.+ </sub>&#xa0;<b>kāmyitavya</b> <sub>C. </sub>&#xa0;</p><p>
Doubtless the same with the preceding.</p></body>
</html>
