<!-- XHTML generated by dict script -->
<html>
<head>
<title>kANkz</title>
<META HTTP-EQUIV="Content-Type" CONTENT="text/html; charset=utf-8"/>
<!--link rel="stylesheet" href="/Sanskrit/whitney/dict.css" /-->
</head>
<body><p><a href="index.htm">Index</a></p>
<p><table width="100%"><tr><td align="center" width="50%">Previous: <b><a href="kA.htm">kā</a></b></td><td align="center" width="50%">Next: <b><a href="kAS.htm">kāś</a></b></td></tr></table></p><hr />

<h2>&#x221a;kāṅkṣ<i> 'desire'</i></h2><p>
<i>present: </i>[1.] <b>kāṅkṣati</b> &#xa0;<b>kāṅkṣate</b> <i>etc. </i><sub>B.+ </sub>&#xa0;</p><p>
<i>perfect: </i><b>cakāṅkṣa</b> <sub>E.+ </sub>&#xa0;</p><p>
[<i>aorist: </i><b>acakāṅkṣat</b> &#xa0;<b>akāṅkṣīt</b> &#xa0;<b>kāṅkṣiṣyati</b> &#xa0;<b>kāṅkṣitā</b> &#xa0;]</p><p>
<i>verbal: </i><b>kāṅkṣita</b> <sub>E.+ </sub>&#xa0;</p><p>
<i>secondary: </i><i>intensive</i>: <b>cākāṅkṣya-</b> &#xa0; -- <i>desiderative</i>: <b>cikāṅkṣiṣa-</b> &#xa0; -- <i>causative</i>: <b>kāṅkṣayate</b> <sub>E.+ </sub>&#xa0;</p><p>
<i>derivatives: </i><b>-kāṅkṣa</b> &#xa0;<b>kāṅkṣā</b> <sub>E.+ </sub>&#xa0;<b>kāṅkṣin</b> <sub>E.+ </sub>&#xa0;<b>-kāṅkṣya</b> <sub>C. </sub>&#xa0;<b>-kāṅkṣaṇa</b> <sub>C. </sub>&#xa0;<b>kāṅkṣaṇīya</b> <sub>C. </sub>&#xa0;<b>-kāṅkṣitavya</b> <sub>C. </sub>&#xa0;</p><p>
Perhaps a desiderative formation from &#x221a;<b>kan</b> or <b>kam</b>.</p></body>
</html>
