<!-- XHTML generated by dict script -->
<html>
<head>
<title>Karj</title>
<META HTTP-EQUIV="Content-Type" CONTENT="text/html; charset=utf-8"/>
<!--link rel="stylesheet" href="/Sanskrit/whitney/dict.css" /-->
</head>
<body><p><a href="index.htm">Index</a></p>
<p><table width="100%"><tr><td align="center" width="50%">Previous: <b><a href="Kan.htm">khan</a></b></td><td align="center" width="50%">Next: <b><a href="Kall.htm">khall</a></b></td></tr></table></p><hr />

<h2>&#x221a;kharj<i> 'creak'</i></h2><p>
<i>present: </i>[1.] <b>kharjati</b> &#xa0;</p><p>
<i>derivatives: </i><b>khargálā</b> <sub>V.+ </sub>&#xa0;<b>kharjū́ra</b> <sub>B.+ </sub>&#xa0;</p></body>
</html>
