<!-- XHTML generated by dict script -->
<html>
<head>
<title>kAS</title>
<META HTTP-EQUIV="Content-Type" CONTENT="text/html; charset=utf-8"/>
<!--link rel="stylesheet" href="/Sanskrit/whitney/dict.css" /-->
</head>
<body><p><a href="index.htm">Index</a></p>
<p><table width="100%"><tr><td align="center" width="50%">Previous: <b><a href="kANkz.htm">kāṅkṣ</a></b></td><td align="center" width="50%">Next: <b><a href="kAs.htm">kās</a></b></td></tr></table></p><hr />

<h2>&#x221a;kāś<i> 'appear, make a show'</i></h2><p>
<i>present: </i>[1.] <b>kāśate</b> <i>etc. </i><sub>B.+ </sub>&#xa0;<b>kāśati</b> <i>etc. </i>&#xa0;</p><p>
<i>perfect: </i><b>cakāśe</b> <i>etc. </i><sub>E.+ </sub>&#xa0; -- <b>kāśāṃ</b> &#xa0;<b>cakre</b> &#xa0;</p><p>
[<i>aorist: </i><b>acakāśat</b> &#xa0;<b>akāśiṣṭa</b> &#xa0;<b>kāśiṣyate</b> &#xa0;<b>kāśitā</b> &#xa0;]</p><p>
<i>verbal: </i><b>kāśita</b> &#xa0;<b>-kā́śya</b> &#xa0;</p><p>
<i>secondary: </i><i>intensive</i>: <b>cākaśīti</b> <i>etc. </i>&#xa0;<b>cākaśyáte</b> <i>etc. </i>&#xa0; -- <i>desiderative</i>: <b>cikāśiṣa-</b> &#xa0; -- <i>causative</i>: <b>kāśayati</b> <sub>AV.+ </sub>&#xa0;<b>kāśayate</b> <sub>U.+ </sub>&#xa0;<b>kāśyate</b> &#xa0;</p><p>
<i>derivatives: </i><b>kā́śa</b> <sub>V.+ </sub>&#xa0;<b>-kāśaka</b> <sub>E.+ </sub>&#xa0;<b>-kāśin</b> <sub>E.+ </sub>&#xa0;<b>-kāśya</b> <sub>C. </sub>&#xa0;<b>-kāśana</b> <sub>E.+ </sub>&#xa0;<b>-kāśanīya</b> <sub>C. </sub>&#xa0;<b>-caṅkaśa</b> <sub>AV. </sub>&#xa0;<b>-kāśayitavya</b> <sub>C. </sub>&#xa0;</p></body>
</html>
