<!-- XHTML generated by dict script -->
<html>
<head>
<title>katT</title>
<META HTTP-EQUIV="Content-Type" CONTENT="text/html; charset=utf-8"/>
<!--link rel="stylesheet" href="/Sanskrit/whitney/dict.css" /-->
</head>
<body><p><a href="index.htm">Index</a></p>
<p><table width="100%"><tr><td align="center" width="50%">Previous: <b><a href="ez.htm">eṣ</a></b></td><td align="center" width="50%">Next: <b><a href="kad.htm">kad</a></b></td></tr></table></p><hr />

<h2>&#x221a;katth<i> 'boast'</i></h2><p>
<i>present: </i>[1.] <b>katthate</b> <i>etc. </i><sub>E.+ </sub>&#xa0;<b>katthati</b> <i>etc. </i>&#xa0;</p><p>
[<i>perfect: </i><b>cakatthe</b> &#xa0;<b>akatthiṣṭa</b> &#xa0;<b>katthiṣyate</b> &#xa0;<b>katthitā</b> &#xa0;]</p><p>
<i>verbal: </i><b>katthita</b> <sub>E.+ </sub>&#xa0;<b>katthitum</b> &#xa0;</p><p>
<i>secondary: </i><i>causative</i>: <b>katthayati</b> &#xa0;</p><p>
<i>derivatives: </i><b>-katthā</b> &#xa0;<b>katthaka</b> <sub>C. </sub>&#xa0;<b>-katthin</b> <sub>E.+ </sub>&#xa0;<b>katthana</b> <sub>E.+ </sub>&#xa0;<b>katthitavya</b> <sub>C. </sub>&#xa0;</p><p>
A secondary prakritized root, but of unclear derivation.</p></body>
</html>
