<!-- XHTML generated by dict script -->
<html>
<head>
<title>kf</title>
<META HTTP-EQUIV="Content-Type" CONTENT="text/html; charset=utf-8"/>
<!--link rel="stylesheet" href="/Sanskrit/whitney/dict.css" /-->
</head>
<body><p><a href="index.htm">Index</a></p>
<p><table width="100%"><tr><td align="center" width="50%">Previous: <b><a href="kUl.htm">kūl</a></b></td><td align="center" width="50%">Next: <b><a href="kf1.htm">kṛ1</a></b></td></tr></table></p><hr />

<h2>Choose a lemma:</h2><ol>
<li/><a href="kf1.htm">kṛ1</a><li/><a href="kf2.htm">kṛ2</a><li/><a href="kf3.htm">kṛ3</a></ol>
</body>
</html>
