<!-- XHTML generated by dict script -->
<html>
<head>
<title>kf1</title>
<META HTTP-EQUIV="Content-Type" CONTENT="text/html; charset=utf-8"/>
<!--link rel="stylesheet" href="/Sanskrit/whitney/dict.css" /-->
</head>
<body><p><a href="index.htm">Index</a></p>
<p><table width="100%"><tr><td align="center" width="50%">Previous: <b><a href="kf.htm">kṛ</a></b></td><td align="center" width="50%">Next: <b><a href="kf2.htm">kṛ2</a></b></td></tr></table></p><hr />

<h2>&#x221a;kṛ1<i> 'make'</i></h2><p>
<i>present: </i>[5.] <b>kṛṇóti</b> &#xa0;<b>kṛṇuté</b> <i>etc. </i>&#xa0; -- [8.] <b>karóti</b> &#xa0;<b>kuruté</b> <i>etc. </i><sub>AV.+ </sub>&#xa0; -- [2.] <b>kárṣi</b> &#xa0;<b>kṛthás</b> &#xa0; -- [1.] <b>karanti</b> <i>etc. </i>&#xa0; -- <b>kurmi</b> &#xa0; -- <b>kṛṣe</b>  <font color="green">(1s.)</font> &#xa0;</p><p>
<i>perfect: </i><b>cakā́ra</b> &#xa0;<b>cakré</b> <i>etc. </i>&#xa0;<b>cakártha</b> &#xa0;<b>cakṛṣé</b> <i>etc. </i><sub>V.+ </sub>&#xa0;<b>cakriyās</b> &#xa0;<b>acakrat</b> <i>etc. </i>&#xa0;<b>acakriran</b> &#xa0;</p><p>
<i>aorist: </i>[1.] <b>ákaram</b> <i>etc. </i>&#xa0;<b>akri</b> <i>etc. </i>&#xa0;<b>kárati</b> &#xa0;<b>kárate</b> <i>etc. </i>&#xa0;<b>kriyāma</b> &#xa0;<b>kriyāsam</b> &#xa0;<b>kriyāsma</b> &#xa0;<b>kṛdhí</b> <i>etc. </i><sub>V.+ </sub>&#xa0;<b>kṛṣvá</b> <i>etc. </i>&#xa0;<b>kránt</b> &#xa0;<b>krāṇá</b> &#xa0;<b>kránta</b> &#xa0;<b>akat</b> &#xa0;<b>ákāri</b> <sub>V.+ </sub>&#xa0; -- [2.] <b>ákarat</b> <i>etc. </i>&#xa0; -- [3.] <b>acīkarat</b> &#xa0; -- [4.] <b>akārṣīt</b> <i>etc. </i><sub>B.+ </sub>&#xa0;<b>akṛṣi</b> <i>etc. </i>&#xa0;</p><p>
<i>future: </i>[1.] <b>kariṣyáti</b> <i>etc. </i><sub>V.+ </sub>&#xa0;<b>kariṣyáte</b> <i>etc. </i>&#xa0;<b>akariṣyat</b> <i>etc. </i><sub>B.+ </sub>&#xa0; -- [2.] <b>kartā</b> <sub>S.+ </sub>&#xa0;</p><p>
<i>verbal: </i><b>kṛtá</b> <sub>V.+ </sub>&#xa0;<b>kártum</b> <sub>AV.+ </sub>&#xa0;<b>kártave</b> &#xa0;<b>kártavaí</b> &#xa0;<b>kártos</b> &#xa0;<b>kṛtvā́</b> <sub>AV.+ </sub>&#xa0;<b>kṛtvī́</b> &#xa0;<b>kṛtvā́ya</b> &#xa0;<b>-kṛ́tya</b> <sub>V.+ </sub>&#xa0;<b>-kā́ram</b> <sub>B.+ </sub>&#xa0;</p><p>
<i>secondary: </i><i>passive</i>: <b>kriyáte</b> <i>etc. </i><sub>V.+ </sub>&#xa0; -- <i>intensive</i>: <b>karikṛ-</b> &#xa0;<b>carikṛ-</b> &#xa0; -- <i>desiderative</i>: <b>cíkīrṣati</b> <i>etc. </i><sub>AV.+ </sub>&#xa0;<b>cíkīrṣate</b> <i>etc. </i><sub>S.+ </sub>&#xa0;<b>acikīrṣīs</b> &#xa0;<b>cikīrṣayati</b> &#xa0; -- <i>causative</i>: <b>kārayati</b> &#xa0;<b>kārayate</b> <i>etc. </i><sub>B.+ </sub>&#xa0;<b>kāryate</b> <i>etc. </i><sub>E.+ </sub>&#xa0;<b>cikārayiṣa-</b> &#xa0;</p><p>
<i>derivatives: </i><b>kará</b> <sub>V.+ </sub>&#xa0;<b>karaṇá</b> <sub>RV. </sub>&#xa0;<b>káraṇa</b> <sub>V.+ </sub>&#xa0;<b>karaṇīya</b> <sub>B.+ </sub>&#xa0;<b>-karaṇi</b>? <sub>E. </sub>&#xa0;<b>káras</b> <sub>RV. </sub>&#xa0;<b>káriṣṭha</b> <sub>RV. </sub>&#xa0;<b>-kariṣṇu</b> <sub>S.+ </sub>&#xa0;<b>karúṇa</b> <sub>V.B. </sub>&#xa0;<b>kártva</b> <sub>V. </sub>&#xa0;<b>kartavyà</b> <sub>B.+ </sub>&#xa0;<b>kártṛ</b> <sub>RV. </sub>&#xa0;<b>kartṛ́</b> <sub>V.+ </sub>&#xa0;<b>kártra</b> <sub>AV. </sub>&#xa0;<b>kárman</b> <sub>V.+ </sub>&#xa0;<b>kárvara</b> <sub>V. </sub>&#xa0;<b>-kāra</b> <sub>V.+ </sub>&#xa0;<b>kāraka</b> <sub>E.+ </sub>&#xa0;<b>kārin</b> <sub>AV.+ </sub>&#xa0;<b>kāryà</b> <sub>AV.+ </sub>&#xa0;<b>kāraṇa</b> <sub>S.+ </sub>&#xa0;<b>-kāraṇīya</b> <sub>C. </sub>&#xa0;<b>kāru</b> <sub>E.+ </sub>&#xa0;<b>kāruka</b> <sub>B.+ </sub>&#xa0;<b>-kūrmi</b> &#xa0;<b>-in</b> <sub>RV. </sub>&#xa0;<b>-kṛt</b> <sub>V.+ </sub>&#xa0;<b>-kṛ́tya</b>  <font color="green">(n.)</font> <sub>V.+ </sub>&#xa0;<b>-kṛtya</b>  <font color="green">(a.)</font> <sub>V.+ </sub>&#xa0;<b>kṛtyā́</b> <sub>V.+ </sub>&#xa0;<b>kṛ́ti</b> <sub>V.+ </sub>&#xa0;<b>kṛ́tu</b> &#xa0;<b>-tvas</b> <sub>V.+ </sub>&#xa0;<b>kṛ́tvya</b> <sub>RV. </sub>&#xa0;<b>kṛtnú</b> <sub>V. </sub>&#xa0;<b>kṛtríma</b> <sub>V.+ </sub>&#xa0;<b>kṛ́tvan</b> <sub>V. </sub>&#xa0;<b>kṛ́tvarī</b> <sub>AV. </sub>&#xa0;<b>-kṛtha</b> <sub>RV. </sub>&#xa0;<b>-kra</b> <sub>RV. </sub>&#xa0;<b>krátu</b> <sub>V.+ </sub>&#xa0;<b>kriyā</b> <sub>K&#199;S.E.+ </sub>&#xa0;<b>cákri</b> <sub>RV. </sub>&#xa0;<b>-karikra</b> <sub>B. </sub>&#xa0;<b>-cikīrṣ</b> <sub>C. </sub>&#xa0;<b>cikīrṣā</b> <sub>E.+ </sub>&#xa0;<b>cikīrṣu</b> <sub>E.+ </sub>&#xa0;<b>kārayitṛ</b> <sub>B.E. </sub>&#xa0;<b>kārayitavya</b> <sub>E.+ </sub>&#xa0;<b>cikārayiṣu</b> <sub>C. </sub>&#xa0;<b>-ciṣkārayiṣu</b> <sub>E. </sub>&#xa0;</p><p>
The root-form <b>skṛ</b> is found especially after <b>sam</b> and <b>pari</b>; but also the aor. <b>nír askṛta</b> RV., and pple <b>upaskṛta</b> E.+.  In V. occur only <b>saṃskṛta</b> and <b>pariṣkṛta</b> RV. AV., and <b>pariṣkṛṇvánti</b> and -<b>vánt</b> RV. (against <b>sám akṛṇvan</b> etc. RV.).  But from B. on, forms with <b>sk</b> after <b>sam askurvata</b>, <b>saṃ caskāra</b>, <b>saṃ skariṣyanti</b>, <b>saṃskārayām āsa</b>, <b>saṃciṣkārayiṣu</b>.  Of the derivatives, there are found with <b>saṃ</b> only: <b>skaraṇa</b> S.+, <b>skartavya</b> C., <b>skartṛ</b> E.+, <b>skāraka</b> E.+, <b>skārya</b> E.+, <b>skṛti</b> B.+; also <b>skriyā</b> with <b>saṃ</b> C. and <b>pari</b> C.; <b>skāra</b> with <b>saṃ</b> S.+, <b>pari</b> E.+, and <b>upa</b> C.; and <b>skara</b> with <b>apa</b> C., <b>upa</b> E.+, <b>pari</b> E., and <b>vi</b> (?) E.+; finally, <b>ā́skra</b> RV., which is doubtful.</p></body>
</html>
