<!-- XHTML generated by dict script -->
<html>
<head>
<title>klaT</title>
<META HTTP-EQUIV="Content-Type" CONTENT="text/html; charset=utf-8"/>
<!--link rel="stylesheet" href="/Sanskrit/whitney/dict.css" /-->
</head>
<body><p><a href="index.htm">Index</a></p>
<p><table width="100%"><tr><td align="center" width="50%">Previous: <b><a href="krUq.htm">krūḍ</a></b></td><td align="center" width="50%">Next: <b><a href="kland.htm">kland</a></b></td></tr></table></p><hr />

<h2>&#x221a;klath (?)<i> 'turn'</i></h2><p>
<i>present: </i>[1.] <b>kláthan</b> &#xa0;</p><p>
A single occurrence, in VS.; no derivatives.</p></body>
</html>
