<!-- XHTML generated by dict script -->
<html>
<head>
<title>klav</title>
<META HTTP-EQUIV="Content-Type" CONTENT="text/html; charset=utf-8"/>
<!--link rel="stylesheet" href="/Sanskrit/whitney/dict.css" /-->
</head>
<body><p><a href="index.htm">Index</a></p>
<p><table width="100%"><tr><td align="center" width="50%">Previous: <b><a href="klam.htm">klam</a></b></td><td align="center" width="50%">Next: <b><a href="klid.htm">klid</a></b></td></tr></table></p><hr />

<h2>&#x221a;klav<i> 'stammer'</i></h2><p>
<i>verbal: </i><b>klavita</b> &#xa0;</p><p>
Probably artificial and false, inferred from <b>viklava</b> E.+, <b>viklavita</b> C.</p></body>
</html>
