<!-- XHTML generated by dict script -->
<html>
<head>
<title>kliS</title>
<META HTTP-EQUIV="Content-Type" CONTENT="text/html; charset=utf-8"/>
<!--link rel="stylesheet" href="/Sanskrit/whitney/dict.css" /-->
</head>
<body><p><a href="index.htm">Index</a></p>
<p><table width="100%"><tr><td align="center" width="50%">Previous: <b><a href="klid.htm">klid</a></b></td><td align="center" width="50%">Next: <b><a href="kvaR.htm">kvaṇ</a></b></td></tr></table></p><hr />

<h2>&#x221a;kliś<i> 'distress'</i></h2><p>
<i>present: </i>[9.] <b>kliśnāti</b> <i>etc. </i><sub>E.+ </sub>&#xa0; -- [4.] <b>kliśyate</b> <i>etc. </i><sub>E.+ </sub>&#xa0;<b>kliśyati</b> <i>etc. </i><sub>E.+ </sub>&#xa0;</p><p>
<i>perfect: </i><b>cikleśa</b> <i>etc. </i>&#xa0;</p><p>
[<i>aorist: </i><b>kliśyāt</b> &#xa0;<b>akleśi</b> &#xa0;<b>acikliśat</b> &#xa0;<b>akleśīt</b> &#xa0;<b>aklikṣat</b> &#xa0;<b>kleśiṣyati</b> &#xa0;<b>klekṣyati</b> &#xa0;<b>kleśitā</b> &#xa0;<b>kleṣṭā</b> &#xa0;]</p><p>
<i>verbal: </i><b>kliṣṭa</b> <sub>E.+ </sub>&#xa0;<b>kliśita</b> &#xa0;<b>kleṣṭum</b> &#xa0;<b>kliśitvā</b> &#xa0;<b>kliṣṭvā</b> &#xa0;<b>-klíśya</b> <sub>&#199;B.+ </sub>&#xa0;</p><p>
<i>secondary: </i><i>intensive</i>: <b>cekliś-</b> &#xa0; -- <i>desiderative</i>: <b>cikleśiṣa-</b> &#xa0;<b>cikliśiṣa-</b> &#xa0;<b>ciklikṣa-</b> &#xa0; -- <i>causative</i>: <b>kleśayati</b> <i>etc. </i><sub>E.+ </sub>&#xa0;</p><p>
<i>derivatives: </i><b>kleśa</b> <sub>U.+ </sub>&#xa0;<b>-kleśaka</b> <sub>C. </sub>&#xa0;<b>kleśin</b> <sub>C. </sub>&#xa0;<b>kleśana</b> <sub>C. </sub>&#xa0;<b>kleṣṭṛ</b> <sub>E. </sub>&#xa0;</p></body>
</html>
