<!-- XHTML generated by dict script -->
<html>
<head>
<title>kraT</title>
<META HTTP-EQUIV="Content-Type" CONTENT="text/html; charset=utf-8"/>
<!--link rel="stylesheet" href="/Sanskrit/whitney/dict.css" /-->
</head>
<body><p><a href="index.htm">Index</a></p>
<p><table width="100%"><tr><td align="center" width="50%">Previous: <b><a href="krakz.htm">krakṣ</a></b></td><td align="center" width="50%">Next: <b><a href="krand.htm">krand</a></b></td></tr></table></p><hr />

<h2>&#x221a;krath<i> 'be jubilant'</i></h2><p>
[<i>present: </i><b>krathati</b> <i>etc. </i>&#xa0;]</p><p>
<i>secondary: </i><i>causative</i>: <b>krātháyati</b> &#xa0;</p><p>
<i>derivatives: </i><b>kratha</b> <sub>E.+ </sub>&#xa0;<b>krathana</b> <sub>E.+ </sub>&#xa0;<b>krātha</b> <sub>E. </sub>&#xa0;<b>-krāthin</b> <sub>E. </sub>&#xa0;<b>krāthana</b> <sub>C. </sub>&#xa0;</p><p>
A very doubtful group of derivatives, in meaning and connection.</p></body>
</html>
