<!-- XHTML generated by dict script -->
<html>
<head>
<title>krIq</title>
<META HTTP-EQUIV="Content-Type" CONTENT="text/html; charset=utf-8"/>
<!--link rel="stylesheet" href="/Sanskrit/whitney/dict.css" /-->
</head>
<body><p><a href="index.htm">Index</a></p>
<p><table width="100%"><tr><td align="center" width="50%">Previous: <b><a href="krI.htm">krī</a></b></td><td align="center" width="50%">Next: <b><a href="kru.htm">kru</a></b></td></tr></table></p><hr />

<h2>&#x221a;krīḍ<i> 'play'</i></h2><p>
<i>present: </i>[1.] <b>krī́ḍati</b> &#xa0;<b>krī́ḍate</b> <i>etc. </i><sub>V.+ </sub>&#xa0;</p><p>
<i>perfect: </i><b>cikrīḍa</b> &#xa0;<b>cikrīḍe</b> <i>etc. </i><sub>B.+ </sub>&#xa0;</p><p>
[<i>aorist: </i><b>acikrīḍat</b> &#xa0;<b>akrīḍīt</b> &#xa0;]</p><p>
<i>future: </i>[1.] <b>krīḍiṣyati</b> &#xa0; -- [2.] <b>krīḍitā</b> &#xa0;</p><p>
<i>verbal: </i><b>krīḍita</b> <sub>E.+ </sub>&#xa0;<b>krīḍitum</b> &#xa0;<b>-krīḍya</b> &#xa0;</p><p>
<i>secondary: </i><i>intensive</i>: <b>cekrīḍ-</b> &#xa0; -- <i>desiderative</i>: <b>cikrīḍiṣa-</b> &#xa0; -- <i>causative</i>: <b>krīḍayati</b> <i>etc. </i><sub>S.+ </sub>&#xa0;<b>krīḍāpayati</b> &#xa0;</p><p>
<i>derivatives: </i><b>krīḍá</b> <sub>V.+ </sub>&#xa0;<b>krīḍā́</b> <sub>B.+ </sub>&#xa0;<b>krīḍín</b> <sub>V.+ </sub>&#xa0;<b>krīḍana</b> <sub>E.+ </sub>&#xa0;<b>krīḍí</b> <sub>RV.B. </sub>&#xa0;<b>krīḍitṛ</b> <sub>C. </sub>&#xa0;<b>krīḍú</b> <sub>RV. </sub>&#xa0;<b>cikrīḍiṣā</b> <sub>C. </sub>&#xa0;<b>cikrīḍiṣu</b> <sub>C. </sub>&#xa0;</p></body>
</html>
