<!-- XHTML generated by dict script -->
<html>
<head>
<title>kuc</title>
<META HTTP-EQUIV="Content-Type" CONTENT="text/html; charset=utf-8"/>
<!--link rel="stylesheet" href="/Sanskrit/whitney/dict.css" /-->
</head>
<body><p><a href="index.htm">Index</a></p>
<p><table width="100%"><tr><td align="center" width="50%">Previous: <b><a href="ku.htm">ku</a></b></td><td align="center" width="50%">Next: <b><a href="kuYc.htm">kuñc</a></b></td></tr></table></p><hr />

<h2>&#x221a;kuc<i> 'shrink, curl'</i></h2><p>
<i>present: </i>[1.] <b>kuñcate</b> <i>etc. </i>&#xa0; -- [6.] <b>kucati</b> <i>etc. </i>&#xa0;</p><p>
<i>perfect: </i><b>cukoca</b> &#xa0;<b>cukuñca</b> &#xa0;</p><p>
[<i>aorist: </i><b>akocīt</b> &#xa0;<b>akuñcīt</b> &#xa0;<b>kociṣyati</b> &#xa0;<b>kuñciṣyati</b> &#xa0;<b>kocitā</b> &#xa0;<b>kuñcitā</b> &#xa0;]</p><p>
<i>verbal: </i><b>kucita</b> <sub>E.+ </sub>&#xa0;<b>kuñcita</b> <sub>E.+ </sub>&#xa0;</p><p>
<i>secondary: </i><i>passive</i>: <b>kucyate</b> &#xa0; -- <i>intensive</i>: <b>cokucya-</b> &#xa0; -- <i>desiderative</i>: <b>cukuñciṣa-</b> &#xa0; -- <i>causative</i>: <b>kuñcayati</b> <i>etc. </i><sub>E.+ </sub>&#xa0;<b>kocayati</b> <i>etc. </i><sub>E.+ </sub>&#xa0;</p><p>
<i>derivatives: </i><b>kuca</b> <sub>E.+ </sub>&#xa0;<b>-kucana</b> <sub>C. </sub>&#xa0;<b>-kuñcaka</b> <sub>C. </sub>&#xa0;<b>kuñcana</b> <sub>C. </sub>&#xa0;<b>kuñci</b> <sub>C. </sub>&#xa0;<b>koca</b> <sub>E.+ </sub>&#xa0;<b>-kocaka</b> <sub>C. </sub>&#xa0;<b>-kocin</b> <sub>C. </sub>&#xa0;<b>-kocana</b> <sub>E.+ </sub>&#xa0;</p><p>
Given by the grammarians as two distinct roots, and not without some justification.</p></body>
</html>
