<!-- XHTML generated by dict script -->
<html>
<head>
<title>kUrd</title>
<META HTTP-EQUIV="Content-Type" CONTENT="text/html; charset=utf-8"/>
<!--link rel="stylesheet" href="/Sanskrit/whitney/dict.css" /-->
</head>
<body><p><a href="index.htm">Index</a></p>
<p><table width="100%"><tr><td align="center" width="50%">Previous: <b><a href="kUR.htm">kūṇ</a></b></td><td align="center" width="50%">Next: <b><a href="kUl.htm">kūl</a></b></td></tr></table></p><hr />

<h2>&#x221a;kūrd<i> 'leap, exult'</i></h2><p>
<i>present: </i>[1.] <b>kūrdati</b> &#xa0;<b>kūrdate</b> <i>etc. </i><sub>E.+ </sub>&#xa0;</p><p>
<i>perfect: </i><b>cukūrd</b> <i>etc. </i>&#xa0;<b>cukūrde</b> &#xa0;</p><p>
[<i>aorist: </i><b>akūrdiṣṭa</b> &#xa0;<b>kūrdiṣyate</b> &#xa0;<b>kūrditā</b> &#xa0;]</p><p>
<i>verbal: </i><b>kūrdita</b> &#xa0;</p><p>
<i>derivatives: </i><b>kūrda</b> &#xa0;<b>kūrdana</b> <sub>C. </sub>&#xa0;<b>-kroda</b>? <sub>TS. </sub>&#xa0;<b>-krodin</b>? <sub>MS. </sub>&#xa0;</p><p>
Compare &#x221a;<b>gūrd</b>, which is doubtless the same with this.</p></body>
</html>
