<!-- XHTML generated by dict script -->
<html>
<head>
<title>kuRW</title>
<META HTTP-EQUIV="Content-Type" CONTENT="text/html; charset=utf-8"/>
<!--link rel="stylesheet" href="/Sanskrit/whitney/dict.css" /-->
</head>
<body><p><a href="index.htm">Index</a></p>
<p><table width="100%"><tr><td align="center" width="50%">Previous: <b><a href="kuww.htm">kuṭṭ</a></b></td><td align="center" width="50%">Next: <b><a href="kuT.htm">kuth</a></b></td></tr></table></p><hr />

<h2>&#x221a;kuṇṭh<i> 'dull'</i></h2><p>
Doubtless only a denominative from <b>kuṇṭha</b> E.+, 'dull'.  The participle <b>kuṇṭhita</b> C., <b>and the derivatives {kuṇṭhaka</b> E.+, -<b>kuṇṭhana</b> E.+, occur.</p></body>
</html>
