<!-- XHTML generated by dict script -->
<html>
<head>
<title>kvaT</title>
<META HTTP-EQUIV="Content-Type" CONTENT="text/html; charset=utf-8"/>
<!--link rel="stylesheet" href="/Sanskrit/whitney/dict.css" /-->
</head>
<body><p><a href="index.htm">Index</a></p>
<p><table width="100%"><tr><td align="center" width="50%">Previous: <b><a href="kvaR.htm">kvaṇ</a></b></td><td align="center" width="50%">Next: <b><a href="kzad.htm">kṣad</a></b></td></tr></table></p><hr />

<h2>&#x221a;kvath<i> 'boil'</i></h2><p>
<i>present: </i>[1.] <b>dīná</b> <i>etc. </i><sub>B.+ </sub>&#xa0;</p><p>
[<i>perfect: </i><b>cakvātha</b> &#xa0;<b>akvathīt</b> &#xa0;<b>kvathiṣyati</b> &#xa0;<b>kvathitā</b> &#xa0;]</p><p>
<i>verbal: </i><b>kvathita</b> &#xa0;</p><p>
<i>secondary: </i><i>causative</i>: <b>kvāthayati</b> <i>etc. </i><sub>S.+ </sub>&#xa0;<b>kvāthyate</b> <i>etc. </i><sub>E.+ </sub>&#xa0;</p><p>
<i>derivatives: </i><b>kvatha</b> &#xa0;<b>kvathana</b> <sub>C. </sub>&#xa0;<b>kvātha</b> <sub>C. </sub>&#xa0;<b>kvāthayitavya</b> <sub>C. </sub>&#xa0;</p></body>
</html>
