<!-- XHTML generated by dict script -->
<html>
<head>
<title>kzA</title>
<META HTTP-EQUIV="Content-Type" CONTENT="text/html; charset=utf-8"/>
<!--link rel="stylesheet" href="/Sanskrit/whitney/dict.css" /-->
</head>
<body><p><a href="index.htm">Index</a></p>
<p><table width="100%"><tr><td align="center" width="50%">Previous: <b><a href="kzal.htm">kṣal</a></b></td><td align="center" width="50%">Next: <b><a href="kzi.htm">kṣi</a></b></td></tr></table></p><hr />

<h2>&#x221a;kṣā<i> 'burn'</i></h2><p>
<i>present: </i>[4.] <b>kṣā́yati</b> <i>etc. </i>&#xa0;</p><p>
<i>verbal: </i><b>kṣāṇa</b>? &#xa0;</p><p>
<i>secondary: </i><i>causative</i>: <b>kṣāpáyati</b> <i>etc. </i>&#xa0;</p><p>
<i>derivatives: </i><b>-kṣā́ṇa</b> &#xa0;<b>kṣātí</b> <sub>RV. </sub>&#xa0;<b>kṣāma</b> <sub>B.+ </sub>&#xa0;<b>kṣāra</b> <sub>E.+ </sub>&#xa0;</p></body>
</html>
