<!-- XHTML generated by dict script -->
<html>
<head>
<title>kzad</title>
<META HTTP-EQUIV="Content-Type" CONTENT="text/html; charset=utf-8"/>
<!--link rel="stylesheet" href="/Sanskrit/whitney/dict.css" /-->
</head>
<body><p><a href="index.htm">Index</a></p>
<p><table width="100%"><tr><td align="center" width="50%">Previous: <b><a href="kvaT.htm">kvath</a></b></td><td align="center" width="50%">Next: <b><a href="kzan.htm">kṣan</a></b></td></tr></table></p><hr />

<h2>&#x221a;kṣad<i> 'divide'</i></h2><p>
<i>present: </i>[1.] <b>kṣádate</b> <i>etc. </i>&#xa0;</p><p>
<i>perfect: </i><b>cakṣadé</b> <i>etc. </i>&#xa0;</p><p>
<i>derivatives: </i><b>kṣattṛ́</b> &#xa0;<b>-kṣad</b> <sub>RV. </sub>&#xa0;<b>kṣádman</b> <sub>RV. </sub>&#xa0;</p></body>
</html>
