<!-- XHTML generated by dict script -->
<html>
<head>
<title>kzan</title>
<META HTTP-EQUIV="Content-Type" CONTENT="text/html; charset=utf-8"/>
<!--link rel="stylesheet" href="/Sanskrit/whitney/dict.css" /-->
</head>
<body><p><a href="index.htm">Index</a></p>
<p><table width="100%"><tr><td align="center" width="50%">Previous: <b><a href="kzad.htm">kṣad</a></b></td><td align="center" width="50%">Next: <b><a href="kzap.htm">kṣap</a></b></td></tr></table></p><hr />

<h2>&#x221a;kṣan<i> 'wound'</i></h2><p>
<i>present: </i>[8.] <b>kṣaṇóti</b> &#xa0;<b>kṣaṇuté</b> <i>etc. </i><sub>B.+ </sub>&#xa0;</p><p>
[<i>perfect: </i><b>cakṣāṇa</b> &#xa0;<b>cakṣaṇe</b> &#xa0;]</p><p>
<i>aorist: </i>[1.] <b>akṣata</b> &#xa0; -- [5.] <b>kṣaṇiṣṭhās</b> &#xa0;<b>akṣaṇīt</b> &#xa0;</p><p>
[<i>future: </i><b>kṣaṇiṣyati</b> &#xa0;<b>kṣaṇiṣyate</b> &#xa0;<b>kṣaṇitā</b> &#xa0;]</p><p>
<i>verbal: </i><b>kṣata</b> <sub>V.+ </sub>&#xa0;<b>kṣaṇítos</b> &#xa0;</p><p>
[<i>secondary: </i><b>caṅkṣaṇ-</b> &#xa0;<b>cikṣaṇiṣa-</b> &#xa0;<b>kṣāṇaya-</b> &#xa0;]</p><p>
<i>derivatives: </i><b>kṣaṇana</b> &#xa0;<b>kṣati</b> <sub>E.+ </sub>&#xa0;</p></body>
</html>
