<!-- XHTML generated by dict script -->
<html>
<head>
<title>kzap</title>
<META HTTP-EQUIV="Content-Type" CONTENT="text/html; charset=utf-8"/>
<!--link rel="stylesheet" href="/Sanskrit/whitney/dict.css" /-->
</head>
<body><p><a href="index.htm">Index</a></p>
<p><table width="100%"><tr><td align="center" width="50%">Previous: <b><a href="kzan.htm">kṣan</a></b></td><td align="center" width="50%">Next: <b><a href="kzam.htm">kṣam</a></b></td></tr></table></p><hr />

<h2>&#x221a;kṣap<i> 'be abstinent'</i></h2><p>
<i>present: </i>[1.] <b>kṣapati</b> <sub>E.+ </sub>&#xa0;<b>kṣápate</b> &#xa0;</p><p>
<i>verbal: </i><b>kṣapitum</b> &#xa0;</p><p>
<i>derivatives: </i><b>kṣapaṇa</b> <sub>E.+ </sub>&#xa0;</p><p>
The words <b>kṣáp</b> V., <b>kṣapā́</b> V.+ do not appear to be connected with this root.</p></body>
</html>
