<!-- XHTML generated by dict script -->
<html>
<head>
<title>kzi2</title>
<META HTTP-EQUIV="Content-Type" CONTENT="text/html; charset=utf-8"/>
<!--link rel="stylesheet" href="/Sanskrit/whitney/dict.css" /-->
</head>
<body><p><a href="index.htm">Index</a></p>
<p><table width="100%"><tr><td align="center" width="50%">Previous: <b><a href="kzi1.htm">kṣi1</a></b></td><td align="center" width="50%">Next: <b><a href="kzip.htm">kṣip</a></b></td></tr></table></p><hr />

<h2>&#x221a;kṣi2<i> 'destroy'</i></h2><p>
<i>present: </i>[9.] <b>kṣiṇā́ti</b> <i>etc. </i>&#xa0; -- [5.] <b>kṣiṇoti</b> <i>etc. </i><sub>AV.+ </sub>&#xa0; -- [1.] <b>kṣayati</b> &#xa0;</p><p>
E. - [4.] <b>kiṣī́yate</b> etc. V.B. - [2.] <b>kṣidhí</b> SV1.</p><p>
[<i>perfect: </i><b>cikṣāya</b> &#xa0;]</p><p>
<i>aorist: </i>[1.] <b>kṣīyāt</b> &#xa0;<b>kṣāyi</b> &#xa0; -- [4.] <b>kṣeṣṭhās</b> &#xa0;<b>kṣeṣṭa</b> &#xa0;</p><p>
<i>future: </i>[1.] <b>akṣeṣyata</b>  <font color="green">(3s.)</font> &#xa0;<b>kṣayiṣyāmi</b> &#xa0; -- [2.] <b>kṣetā</b> &#xa0;</p><p>
<i>verbal: </i><b>kṣitá</b> <sub>V.+ </sub>&#xa0;<b>kṣīṇa</b> <sub>AV.+ </sub>&#xa0;<b>-kṣetos</b> &#xa0;<b>kṣītvā</b> &#xa0;<b>-kṣī́ya</b> &#xa0;</p><p>
<i>secondary: </i><i>passive</i>: <b>kṣīyáte</b> <sub>V.+ </sub>&#xa0; -- <i>intensive</i>: <b>cekṣi-</b> &#xa0; -- <i>desiderative</i>: <b>cikṣīṣati</b> &#xa0; -- <i>causative</i>: <b>kṣayayati</b> <i>etc. </i><sub>E.+ </sub>&#xa0;<b>kṣapayati</b> <i>etc. </i><sub>E.+ </sub>&#xa0;</p><p>
<i>derivatives: </i><b>kṣaya</b> <sub>E.+ </sub>&#xa0;<b>dṣayin</b> <sub>E.+ </sub>&#xa0;<b>kṣayya</b> <sub>B.+ </sub>&#xa0;<b>-kṣayaṇa</b> <sub>AV.B.S. </sub>&#xa0;<b>kṣayiṣṇu</b> <sub>U.C. </sub>&#xa0;<b>kṣíti</b> <sub>AV.+ </sub>&#xa0;<b>kṣeṣṇú</b> <sub>B. </sub>&#xa0;<b>kṣapaṇa</b> <sub>E.+ </sub>&#xa0;<b>kṣapitavya</b> <sub>C. </sub>&#xa0;<b>-kṣapayitṛ</b> <sub>C. </sub>&#xa0;<b>kṣapayiṣṇu</b> <sub>C. </sub>&#xa0;<b>kṣayayitavya</b> <sub>E. </sub>&#xa0;</p></body>
</html>
