<!-- XHTML generated by dict script -->
<html>
<head>
<title>kzu</title>
<META HTTP-EQUIV="Content-Type" CONTENT="text/html; charset=utf-8"/>
<!--link rel="stylesheet" href="/Sanskrit/whitney/dict.css" /-->
</head>
<body><p><a href="index.htm">Index</a></p>
<p><table width="100%"><tr><td align="center" width="50%">Previous: <b><a href="kzI.htm">kṣī</a></b></td><td align="center" width="50%">Next: <b><a href="kzud.htm">kṣud</a></b></td></tr></table></p><hr />

<h2>&#x221a;kṣu<i> 'sneeze'</i></h2><p>
<i>present: </i>[2.] <b>kṣauti</b> &#xa0;<b>kṣuvánti</b> <i>etc. </i><sub>B.+ </sub>&#xa0;</p><p>
<i>perfect: </i><b>cukṣāva</b> <i>etc. </i>&#xa0;<b>cukṣuve</b> &#xa0;</p><p>
[<i>aorist: </i><b>akṣāvīt</b> &#xa0;<b>kṣaviṣyati</b> &#xa0;<b>kṣavitā</b> &#xa0;]</p><p>
<i>verbal: </i><b>kṣuta</b> <sub>E.+ </sub>&#xa0;<b>kṣutvā</b> <sub>B.+ </sub>&#xa0;</p><p>
<i>secondary: </i><i>desiderative</i>: <b>cukṣūṣati</b> &#xa0; -- <b>cukṣāvayiṣati</b> &#xa0;</p><p>
<i>derivatives: </i><b>kṣava</b> &#xa0;<b>kṣavathu</b> <sub>C. </sub>&#xa0;</p></body>
</html>
