<!-- XHTML generated by dict script -->
<html>
<head>
<title>kzuD</title>
<META HTTP-EQUIV="Content-Type" CONTENT="text/html; charset=utf-8"/>
<!--link rel="stylesheet" href="/Sanskrit/whitney/dict.css" /-->
</head>
<body><p><a href="index.htm">Index</a></p>
<p><table width="100%"><tr><td align="center" width="50%">Previous: <b><a href="kzud.htm">kṣud</a></b></td><td align="center" width="50%">Next: <b><a href="kzup.htm">kṣup</a></b></td></tr></table></p><hr />

<h2>&#x221a;kṣudh<i> 'be hungry'</i></h2><p>
<i>present: </i>[4.] <b>kṣúdhyati</b> <i>etc. </i><sub>V.+ </sub>&#xa0;</p><p>
[<i>perfect: </i><b>cukṣodha</b> &#xa0;]</p><p>
<i>aorist: </i>[2.] <b>kṣudhat</b> &#xa0;</p><p>
[<i>future: </i><b>kṣotsyati</b> &#xa0;<b>kṣoddhā</b> &#xa0;]</p><p>
<i>verbal: </i><b>kṣudhita</b> <sub>U.+ </sub>&#xa0;<b>kṣudhitvā</b> &#xa0;</p><p>
<i>derivatives: </i><b>kṣúdh</b> <sub>V.+ </sub>&#xa0;<b>kṣudhā</b> <sub>E.+ </sub>&#xa0;<b>-kṣudhya</b> <sub>AV. </sub>&#xa0;<b>kṣudhi</b> <sub>C. </sub>&#xa0;<b>kṣódhuka</b> <sub>B.S. </sub>&#xa0;</p></body>
</html>
