<!-- XHTML generated by dict script -->
<html>
<head>
<title>kzvel</title>
<META HTTP-EQUIV="Content-Type" CONTENT="text/html; charset=utf-8"/>
<!--link rel="stylesheet" href="/Sanskrit/whitney/dict.css" /-->
</head>
<body><p><a href="index.htm">Index</a></p>
<p><table width="100%"><tr><td align="center" width="50%">Previous: <b><a href="kzvid.htm">kṣvid</a></b></td><td align="center" width="50%">Next: <b><a href="Kac.htm">khac</a></b></td></tr></table></p><hr />

<h2>&#x221a;kṣvel<i> 'play'</i></h2><p>
<i>present: </i>[1.] <b>kṣvelati</b> <i>etc. </i>&#xa0;</p><p>
<i>verbal: </i><b>kṣvelita</b> <sub>E.+ </sub>&#xa0;</p><p>
<i>derivatives: </i><b>kṣvelana</b> &#xa0;<b>kṣveli</b> <sub>C. </sub>&#xa0;</p></body>
</html>
