<!-- XHTML generated by dict script -->
<html>
<head>
<title>lal</title>
<META HTTP-EQUIV="Content-Type" CONTENT="text/html; charset=utf-8"/>
<!--link rel="stylesheet" href="/Sanskrit/whitney/dict.css" /-->
</head>
<body><p><a href="index.htm">Index</a></p>
<p><table width="100%"><tr><td align="center" width="50%">Previous: <b><a href="lamb.htm">lamb</a></b></td><td align="center" width="50%">Next: <b><a href="laz.htm">laṣ</a></b></td></tr></table></p><hr />

<h2>&#x221a;lal<i> 'sport'</i></h2><p>
<i>present: </i>[1.] <b>lalati</b> &#xa0;<b>lalate</b> <i>etc. </i><sub>E.+ </sub>&#xa0;</p><p>
<i>verbal: </i><b>lalita</b> <sub>E.+ </sub>&#xa0;</p><p>
<i>secondary: </i><i>causative</i>: <b>lālayati</b> <i>etc. </i><sub>E.+ </sub>&#xa0;<b>lālayate</b> &#xa0;<b>lālyate</b> &#xa0;<b>lalayati</b> <i>etc. </i>&#xa0;</p><p>
<i>derivatives: </i><b>lalana</b> <sub>E.+ </sub>&#xa0;<b>-lāla</b> <sub>C. </sub>&#xa0;<b>lālaka</b> <sub>C. </sub>&#xa0;<b>-lālya</b> <sub>C. </sub>&#xa0;<b>lālana</b> <sub>C. </sub>&#xa0;<b>lālanīya</b> <sub>E.+ </sub>&#xa0;<b>lālayitavya</b> <sub>E.+ </sub>&#xa0;<b>lālin</b> <sub>C. </sub>&#xa0;</p></body>
</html>
