<!-- XHTML generated by dict script -->
<html>
<head>
<title>lI1</title>
<META HTTP-EQUIV="Content-Type" CONTENT="text/html; charset=utf-8"/>
<!--link rel="stylesheet" href="/Sanskrit/whitney/dict.css" /-->
</head>
<body><p><a href="index.htm">Index</a></p>
<p><table width="100%"><tr><td align="center" width="50%">Previous: <b><a href="lI.htm">lī</a></b></td><td align="center" width="50%">Next: <b><a href="lI2.htm">lī2</a></b></td></tr></table></p><hr />

<h2>&#x221a;lī1<i> 'cling'</i></h2><p>
<i>present: </i>[4.] <b>lī́yate</b> <sub>B.+ </sub>&#xa0;<b>lī́yati</b> <i>etc. </i>&#xa0; -- [1.] <b>láyate</b> <i>etc. </i>&#xa0; -- <b>ni}-){lāyayat</b> &#xa0; -- [9.] <b>lināti</b> &#xa0;</p><p>
<i>perfect: </i><b>lilye</b> <i>etc. </i><sub>B.+ </sub>&#xa0;<b>lilyus</b> <sub>B.+ </sub>&#xa0; -- <b>ni}-){layāṃ</b> &#xa0;<b>cakre</b> &#xa0;<b>lalau</b> &#xa0;</p><p>
<i>aorist: </i>[4.] <b>aleṣṭa</b> &#xa0;<b>alaiṣīt</b> &#xa0; -- [6.] <b>alāsīt</b> &#xa0;</p><p>
[<i>future: </i><b>leṣyati</b> &#xa0;<b>lāsyati</b> &#xa0;<b>letā</b> &#xa0;<b>lātā</b> &#xa0;]</p><p>
<i>verbal: </i><b>līna</b> <sub>AV.+ </sub>&#xa0;<b>-līya</b> <sub>E.+ </sub>&#xa0;<b>-lā́ya</b> &#xa0;<b>-lā́yam</b> &#xa0;<b>letum</b> &#xa0;</p><p>
<i>secondary: </i><i>intensive</i>: <b>lelī-</b> &#xa0; -- <i>desiderative</i>: <b>lilīṣa-</b> &#xa0; -- <i>causative</i>: <b>lāpayati</b> <i>etc. </i><sub>B.+ </sub>&#xa0;<b>lāpyate</b> &#xa0;<b>lāyayati</b> <i>etc. </i>&#xa0;</p><p>
<i>derivatives: </i><b>láya</b> <sub>B.+ </sub>&#xa0;<b>láyana</b> <sub>AV.+ </sub>&#xa0;<b>layú</b>? <sub>MS. </sub>&#xa0;<b>-līyana</b> <sub>C. </sub>&#xa0;<b>lā́ya</b>? <sub>RV. </sub>&#xa0;<b>-lā́yaka</b> <sub>VS. </sub>&#xa0;<b>-lāyya</b>? <sub>RV. </sub>&#xa0;<b>-lāyana</b> <sub>C. </sub>&#xa0;<b>-leya</b>? <sub>C. </sub>&#xa0;<b>-lāpya</b> <sub>C. </sub>&#xa0;<b>-lā́pana</b> <sub>B.+ </sub>&#xa0;<b>-lāpayitavya</b> <sub>C. </sub>&#xa0;</p></body>
</html>
