<!-- XHTML generated by dict script -->
<html>
<head>
<title>lI2</title>
<META HTTP-EQUIV="Content-Type" CONTENT="text/html; charset=utf-8"/>
<!--link rel="stylesheet" href="/Sanskrit/whitney/dict.css" /-->
</head>
<body><p><a href="index.htm">Index</a></p>
<p><table width="100%"><tr><td align="center" width="50%">Previous: <b><a href="lI1.htm">lī1</a></b></td><td align="center" width="50%">Next: <b><a href="luYc.htm">luñc</a></b></td></tr></table></p><hr />

<h2>&#x221a;lī2<i> 'be unsteady'</i></h2><p>
<i>secondary: </i><i>intensive</i>: <b>lelā́yati</b> &#xa0;<b>alelāyat</b> &#xa0;<b>alelet</b> &#xa0;<b>lelāyántī</b> &#xa0;<b>leláyatas</b> &#xa0;<b>lelāyate</b> <i>etc. </i>&#xa0;<b>alelīyata</b> &#xa0;<b>leláya</b>? &#xa0;<b>lelā́ya</b> &#xa0;<b>lelāyat</b> &#xa0;</p><p>
<i>derivatives: </i><b>lelā́</b> &#xa0;</p><p>
Perhaps intensive of the preceding.  The variety of form and accent is quite anomalous.</p></body>
</html>
