<!-- XHTML generated by dict script -->
<html>
<head>
<title>lih</title>
<META HTTP-EQUIV="Content-Type" CONTENT="text/html; charset=utf-8"/>
<!--link rel="stylesheet" href="/Sanskrit/whitney/dict.css" /-->
</head>
<body><p><a href="index.htm">Index</a></p>
<p><table width="100%"><tr><td align="center" width="50%">Previous: <b><a href="liS.htm">liś</a></b></td><td align="center" width="50%">Next: <b><a href="lI.htm">lī</a></b></td></tr></table></p><hr />

<h2>&#x221a;lih<i> 'lick'</i></h2><p>
<i>present: </i>[2.] <b>leḍhi</b> <i>etc. </i><sub>B.+ </sub>&#xa0;<b>līḍhe</b> <i>etc. </i><sub>E.+ </sub>&#xa0; -- [6.] <b>lihati</b> <i>etc. </i><sub>E.+ </sub>&#xa0;</p><p>
[<i>perfect: </i><b>lileha</b> &#xa0;<b>lilihe</b> &#xa0;]</p><p>
<i>aorist: </i>[1.] <b>alehi</b> &#xa0; -- [3.] <b>alīlihat</b> &#xa0; -- [4.] <b>alīḍha</b> &#xa0; -- [7.] <b>alikṣat</b> &#xa0;<b>alikṣata</b> &#xa0;</p><p>
[<i>future: </i><b>lekṣyati</b> &#xa0;<b>lekṣyate</b> &#xa0;<b>leḍhā</b> &#xa0;]</p><p>
<i>verbal: </i><b>līḍha</b> <sub>E.+ </sub>&#xa0;<b>-lihya</b> &#xa0;<b>leham</b> &#xa0;</p><p>
<i>secondary: </i><i>passive</i>: <b>lihyate</b> &#xa0; -- <i>intensive</i>: <b>lelihat</b> <i>etc. </i><sub>E.+ </sub>&#xa0;<b>lelihāna</b> <sub>E.+ </sub>&#xa0;<b>lelihita</b> &#xa0;<b>lelihyate</b> <i>etc. </i><sub>E.+ </sub>&#xa0;<b>lelihyant</b> &#xa0; -- <i>desiderative</i>: <b>lilikṣa-</b> &#xa0; -- <i>causative</i>: <b>leháyati</b> <i>etc. </i><sub>B.+ </sub>&#xa0;</p><p>
<i>derivatives: </i><b>-lih</b> &#xa0;<b>-liha</b> <sub>C. </sub>&#xa0;<b>leha</b> <sub>C. </sub>&#xa0;<b>-lehaka</b> <sub>E. </sub>&#xa0;<b>-lehin</b> <sub>E.+ </sub>&#xa0;<b>lehya</b> <sub>E.+ </sub>&#xa0;<b>lehana</b> <sub>S.+ </sub>&#xa0;<b>leliha</b> <sub>E.+ </sub>&#xa0;</p></body>
</html>
