<!-- XHTML generated by dict script -->
<html>
<head>
<title>lul</title>
<META HTTP-EQUIV="Content-Type" CONTENT="text/html; charset=utf-8"/>
<!--link rel="stylesheet" href="/Sanskrit/whitney/dict.css" /-->
</head>
<body><p><a href="index.htm">Index</a></p>
<p><table width="100%"><tr><td align="center" width="50%">Previous: <b><a href="luB.htm">lubh</a></b></td><td align="center" width="50%">Next: <b><a href="lU.htm">lū</a></b></td></tr></table></p><hr />

<h2>&#x221a;lul<i> 'be lively'</i></h2><p>
<i>present: </i>[1.] <b>lolati</b> &#xa0;<b>lolate</b> <i>etc. </i>&#xa0;</p><p>
<i>verbal: </i><b>lulita</b> <sub>E.+ </sub>&#xa0;</p><p>
<i>secondary: </i><i>causative</i>: <b>lolayati</b> <i>etc. </i><sub>E.+ </sub>&#xa0;</p><p>
<i>derivatives: </i><b>lola</b> <sub>E.+ </sub>&#xa0;<b>lolana</b> <sub>C. </sub>&#xa0;</p><p>
The same with &#x221a;<b>luḍ</b>.</p></body>
</html>
