<!-- XHTML generated by dict script -->
<html>
<head>
<title>luW</title>
<META HTTP-EQUIV="Content-Type" CONTENT="text/html; charset=utf-8"/>
<!--link rel="stylesheet" href="/Sanskrit/whitney/dict.css" /-->
</head>
<body><p><a href="index.htm">Index</a></p>
<p><table width="100%"><tr><td align="center" width="50%">Previous: <b><a href="luYc.htm">luñc</a></b></td><td align="center" width="50%">Next: <b><a href="luW1.htm">luṭh1</a></b></td></tr></table></p><hr />

<h2>Choose a lemma:</h2><ol>
<li/><a href="luW1.htm">luṭh1</a><li/><a href="luW2.htm">luṭh2</a></ol>
</body>
</html>
