<!-- XHTML generated by dict script -->
<html>
<head>
<title>luW1</title>
<META HTTP-EQUIV="Content-Type" CONTENT="text/html; charset=utf-8"/>
<!--link rel="stylesheet" href="/Sanskrit/whitney/dict.css" /-->
</head>
<body><p><a href="index.htm">Index</a></p>
<p><table width="100%"><tr><td align="center" width="50%">Previous: <b><a href="luW.htm">luṭh</a></b></td><td align="center" width="50%">Next: <b><a href="luW2.htm">luṭh2</a></b></td></tr></table></p><hr />

<h2>&#x221a;luṭh1<i> 'roll'</i></h2><p>
<i>present: </i>[6.] <b>luṭhati</b> &#xa0;<b>luṭhate</b> <i>etc. </i>&#xa0;</p><p>
<i>perfect: </i><b>luloṭha</b> &#xa0;</p><p>
[<i>aorist: </i><b>alūluṭhat</b> &#xa0;<b>alulothat</b> &#xa0;<b>aloṭhīt</b> &#xa0;<b>aloṭhiṣṭa</b> &#xa0;<b>loṭhiṣyati</b> &#xa0;<b>loṭhitā</b> &#xa0;]</p><p>
<i>verbal: </i><b>luṭhita</b> &#xa0;</p><p>
<i>secondary: </i><i>intensive</i>: <b>loluṭhīti</b> &#xa0; -- <i>causative</i>: <b>loṭhayati</b> &#xa0;</p><p>
<i>derivatives: </i><b>loṭhana</b>? &#xa0;</p></body>
</html>
