<!-- XHTML generated by dict script -->
<html>
<head>
<title>mA1</title>
<META HTTP-EQUIV="Content-Type" CONTENT="text/html; charset=utf-8"/>
<!--link rel="stylesheet" href="/Sanskrit/whitney/dict.css" /-->
</head>
<body><p><a href="index.htm">Index</a></p>
<p><table width="100%"><tr><td align="center" width="50%">Previous: <b><a href="mA.htm">mā</a></b></td><td align="center" width="50%">Next: <b><a href="mA2.htm">mā2</a></b></td></tr></table></p><hr />

<h2>&#x221a;mā1<i> 'measure'</i></h2><p>
<i>present: </i>[3.] <b>mímīte</b> &#xa0;<b>mimate</b> <i>etc. </i><sub>V.+ </sub>&#xa0;<b>mimīmas</b> &#xa0;<b>mimīyāt</b> <i>etc. </i>&#xa0;<b>mimātu</b> &#xa0;<b>mimīhí</b> <i>etc. </i>&#xa0;<b>mimet</b> &#xa0; -- [2.] <b>māti</b> <i>etc. </i><sub>V.+ </sub>&#xa0;<b>māsva</b> &#xa0;<b>mīmahe</b> &#xa0; -- [4.] <b>māyate</b> &#xa0;</p><p>
<i>perfect: </i><b>mamé</b> &#xa0;<b>mamiré</b> <i>etc. </i><sub>V.+ </sub>&#xa0;<b>mamau</b> <i>etc. </i>&#xa0;</p><p>
<i>aorist: </i>[1.] <b>meyāt</b> &#xa0;<b>amāyi</b> <sub>V.+ </sub>&#xa0; -- [4.] <b>ámāsi</b> &#xa0;<b>mā́sātai</b> &#xa0;<b>māsīṣṭa</b> &#xa0; -- [6.] <b>amāsīt</b> &#xa0;</p><p>
[<i>future: </i><b>māsyati</b> &#xa0;<b>māsyate</b> &#xa0;<b>mātā</b> &#xa0;]</p><p>
<i>verbal: </i><b>mitá</b> <sub>V.+ </sub>&#xa0;<b>mātum</b> <sub>B.+ </sub>&#xa0;<b>mitum</b> &#xa0;<b>mitvā́</b> <sub>V.+ </sub>&#xa0;<b>mītvā</b> &#xa0;<b>-mā́ya</b> <sub>V.+ </sub>&#xa0;<b>-mé</b> &#xa0;<b>-maí</b> &#xa0;</p><p>
<i>secondary: </i><i>passive</i>: <b>mīyate</b> <i>etc. </i><sub>E.+ </sub>&#xa0; -- <i>intensive</i>: <b>māmā-</b> &#xa0;<b>memīya-</b> &#xa0; -- <i>desiderative</i>: <b>mitsati</b> &#xa0; -- <i>causative</i>: <b>māpayati</b> &#xa0;<b>māpayate</b> <i>etc. </i>&#xa0;<b>amīmapat</b> &#xa0;</p><p>
<i>derivatives: </i><b>mā́</b> <sub>V.+ </sub>&#xa0;<b>mā́na</b> <sub>V.+ </sub>&#xa0;<b>māná</b>? <sub>RV. </sub>&#xa0;<b>miti</b> <sub>U.+ </sub>&#xa0;<b>-mātavya</b> <sub>C. </sub>&#xa0;<b>mā́tṛ</b> <sub>V.+ </sub>&#xa0;<b>mātṛ́</b>? <sub>V.+ </sub>&#xa0;<b>mā́trā</b> <sub>V.+ </sub>&#xa0;<b>māyā́</b> <sub>V.+ </sub>&#xa0;<b>māyú</b> <sub>V. </sub>&#xa0;<b>mā́s</b> <sub>V.+ </sub>&#xa0;<b>-mas</b> <sub>V.+ </sub>&#xa0;<b>méya</b> <sub>AV.+ </sub>&#xa0;<b>-mitsā</b> <sub>C. </sub>&#xa0;<b>māpaka</b> <sub>C. </sub>&#xa0;<b>-māpya</b> <sub>C. </sub>&#xa0;<b>-māpana</b> <sub>E. </sub>&#xa0;</p></body>
</html>
