<!-- XHTML generated by dict script -->
<html>
<head>
<title>mA2</title>
<META HTTP-EQUIV="Content-Type" CONTENT="text/html; charset=utf-8"/>
<!--link rel="stylesheet" href="/Sanskrit/whitney/dict.css" /-->
</head>
<body><p><a href="index.htm">Index</a></p>
<p><table width="100%"><tr><td align="center" width="50%">Previous: <b><a href="mA1.htm">mā1</a></b></td><td align="center" width="50%">Next: <b><a href="mA3.htm">mā3</a></b></td></tr></table></p><hr />

<h2>&#x221a;mā2<i> 'exchange'</i></h2><p>
<i>present: </i><b>mayet</b> &#xa0;<b>mayante</b> &#xa0;</p><p>
[<i>perfect: </i><b>mame</b> &#xa0;<b>amāsta</b> &#xa0;<b>māsyate</b> &#xa0;<b>mātā</b> &#xa0;]</p><p>
<i>verbal: </i><b>-mítya</b> &#xa0;<b>-māya</b> &#xa0;</p><p>
<i>secondary: </i><i>passive</i>: <b>mīyate</b> &#xa0;<i>intensive</i>: </p><p>
<i>derivatives: </i><b>-maya</b> <sub>S.+ </sub>&#xa0;<b>-mātavya</b> <sub>C. </sub>&#xa0;</p><p>
Doubtless a specialization of &#x221a;1<b>mā</b> in connection with certain prepositions.</p></body>
</html>
