<!-- XHTML generated by dict script -->
<html>
<head>
<title>mA3</title>
<META HTTP-EQUIV="Content-Type" CONTENT="text/html; charset=utf-8"/>
<!--link rel="stylesheet" href="/Sanskrit/whitney/dict.css" /-->
</head>
<body><p><a href="index.htm">Index</a></p>
<p><table width="100%"><tr><td align="center" width="50%">Previous: <b><a href="mA2.htm">mā2</a></b></td><td align="center" width="50%">Next: <b><a href="mArg.htm">mārg</a></b></td></tr></table></p><hr />

<h2>&#x221a;mā3<i> 'bellow'</i></h2><p>
<i>present: </i>[3.] <b>mímāti</b> &#xa0;<b>mimeti</b> &#xa0;<b>mimanti</b> &#xa0;<b>mimīyāt</b> &#xa0;</p><p>
<i>perfect: </i><b>mimāya</b> &#xa0;</p><p>
<i>aorist: </i><b>ámīmet</b> &#xa0;<b>mīmayat</b> &#xa0;</p><p>
<i>verbal: </i><b>mā́tavaí</b> &#xa0;</p><p>
<i>secondary: </i><i>intensive</i>: <b>mémyat</b> &#xa0;</p><p>
<i>derivatives: </i><b>māyú</b> <sub>V.+ </sub>&#xa0;<b>mayú</b>? <sub>B. </sub>&#xa0;<b>mayū́ra</b>? <sub>V.+ </sub>&#xa0;</p><p>
Apparently an onomatopoetic root.</p></body>
</html>
