<!-- XHTML generated by dict script -->
<html>
<head>
<title>manT</title>
<META HTTP-EQUIV="Content-Type" CONTENT="text/html; charset=utf-8"/>
<!--link rel="stylesheet" href="/Sanskrit/whitney/dict.css" /-->
</head>
<body><p><a href="index.htm">Index</a></p>
<p><table width="100%"><tr><td align="center" width="50%">Previous: <b><a href="man.htm">man</a></b></td><td align="center" width="50%">Next: <b><a href="mand.htm">mand</a></b></td></tr></table></p><hr />

<h2>&#x221a;manth</h2><p>
<i>see </i><b><a href="maT.htm">math</a></b></p></body>
</html>
