<!-- XHTML generated by dict script -->
<html>
<head>
<title>mArg</title>
<META HTTP-EQUIV="Content-Type" CONTENT="text/html; charset=utf-8"/>
<!--link rel="stylesheet" href="/Sanskrit/whitney/dict.css" /-->
</head>
<body><p><a href="index.htm">Index</a></p>
<p><table width="100%"><tr><td align="center" width="50%">Previous: <b><a href="mA3.htm">mā3</a></b></td><td align="center" width="50%">Next: <b><a href="mi.htm">mi</a></b></td></tr></table></p><hr />

<h2>&#x221a;mārg<i> 'chase'</i></h2><p>
<i>present: </i>[1.] <b>mārgati</b> &#xa0;<b>mārgate</b> <i>etc. </i><sub>E.+ </sub>&#xa0;</p><p>
[<i>perfect: </i><b>mamārga</b> &#xa0;<b>amārgīt</b> &#xa0;]</p><p>
<i>future: </i>[1.] <b>mārgiṣyati</b> &#xa0; -- [2.] <b>mārgitā</b> &#xa0;</p><p>
<i>verbal: </i><b>mārgita</b> <sub>E.+ </sub>&#xa0;<b>mārgitum</b> &#xa0;<b>mārgitvā</b> &#xa0;</p><p>
<i>secondary: </i><i>causative</i>: <b>mārgayati</b> <i>etc. </i><sub>E.+ </sub>&#xa0;</p><p>
<i>derivatives: </i><b>mārga</b> <sub>E.+ </sub>&#xa0;<b>mārgin</b> <sub>E. </sub>&#xa0;<b>mārgaṇa</b> <sub>E.+ </sub>&#xa0;<b>mārgitavya</b> <sub>E.+ </sub>&#xa0;</p><p>
Really a denominative formation from <b>mārga</b> 'track'.</p></body>
</html>
