<!-- XHTML generated by dict script -->
<html>
<head>
<title>maRq</title>
<META HTTP-EQUIV="Content-Type" CONTENT="text/html; charset=utf-8"/>
<!--link rel="stylesheet" href="/Sanskrit/whitney/dict.css" /-->
</head>
<body><p><a href="index.htm">Index</a></p>
<p><table width="100%"><tr><td align="center" width="50%">Previous: <b><a href="maRw.htm">maṇṭ</a></b></td><td align="center" width="50%">Next: <b><a href="maT.htm">math</a></b></td></tr></table></p><hr />

<h2>&#x221a;maṇḍ<i> 'deck'</i></h2><p>
[<i>present: </i><b>maṇḍati</b> &#xa0;<b>maṇḍate</b> <i>etc. </i>&#xa0;]</p><p>
<i>secondary: </i><i>causative</i>: <b>maṇḍayati</b> <i>etc. </i><sub>E.+ </sub>&#xa0;<b>maṇḍayate</b> &#xa0;</p><p>
<i>derivatives: </i><b>maṇḍa</b> <sub>U.+ </sub>&#xa0;<b>maṇḍana</b> <sub>E.+ </sub>&#xa0;<b>maṇḍitṛ</b> <sub>C. </sub>&#xa0;</p></body>
</html>
