<!-- XHTML generated by dict script -->
<html>
<head>
<title>maT</title>
<META HTTP-EQUIV="Content-Type" CONTENT="text/html; charset=utf-8"/>
<!--link rel="stylesheet" href="/Sanskrit/whitney/dict.css" /-->
</head>
<body><p><a href="index.htm">Index</a></p>
<p><table width="100%"><tr><td align="center" width="50%">Previous: <b><a href="maRq.htm">maṇḍ</a></b></td><td align="center" width="50%">Next: <b><a href="mad.htm">mad</a></b></td></tr></table></p><hr />

<h2>&#x221a;math<i> 'shake'</i></h2><p>
<i>present: </i>[9.] <b>mathnā́ti</b> <i>etc. </i><sub>V.+ </sub>&#xa0;<b>mathnīte</b> <i>etc. </i>&#xa0;<b>mathnadhvam</b> &#xa0; -- [1.] <b>mánthati</b> <i>etc. </i><sub>V.+ </sub>&#xa0;<b>mánthate</b> &#xa0;<b>máthati</b> <i>etc. </i>&#xa0;<b>máthate</b> <i>etc. </i><sub>E.+ </sub>&#xa0;</p><p>
<i>perfect: </i><b>mamā́tha</b> <sub>AV.+ </sub>&#xa0;<b>mamathus</b> &#xa0;<b>methus</b> &#xa0;<b>methire</b> &#xa0;<b>mamantha</b> &#xa0;<b>mamanthus</b> <sub>E.+ </sub>&#xa0;</p><p>
<i>aorist: </i>[3.] <b>amīmathat</b> &#xa0;<b>amamanthat</b> &#xa0; -- [5.] <b>mathīt</b> <i>etc. </i>&#xa0;<b>amathiṣata</b> &#xa0;<b>ámanthiṣṭām</b> &#xa0;</p><p>
<i>future: </i>[1.] <b>mathiṣyati</b> &#xa0;<b>mathiṣyate</b> <i>etc. </i><sub>B.+ </sub>&#xa0;<b>manthiṣyati</b> &#xa0; -- [2.] <b>mathitā</b> &#xa0;</p><p>
<i>verbal: </i><b>mathitá</b> <sub>V.+ </sub>&#xa0;<b>mathitum</b> <sub>E.+ </sub>&#xa0;<b>mathitos</b> &#xa0;<b>mánthitavaí</b> &#xa0;<b>mathitvā́</b> <sub>B.+ </sub>&#xa0;<b>manthitvā</b> &#xa0;<b>-máthya</b> <sub>B.+ </sub>&#xa0;<b>-manthya</b> &#xa0;<b>-mātham</b> &#xa0;</p><p>
<i>secondary: </i><i>passive</i>: <b>mathyáte</b> <i>etc. </i><sub>V.+ </sub>&#xa0;<b>mathyáti</b> <i>etc. </i><sub>E.+ </sub>&#xa0; -- <i>intensive</i>: <b>māmath-</b> &#xa0;<b>mammath-</b> &#xa0;<b>māmanth-</b> &#xa0; -- <i>desiderative</i>: <b>mimathiṣa-</b> &#xa0;<b>mimanthiṣa-</b> &#xa0; -- <i>causative</i>: <b>māthayati</b> <i>etc. </i>&#xa0;<b>manthayati</b> <i>etc. </i><sub>S.+ </sub>&#xa0;<b>mathayati</b> &#xa0;</p><p>
<i>derivatives: </i><b>math</b> <sub>V.+ </sub>&#xa0;<b>-matha</b> <sub>E.+ </sub>&#xa0;<b>-mathyà</b> <sub>B. </sub>&#xa0;<b>máthya</b> <sub>B.+ </sub>&#xa0;<b>mathan</b> <sub>C. </sub>&#xa0;<b>mathana</b> <sub>U.+ </sub>&#xa0;<b>mathí</b> <sub>RV. </sub>&#xa0;<b>-máthi</b> <sub>V. </sub>&#xa0;<b>-mathitṛ</b> <sub>S. </sub>&#xa0;<b>mathná</b> <sub>RV. </sub>&#xa0;<b>mathrá</b> <sub>RV. </sub>&#xa0;<b>mātha</b> <sub>B.+ </sub>&#xa0;<b>-māthin</b> <sub>E.+ </sub>&#xa0;<b>manthá</b> <sub>V.+ </sub>&#xa0;<b>mánthā</b> <sub>V. </sub>&#xa0;<b>manthaka</b> <sub>C. </sub>&#xa0;<b>mánthya</b> <sub>B.S. </sub>&#xa0;<b>-mánthana</b> <sub>V.+ </sub>&#xa0;<b>-manthanī</b> <sub>B.S. </sub>&#xa0;<b>manthītavyà</b> <sub>MS.S. </sub>&#xa0;<b>mánthitṛ</b> <sub>AV.B. </sub>&#xa0;<b>manthu</b>? <sub>C. </sub>&#xa0;<b>manthāna</b> <sub>E.+ </sub>&#xa0;<b>manmatha</b> <sub>E.+ </sub>&#xa0;</p></body>
</html>
