<!-- XHTML generated by dict script -->
<html>
<head>
<title>mfC</title>
<META HTTP-EQUIV="Content-Type" CONTENT="text/html; charset=utf-8"/>
<!--link rel="stylesheet" href="/Sanskrit/whitney/dict.css" /-->
</head>
<body><p><a href="index.htm">Index</a></p>
<p><table width="100%"><tr><td align="center" width="50%">Previous: <b><a href="mfc.htm">mṛc</a></b></td><td align="center" width="50%">Next: <b><a href="mfj.htm">mṛj</a></b></td></tr></table></p><hr />

<h2>&#x221a;mṛch<i> 'perish'</i></h2><p>
<i>present: </i><b>mṛchante</b> &#xa0;</p><p>
Very likely a false reading; if not, a secondary root-form from &#x221a;<b>mṛ</b>.</p></body>
</html>
