<!-- XHTML generated by dict script -->
<html>
<head>
<title>mfD</title>
<META HTTP-EQUIV="Content-Type" CONTENT="text/html; charset=utf-8"/>
<!--link rel="stylesheet" href="/Sanskrit/whitney/dict.css" /-->
</head>
<body><p><a href="index.htm">Index</a></p>
<p><table width="100%"><tr><td align="center" width="50%">Previous: <b><a href="mfd.htm">mṛd</a></b></td><td align="center" width="50%">Next: <b><a href="mfS.htm">mṛś</a></b></td></tr></table></p><hr />

<h2>&#x221a;mṛdh<i> 'neglect'</i></h2><p>
<i>present: </i>[1.] <b>márdhati</b> <i>etc. </i>&#xa0; -- [6.] <b>mṛdhāti</b> &#xa0;<b>mṛdhāti</b> &#xa0;</p><p>
<i>aorist: </i>[1.] <b>mṛdhyās</b> &#xa0; -- [2.] <b>mṛdhas</b> &#xa0; -- [5.] <b>mardhīs</b> <i>etc. </i>&#xa0;<b>márdhiṣat</b> &#xa0;</p><p>
<i>verbal: </i><b>mṛddhá</b> &#xa0;</p><p>
<i>derivatives: </i><b>mṛ́dh</b> &#xa0;<b>mṛdha</b> <sub>V.+ </sub>&#xa0;<b>mṛ́dhas</b> <sub>RV. </sub>&#xa0;<b>mardhuka</b> <sub>JB. </sub>&#xa0;<b>mṛdhrá</b> <sub>RV. </sub>&#xa0;</p></body>
</html>
