<!-- XHTML generated by dict script -->
<html>
<head>
<title>mfS</title>
<META HTTP-EQUIV="Content-Type" CONTENT="text/html; charset=utf-8"/>
<!--link rel="stylesheet" href="/Sanskrit/whitney/dict.css" /-->
</head>
<body><p><a href="index.htm">Index</a></p>
<p><table width="100%"><tr><td align="center" width="50%">Previous: <b><a href="mfD.htm">mṛdh</a></b></td><td align="center" width="50%">Next: <b><a href="mfz.htm">mṛṣ</a></b></td></tr></table></p><hr />

<h2>&#x221a;mṛś<i> 'touch, feel'</i></h2><p>
<i>present: </i>[6.] <b>mṛśáti</b> <i>etc. </i><sub>V.+ </sub>&#xa0;<b>mṛśáte</b> <i>etc. </i><sub>V.+ </sub>&#xa0;</p><p>
<i>perfect: </i><b>mamarśa</b> &#xa0;<b>mamṛśus</b> <sub>E.+ </sub>&#xa0;<b>māmṛśús</b> &#xa0;<b>mamṛśe</b> <sub>B.+ </sub>&#xa0;</p><p>
<i>aorist: </i>[4.] <b>amārkṣīt</b> &#xa0;<b>amrākṣīt</b> &#xa0;<b>mṛkṣīṣṭa</b>? &#xa0; -- [7.] <b>ámṛkṣat</b> <i>etc. </i>&#xa0;</p><p>
[<i>future: </i><b>markṣyati</b> &#xa0;<b>mrakṣyati</b> &#xa0;<b>marṣṭā</b> &#xa0;<b>mraṣṭā</b> &#xa0;]</p><p>
<i>verbal: </i><b>mṛṣṭá</b> <sub>V.+ </sub>&#xa0;<b>mṛśita</b> &#xa0;<b>marṣṭum</b> <sub>E.+ </sub>&#xa0;<b>-mṛ́śya</b> <sub>V.+ </sub>&#xa0;<b>-mṛ́śe</b> &#xa0;<b>-márśam</b> &#xa0;</p><p>
<i>secondary: </i><i>passive</i>: <b>mṛśyate</b> <i>etc. </i><sub>E.+ </sub>&#xa0; -- <i>intensive</i>: <b>mármrśat</b> <i>etc. </i>&#xa0;<b>marīmṛśya-</b> &#xa0; -- <i>causative</i>: <b>marśayati</b> <i>etc. </i><sub>B.+ </sub>&#xa0;</p><p>
<i>derivatives: </i><b>-mṛśa</b> <sub>B.+ </sub>&#xa0;<b>-mṛśya</b> <sub>B.+ </sub>&#xa0;<b>marśa</b> <sub>B.+ </sub>&#xa0;<b>-marśaka</b> <sub>E. </sub>&#xa0;<b>-marśin</b> <sub>U.+ </sub>&#xa0;<b>máśana</b> <sub>V.+ </sub>&#xa0;<b>marīmṛśá</b> <sub>AV. </sub>&#xa0;</p></body>
</html>
