<!-- XHTML generated by dict script -->
<html>
<head>
<title>mikz</title>
<META HTTP-EQUIV="Content-Type" CONTENT="text/html; charset=utf-8"/>
<!--link rel="stylesheet" href="/Sanskrit/whitney/dict.css" /-->
</head>
<body><p><a href="index.htm">Index</a></p>
<p><table width="100%"><tr><td align="center" width="50%">Previous: <b><a href="mi.htm">mi</a></b></td><td align="center" width="50%">Next: <b><a href="miG.htm">migh</a></b></td></tr></table></p><hr />

<h2>&#x221a;mikṣ<i> 'mix'</i></h2><p>
<i>present: </i>[3.] <b>mimikṣvá</b> &#xa0; -- [1.] <b>mímikṣati</b> <i>etc. </i>&#xa0;</p><p>
<i>perfect: </i><b>mimikṣáthus</b> <i>etc. </i>&#xa0;<b>mimikṣé</b> &#xa0;<b>mimikṣire</b> &#xa0;</p><p>
<i>secondary: </i><i>causative</i>: <b>mekṣayati</b> &#xa0;</p><p>
<i>derivatives: </i><b>miṣrá</b> <sub>V.+ </sub>&#xa0;<b>-miśla</b> <sub>V.B. </sub>&#xa0;<b>-míkṣā</b> <sub>V.B.S. </sub>&#xa0;<b>mékṣaṇa</b> <sub>B.S. </sub>&#xa0;<b>mimikṣú</b> <sub>RV. </sub>&#xa0;</p><p>
Seems a desiderative formation to a simpler &#x221a;<b>miś</b>; referred by the grammarians (and GR.) to &#x221a;<b>mih</b>.</p></body>
</html>
