<!-- XHTML generated by dict script -->
<html>
<head>
<title>miT</title>
<META HTTP-EQUIV="Content-Type" CONTENT="text/html; charset=utf-8"/>
<!--link rel="stylesheet" href="/Sanskrit/whitney/dict.css" /-->
</head>
<body><p><a href="index.htm">Index</a></p>
<p><table width="100%"><tr><td align="center" width="50%">Previous: <b><a href="miG.htm">migh</a></b></td><td align="center" width="50%">Next: <b><a href="mid.htm">mid</a></b></td></tr></table></p><hr />

<h2>&#x221a;mith<i> 'alternate, altercate'</i></h2><p>
<i>present: </i>[1.] <b>methati</b> <i>etc. </i>&#xa0;<b>methete</b> &#xa0; -- <b>mithatī́</b> &#xa0;</p><p>
<i>perfect: </i><b>mimetha</b> &#xa0;</p><p>
<i>verbal: </i><b>mithita</b> &#xa0;<b>mithitvā</b> &#xa0;</p><p>
<i>derivatives: </i><b>mithatí</b> &#xa0;<b>mithás</b> <sub>V.+ </sub>&#xa0;<b>míthu</b> <sub>V.B. </sub>&#xa0;<b>mithuná</b> <sub>V.+ </sub>&#xa0;<b>míthus</b> <sub>B. </sub>&#xa0;<b>mithyā́</b> <sub>B.+ </sub>&#xa0;<b>-méthaka</b> <sub>&#199;B. </sub>&#xa0;<b>-méthana</b> <sub>S. </sub>&#xa0;</p></body>
</html>
