<!-- XHTML generated by dict script -->
<html>
<head>
<title>mleC</title>
<META HTTP-EQUIV="Content-Type" CONTENT="text/html; charset=utf-8"/>
<!--link rel="stylesheet" href="/Sanskrit/whitney/dict.css" /-->
</head>
<body><p><a href="index.htm">Index</a></p>
<p><table width="100%"><tr><td align="center" width="50%">Previous: <b><a href="mlup.htm">mlup</a></b></td><td align="center" width="50%">Next: <b><a href="yakz.htm">yakṣ</a></b></td></tr></table></p><hr />

<h2>&#x221a;mlech<i> 'speak barbarously'</i></h2><p>
<i>present: </i>[1.] <b>mlechati</b> <i>etc. </i><sub>B.+ </sub>&#xa0;</p><p>
[<i>perfect: </i><b>mimlecha</b> &#xa0;<b>amlechīt</b> &#xa0;<b>mlechiṣyati</b> &#xa0;<b>mlechitā</b> &#xa0;<b>mlechita</b> &#xa0;<b>mliṣṭa</b> &#xa0;]</p><p>
<i>derivatives: </i><b>mlechá</b> <sub>B.+ </sub>&#xa0;</p></body>
</html>
