<!-- XHTML generated by dict script -->
<html>
<head>
<title>mrad</title>
<META HTTP-EQUIV="Content-Type" CONTENT="text/html; charset=utf-8"/>
<!--link rel="stylesheet" href="/Sanskrit/whitney/dict.css" /-->
</head>
<body><p><a href="index.htm">Index</a></p>
<p><table width="100%"><tr><td align="center" width="50%">Previous: <b><a href="myakz.htm">myakṣ</a></b></td><td align="center" width="50%">Next: <b><a href="mrit.htm">mrit</a></b></td></tr></table></p><hr />

<h2>&#x221a;mrad</h2><p>
<i>see </i><b><a href="mfd.htm">mṛd</a></b></p></body>
</html>
