<!-- XHTML generated by dict script -->
<html>
<head>
<title>nad</title>
<META HTTP-EQUIV="Content-Type" CONTENT="text/html; charset=utf-8"/>
<!--link rel="stylesheet" href="/Sanskrit/whitney/dict.css" /-->
</head>
<body><p><a href="index.htm">Index</a></p>
<p><table width="100%"><tr><td align="center" width="50%">Previous: <b><a href="naw.htm">naṭ</a></b></td><td align="center" width="50%">Next: <b><a href="nand.htm">nand</a></b></td></tr></table></p><hr />

<h2>&#x221a;nad<i> 'sound'</i></h2><p>
<i>present: </i>[1.] <b>nádati</b> <i>etc. </i><sub>AV.+ </sub>&#xa0;<b>nádate</b> <i>etc. </i><sub>E.+ </sub>&#xa0;</p><p>
<i>perfect: </i><b>nanāda</b> &#xa0;<b>nedus</b> <sub>E.+ </sub>&#xa0;<b>nedire</b> &#xa0;</p><p>
[<i>aorist: </i><b>anīnadat</b> &#xa0;<b>anadīt</b> &#xa0;<b>anādīt</b> &#xa0;<b>nadiṣyati</b> &#xa0;<b>naditā</b> &#xa0;]</p><p>
<i>verbal: </i><b>nadita</b> &#xa0;<b>-nadya</b> <sub>E.+ </sub>&#xa0;</p><p>
<i>secondary: </i><i>passive</i>: <b>nadyate</b> &#xa0; -- <i>intensive</i>: <b>nā́nadati</b>  <font color="green">(3p.)</font> <i>etc. </i>&#xa0;<b>nānadyate</b> <i>etc. </i>&#xa0; -- <i>desiderative</i>: <b>ninadiṣa-</b> &#xa0; -- <i>causative</i>: <b>nadáyati</b> &#xa0;<b>nadáyate</b> <i>etc. </i>&#xa0;<b>nādayati</b> &#xa0;<b>nādayate</b> <i>etc. </i><sub>E.+ </sub>&#xa0;<b>nādyate</b> <sub>E.+ </sub>&#xa0;</p><p>
<i>derivatives: </i><b>nadá</b> <sub>V.+ </sub>&#xa0;<b>nadī́</b>? <sub>V.+ </sub>&#xa0;<b>-nadin</b> <sub>E. </sub>&#xa0;<b>nadathu</b> <sub>U. </sub>&#xa0;<b>nadanú</b> <sub>RV. </sub>&#xa0;<b>nādá</b> <sub>V.+ </sub>&#xa0;<b>nādín</b> <sub>AV.+ </sub>&#xa0;<b>nādi</b> <sub>S. </sub>&#xa0;<b>-nādana</b> <sub>E. </sub>&#xa0;<b>nānada</b> <sub>B.S. </sub>&#xa0;</p><p>
Compare the next root.</p></body>
</html>
