<!-- XHTML generated by dict script -->
<html>
<head>
<title>nard</title>
<META HTTP-EQUIV="Content-Type" CONTENT="text/html; charset=utf-8"/>
<!--link rel="stylesheet" href="/Sanskrit/whitney/dict.css" /-->
</head>
<body><p><a href="index.htm">Index</a></p>
<p><table width="100%"><tr><td align="center" width="50%">Previous: <b><a href="nam.htm">nam</a></b></td><td align="center" width="50%">Next: <b><a href="naS.htm">naś</a></b></td></tr></table></p><hr />

<h2>&#x221a;nard<i> 'bellow'</i></h2><p>
<i>present: </i>[1.] <b>nardati</b> <i>etc. </i><sub>B.+ </sub>&#xa0;<b>nardate</b> <i>etc. </i><sub>E.+ </sub>&#xa0;</p><p>
<i>perfect: </i><b>nanarda</b> &#xa0;</p><p>
[<i>aorist: </i><b>anardīt</b> &#xa0;<b>nardiṣyati</b> &#xa0;<b>narditā</b> &#xa0;]</p><p>
<i>verbal: </i><b>nardita</b> <sub>E.+ </sub>&#xa0;<b>-nardam</b> &#xa0;</p><p>
<i>secondary: </i><i>intensive</i>: <b>nānardyamāna</b> &#xa0; -- <i>causative</i>: <b>-nardayati</b> &#xa0;</p><p>
<i>derivatives: </i><b>-narda</b> <sub>S.+ </sub>&#xa0;<b>-nardin</b> <sub>U. </sub>&#xa0;<b>nardana</b> <sub>C. </sub>&#xa0;</p></body>
</html>
