<!-- XHTML generated by dict script -->
<html>
<head>
<title>nf</title>
<META HTTP-EQUIV="Content-Type" CONTENT="text/html; charset=utf-8"/>
<!--link rel="stylesheet" href="/Sanskrit/whitney/dict.css" /-->
</head>
<body><p><a href="index.htm">Index</a></p>
<p><table width="100%"><tr><td align="center" width="50%">Previous: <b><a href="nU.htm">nū</a></b></td><td align="center" width="50%">Next: <b><a href="nft.htm">nṛt</a></b></td></tr></table></p><hr />

<h2>&#x221a;nṛ<i> 'sport'</i></h2><p>
To be recognized with probability in the derivatives:</p><b>narúṇa</b> <sub>TA. </sub>&#xa0;<b>naríṣṭā</b> <sub>AV.VS. </sub>&#xa0;<b>nariṣyant</b> <sub>E.+ </sub>&#xa0;<b>narmá</b> <sub>VS. </sub>&#xa0;<b>narman</b> <sub>E.+ </sub>&#xa0;<p>
also in <b>sūnára</b> V.B. and <b>sūnṛ</b>- (<b>sūnṛ́tā</b> V.+). Compare also &#x221a;<b>nṛt</b>.</p></body>
</html>
