<!-- XHTML generated by dict script -->
<html>
<head>
<title>nft</title>
<META HTTP-EQUIV="Content-Type" CONTENT="text/html; charset=utf-8"/>
<!--link rel="stylesheet" href="/Sanskrit/whitney/dict.css" /-->
</head>
<body><p><a href="index.htm">Index</a></p>
<p><table width="100%"><tr><td align="center" width="50%">Previous: <b><a href="nf.htm">nṛ</a></b></td><td align="center" width="50%">Next: <b><a href="ned.htm">ned</a></b></td></tr></table></p><hr />

<h2>&#x221a;nṛt<i> 'dance'</i></h2><p>
<i>present: </i>[4.] <b>nṛ́tyati</b> <i>etc. </i><sub>V.+ </sub>&#xa0;<b>nṛ́tyate</b> <i>etc. </i><sub>E.+ </sub>&#xa0;</p><p>
<i>perfect: </i><b>nanarta</b> &#xa0;<b>nanṛtus</b> <sub>E.+ </sub>&#xa0;</p><p>
<i>aorist: </i>[1.] <b>nṛtus</b> &#xa0; -- [2.] <b>nṛtámāna</b>? &#xa0; -- [3.] <b>anīnṛtat</b> &#xa0;<b>ananartat</b> &#xa0; -- [5.] <b>anartiṣus</b> &#xa0;</p><p>
<i>future: </i>[1.] <b>nartiṣyati</b> &#xa0;<b>nartsyati</b> &#xa0; -- [2.] <b>nartitā</b> &#xa0;</p><p>
<i>verbal: </i><b>nṛttá</b> <sub>AV.+ </sub>&#xa0;<b>nartitum</b> &#xa0;<b>narttum</b> &#xa0;<b>nartitvā</b> &#xa0;<b>-nartam</b> &#xa0;</p><p>
<i>secondary: </i><i>passive</i>: <b>nṛtyate</b> &#xa0; -- <i>intensive</i>: <b>narīnartti</b> <i>etc. </i>&#xa0;<b>narīnṛtyate</b> &#xa0;<b>narīnṛtyati</b>? &#xa0; -- <i>desiderative</i>: <b>ninartiṣa-</b> &#xa0; -- <i>causative</i>: <b>nartáyati</b> <i>etc. </i><sub>V.+ </sub>&#xa0;<b>nartáyate</b> <i>etc. </i><sub>E.+ </sub>&#xa0;</p><p>
<i>derivatives: </i><b>nṛ́t</b> &#xa0;<b>nṛtya</b> <sub>U.+ </sub>&#xa0;<b>-narta</b> <sub>E.+ </sub>&#xa0;<b>nartaka</b> <sub>E.+ </sub>&#xa0;<b>-nartin</b> <sub>VS. </sub>&#xa0;<b>nartana</b> <sub>S.+ </sub>&#xa0;<b>nṛ́ti</b>? <sub>AV. </sub>&#xa0;<b>nṛtí</b> <sub>V. </sub>&#xa0;<b>nṛtú</b> <sub>RV. </sub>&#xa0;<b>nṛtū́</b> <sub>RV. </sub>&#xa0;<b>-nṛtti</b> <sub>B. </sub>&#xa0;<b>nartitavya</b> <sub>C. </sub>&#xa0;<b>nartayitṛ</b> <sub>E. </sub>&#xa0;<b>ninartiṣā</b> <sub>C. </sub>&#xa0;</p><p>
Compare roots <b>naṭ</b> and <b>nṛ</b>.</p></body>
</html>
