<!-- XHTML generated by dict script -->
<html>
<head>
<title>nij</title>
<META HTTP-EQUIV="Content-Type" CONTENT="text/html; charset=utf-8"/>
<!--link rel="stylesheet" href="/Sanskrit/whitney/dict.css" /-->
</head>
<body><p><a href="index.htm">Index</a></p>
<p><table width="100%"><tr><td align="center" width="50%">Previous: <b><a href="niNs.htm">niṅs</a></b></td><td align="center" width="50%">Next: <b><a href="nid.htm">nid</a></b></td></tr></table></p><hr />

<h2>&#x221a;nij<i> 'wash'</i></h2><p>
<i>present: </i><b>nije</b> &#xa0;<b>nijāná</b> &#xa0; -- [3.] <b>ninkta</b>  <font color="green">(2p.)</font> &#xa0;</p><p>
[<i>perfect: </i><b>nineja</b> &#xa0;<b>ninije</b> &#xa0;]</p><p>
<i>aorist: </i>[2.] <b>anijam</b> &#xa0;<b>anijan</b> &#xa0; -- [3.] <b>anīnijat</b> &#xa0; -- [4.] <b>anaikṣīt</b> &#xa0;<b>nikṣi</b> &#xa0;</p><p>
[<i>future: </i><b>nekṣyati</b> &#xa0;<b>nekṣyate</b> &#xa0;<b>nektā</b> &#xa0;]</p><p>
<i>verbal: </i><b>niktá</b> <sub>V.+ </sub>&#xa0;<b>niktvā́</b> <sub>B.+ </sub>&#xa0;<b>-níjya</b> <sub>B.+ </sub>&#xa0;<b>-níje</b> &#xa0;</p><p>
<i>secondary: </i><i>passive</i>: <b>nijyate</b> <i>etc. </i><sub>E.+ </sub>&#xa0; -- <i>intensive</i>: <b>nénekti</b> &#xa0;<b>nenikté</b> <i>etc. </i><sub>V.+ </sub>&#xa0; -- <i>desiderative</i>: <b>ninikṣa-</b> &#xa0; -- <i>causative</i>: <b>nejayati</b> <i>etc. </i><sub>B.+ </sub>&#xa0;</p><p>
<i>derivatives: </i><b>-nij</b> &#xa0;<b>-nikti</b> <sub>C. </sub>&#xa0;<b>-neka</b> <sub>S.C. </sub>&#xa0;<b>-nega</b> <sub>B.S. </sub>&#xa0;<b>-neja</b> <sub>C. </sub>&#xa0;<b>nejaka</b> <sub>C. </sub>&#xa0;<b>-nejya</b> <sub>PB. </sub>&#xa0;<b>néjana</b> <sub>V.+ </sub>&#xa0;<b>-nektṛ</b> <sub>S. </sub>&#xa0;</p><p>
The intensive is regarded by the grammarians as the present-stem of this root.</p></body>
</html>
