<!-- XHTML generated by dict script -->
<html>
<head>
<title>niNs</title>
<META HTTP-EQUIV="Content-Type" CONTENT="text/html; charset=utf-8"/>
<!--link rel="stylesheet" href="/Sanskrit/whitney/dict.css" /-->
</head>
<body><p><a href="index.htm">Index</a></p>
<p><table width="100%"><tr><td align="center" width="50%">Previous: <b><a href="nikz.htm">nikṣ</a></b></td><td align="center" width="50%">Next: <b><a href="nij.htm">nij</a></b></td></tr></table></p><hr />

<h2>&#x221a;niṅs<i> 'kiss'</i></h2><p>
<i>present: </i>[2.] <b>níṅsate</b> &#xa0;</p><p>
[<i>perfect: </i><b>niniṅse</b> &#xa0;<b>aniṅsiṣṭa</b> &#xa0;<b>niṅsiṣyate</b> &#xa0;<b>niṅsitā</b> &#xa0;]</p><p>
<i>derivatives: </i><b>-niṅsin</b> &#xa0;</p></body>
</html>
