<!-- XHTML generated by dict script -->
<html>
<head>
<title>nud</title>
<META HTTP-EQUIV="Content-Type" CONTENT="text/html; charset=utf-8"/>
<!--link rel="stylesheet" href="/Sanskrit/whitney/dict.css" /-->
</head>
<body><p><a href="index.htm">Index</a></p>
<p><table width="100%"><tr><td align="center" width="50%">Previous: <b><a href="nu2.htm">nu2</a></b></td><td align="center" width="50%">Next: <b><a href="nU.htm">nū</a></b></td></tr></table></p><hr />

<h2>&#x221a;nud<i> 'push'</i></h2><p>
<i>present: </i>[6.] <b>nudáti</b> &#xa0;<b>nudáte</b> <i>etc. </i><sub>V.+ </sub>&#xa0;</p><p>
<i>perfect: </i><b>nunoda</b> &#xa0;<b>nunude</b> <i>etc. </i><sub>V.+ </sub>&#xa0;</p><p>
<i>aorist: </i>[1.] <b>nudyāt</b> <sub>E.+ </sub>&#xa0; -- [3.] <b>anūnudat</b> &#xa0; -- [4.] <b>anautsīt</b> &#xa0;<b>ánutta</b> <i>etc. </i>&#xa0; -- [5.] <b>nudiṣṭhās</b> &#xa0;</p><p>
<i>future: </i>[1.] <b>notsyati</b> &#xa0;<b>notsyate</b> &#xa0; -- [2.] <b>nottā</b> &#xa0;</p><p>
<i>verbal: </i><b>nuttá</b> <sub>V.+ </sub>&#xa0;<b>nunna</b> &#xa0;<b>nudita</b> &#xa0;<b>-nudya</b> <sub>S.+ </sub>&#xa0;<b>-núde</b> &#xa0;<b>-nudas</b> &#xa0;<b>-nódam</b> &#xa0;</p><p>
<i>secondary: </i><i>intensive</i>: <b>anonudyanta</b> &#xa0; -- <i>desiderative</i>: <b>nunutsa-</b> &#xa0; -- <i>causative</i>: <b>nodayati</b> <i>etc. </i><sub>U.+ </sub>&#xa0;<b>nodyate</b> <sub>E.+ </sub>&#xa0;</p><p>
<i>derivatives: </i><b>-nud</b> <sub>V.+ </sub>&#xa0;<b>-nuda</b> <sub>E.+ </sub>&#xa0;<b>nutti</b> <sub>B.+ </sub>&#xa0;<b>noda</b> <sub>V.+ </sub>&#xa0;<b>-nodaka</b> <sub>C. </sub>&#xa0;<b>-nodin</b> <sub>C. </sub>&#xa0;<b>nodya</b> <sub>C. </sub>&#xa0;<b>nodana</b> <sub>C. </sub>&#xa0;<b>-nottavya</b> <sub>B. </sub>&#xa0;<b>-nunutsu</b> <sub>C. </sub>&#xa0;<b>-nodayitavya</b> <sub>C. </sub>&#xa0;</p></body>
</html>
