<!-- XHTML generated by dict script -->
<html>
<head>
<title>pA2</title>
<META HTTP-EQUIV="Content-Type" CONTENT="text/html; charset=utf-8"/>
<!--link rel="stylesheet" href="/Sanskrit/whitney/dict.css" /-->
</head>
<body><p><a href="index.htm">Index</a></p>
<p><table width="100%"><tr><td align="center" width="50%">Previous: <b><a href="pA1.htm">pā1</a></b></td><td align="center" width="50%">Next: <b><a href="pA3.htm">pā3</a></b></td></tr></table></p><hr />

<h2>&#x221a;pā2<i> 'protect'</i></h2><p>
<i>present: </i>[2.] <b>pā́ti</b> <i>etc. </i><sub>V.+ </sub>&#xa0;<b>pāná</b> &#xa0;</p><p>
[<i>perfect: </i><b>papau</b> &#xa0;]</p><p>
<i>aorist: </i>[4.] <b>pāsati</b> <i>etc. </i>&#xa0; -- [6.] <b>apāsīt</b> &#xa0;</p><p>
[<i>future: </i><b>pāsyati</b> &#xa0;<b>pātā</b> &#xa0;]</p><p>
<i>verbal: </i><b>pāta</b> &#xa0;<b>pātum</b> &#xa0;</p><p>
[<i>secondary: </i><b>pāyate</b> &#xa0;<b>pāpā-</b> &#xa0;<b>pipāsa-</b> &#xa0;<b>pālayati</b> &#xa0;]</p><p>
<i>derivatives: </i><b>-pa</b> <sub>V.+ </sub>&#xa0;<b>-pā</b> <sub>V.+ </sub>&#xa0;<b>-pā́na</b> <sub>AV.+ </sub>&#xa0;<b>pātavya</b> <sub>C. </sub>&#xa0;<b>pātṛ́</b> <sub>V.C. </sub>&#xa0;<b>pā́tra</b>? <sub>RV1. </sub>&#xa0;<b>pāyú</b> <sub>V. </sub>&#xa0;<b>-pā́yya</b> <sub>RV. </sub>&#xa0;<b>pāla</b> <sub>V.+ </sub>&#xa0;<b>-pā́van</b> <sub>V.B. </sub>&#xa0;<b>páti</b>? <sub>V.+ </sub>&#xa0;<b>pitṛ́</b>? <sub>V.+ </sub>&#xa0;<b>-pīti</b> <sub>RV. </sub>&#xa0;<b>-pītha</b> <sub>V. </sub>&#xa0;<b>-pī́thya</b> <sub>RV. </sub>&#xa0;</p></body>
</html>
