<!-- XHTML generated by dict script -->
<html>
<head>
<title>paR</title>
<META HTTP-EQUIV="Content-Type" CONTENT="text/html; charset=utf-8"/>
<!--link rel="stylesheet" href="/Sanskrit/whitney/dict.css" /-->
</head>
<body><p><a href="index.htm">Index</a></p>
<p><table width="100%"><tr><td align="center" width="50%">Previous: <b><a href="paW.htm">paṭh</a></b></td><td align="center" width="50%">Next: <b><a href="pat.htm">pat</a></b></td></tr></table></p><hr />

<h2>&#x221a;paṇ<i> 'bargain'</i></h2><p>
<i>present: </i>[1.] <b>paṇate</b> <i>etc. </i><sub>B.+ </sub>&#xa0;<b>paṇati</b> <i>etc. </i><sub>E.+ </sub>&#xa0;</p><p>
[<i>perfect: </i><b>peṇe</b> &#xa0;<b>apīpaṇat</b> &#xa0;<b>apaṇiṣṭa</b> &#xa0;<b>paṇiṣyate</b> &#xa0;<b>paṇitā</b> &#xa0;]</p><p>
<i>verbal: </i><b>paṇita</b> &#xa0;<b>paṇitvā</b> &#xa0;</p><p>
<i>secondary: </i><i>passive</i>: <b>paṇyate</b> <i>etc. </i>&#xa0; -- <i>intensive</i>: <b>pampaṇ-</b> &#xa0; -- <i>desiderative</i>: <b>pipaṇiṣa-</b> &#xa0; -- <i>causative</i>: <b>paṇayati</b> <i>etc. </i>&#xa0;<b>pāṇayati</b> &#xa0;</p><p>
<i>derivatives: </i><b>paṇa</b> <sub>AV.+ </sub>&#xa0;<b>-paṇin</b> <sub>C. </sub>&#xa0;<b>páṇya</b> <sub>B.+ </sub>&#xa0;<b>páṇana</b> <sub>B.+ </sub>&#xa0;<b>paṇī́</b> <sub>V.+ </sub>&#xa0;<b>paṇāyya</b> <sub>B. </sub>&#xa0;<b>vaṇíj</b>? <sub>V.+ </sub>&#xa0;<b>paṇitṛ</b> <sub>C. </sub>&#xa0;<b>-pāṇa</b> <sub>AV. </sub>&#xa0;<b>pāṇí</b>? <sub>V.+ </sub>&#xa0;<b>paṇayitṛ</b> <sub>C. </sub>&#xa0;</p></body>
</html>
