<!-- XHTML generated by dict script -->
<html>
<head>
<title>paS1</title>
<META HTTP-EQUIV="Content-Type" CONTENT="text/html; charset=utf-8"/>
<!--link rel="stylesheet" href="/Sanskrit/whitney/dict.css" /-->
</head>
<body><p><a href="index.htm">Index</a></p>
<p><table width="100%"><tr><td align="center" width="50%">Previous: <b><a href="paS.htm">paś</a></b></td><td align="center" width="50%">Next: <b><a href="paS2.htm">paś2</a></b></td></tr></table></p><hr />

<h2>&#x221a;paś1<i> 'see'</i></h2><p>
<i>present: </i>[4.] <b>páśyati</b> &#xa0;<b>páśyate</b> <i>etc. </i><sub>V.+ </sub>&#xa0;</p><p>
<i>perfect: </i><b>paspaśé</b> <i>etc. </i>&#xa0;</p><p>
<i>aorist: </i>[1.] <b>áspaṣṭa</b> &#xa0; -- [3.] <b>apaspaśat</b> &#xa0;</p><p>
<i>verbal: </i><b>spaṣṭa</b> <sub>V.+ </sub>&#xa0;</p><p>
<i>secondary: </i><i>causative</i>: <b>spāśayate</b> <i>etc. </i>&#xa0;<b>spāśayati</b> &#xa0;</p><p>
<i>derivatives: </i><b>páś</b>? &#xa0;<b>paśya</b> <sub>V.+ </sub>&#xa0;<b>paśyin</b> <sub>C. </sub>&#xa0;<b>paśyata</b> <sub>AV. </sub>&#xa0;<b>-paśyana</b> <sub>C. </sub>&#xa0;<b>spáś</b> <sub>V.B. </sub>&#xa0;<b>spaśa</b> <sub>B.+ </sub>&#xa0;<b>-spā́śana</b> <sub>AV. </sub>&#xa0;<b>paspaśā</b> <sub>C. </sub>&#xa0;</p><p>
The stem <b>paśya</b> is regarded as supplying the deficient present of &#x221a;<b>dṛś</b>.</p></body>
</html>
