<!-- XHTML generated by dict script -->
<html>
<head>
<title>paw</title>
<META HTTP-EQUIV="Content-Type" CONTENT="text/html; charset=utf-8"/>
<!--link rel="stylesheet" href="/Sanskrit/whitney/dict.css" /-->
</head>
<body><p><a href="index.htm">Index</a></p>
<p><table width="100%"><tr><td align="center" width="50%">Previous: <b><a href="paj.htm">paj</a></b></td><td align="center" width="50%">Next: <b><a href="paW.htm">paṭh</a></b></td></tr></table></p><hr />

<h2>&#x221a;paṭ<i> 'tear'</i></h2><p>
<i>present: </i>[1.] <b>paṭati</b> &#xa0;</p><p>
<i>secondary: </i><i>causative</i>: <b>pāṭayati</b> <i>etc. </i><sub>U.+ </sub>&#xa0;<b>pāṭayate</b> <i>etc. </i>&#xa0;<b>pāṭyate</b> &#xa0;</p><p>
<i>derivatives: </i><b>pāṭa</b> <sub>E.+ </sub>&#xa0;<b>pāṭaka</b> <sub>B.+ </sub>&#xa0;<b>-pāṭin</b> <sub>C. </sub>&#xa0;<b>pāṭya</b> <sub>C. </sub>&#xa0;<b>pāṭana</b> <sub>E.+ </sub>&#xa0;<b>pāṭanīya</b> <sub>C. </sub>&#xa0;</p></body>
</html>
