<!-- XHTML generated by dict script -->
<html>
<head>
<title>pAy</title>
<META HTTP-EQUIV="Content-Type" CONTENT="text/html; charset=utf-8"/>
<!--link rel="stylesheet" href="/Sanskrit/whitney/dict.css" /-->
</head>
<body><p><a href="index.htm">Index</a></p>
<p><table width="100%"><tr><td align="center" width="50%">Previous: <b><a href="pA3.htm">pā3</a></b></td><td align="center" width="50%">Next: <b><a href="pi.htm">pi</a></b></td></tr></table></p><hr />

<h2>&#x221a;pāy<i> 'cacare'</i></h2><p>
<i>present: </i>[1.] <b>pāyate</b>? &#xa0;</p><p>
<i>derivatives: </i><b>pāyú</b> <sub>B.+ </sub>&#xa0;</p><p>
A single very doubtful occurrence (see BR.).</p></body>
</html>
