<!-- XHTML generated by dict script -->
<html>
<head>
<title>pfS</title>
<META HTTP-EQUIV="Content-Type" CONTENT="text/html; charset=utf-8"/>
<!--link rel="stylesheet" href="/Sanskrit/whitney/dict.css" /-->
</head>
<body><p><a href="index.htm">Index</a></p>
<p><table width="100%"><tr><td align="center" width="50%">Previous: <b><a href="pft.htm">pṛt</a></b></td><td align="center" width="50%">Next: <b><a href="pfz.htm">pṛṣ</a></b></td></tr></table></p><hr />

<h2>&#x221a;pṛś</h2><p>
Under this heading may be grouped a number of words of doubtful relations, in part perhaps connected with &#x221a;<b>ṛś</b>:</p><b>pṛ́śana</b> <sub>RV. </sub>&#xa0;<b>pṛśanī́</b> <sub>RV. </sub>&#xa0;<b>pṛ́śni</b> <sub>V.+ </sub>&#xa0;<b>pṛ́ṣant</b> <sub>V.+ </sub>&#xa0;<b>pṛṣatá</b> <sub>B.+ </sub>&#xa0;<b>pṛṣṭá</b> <sub>V.B. </sub>&#xa0;<b>pṛṣṭí</b> <sub>V.B. </sub>&#xa0;<b>pṛṣṭhá</b> <sub>V.+ </sub>&#xa0;<b>párśu</b> <sub>V.+ </sub>&#xa0;<b>párśāna</b> <sub>V. </sub>&#xa0;</body>
</html>
