<!-- XHTML generated by dict script -->
<html>
<head>
<title>pI2</title>
<META HTTP-EQUIV="Content-Type" CONTENT="text/html; charset=utf-8"/>
<!--link rel="stylesheet" href="/Sanskrit/whitney/dict.css" /-->
</head>
<body><p><a href="index.htm">Index</a></p>
<p><table width="100%"><tr><td align="center" width="50%">Previous: <b><a href="pI1.htm">pī1</a></b></td><td align="center" width="50%">Next: <b><a href="pIq.htm">pīḍ</a></b></td></tr></table></p><hr />

<h2>&#x221a;pī2</h2><p>
<i>see </i><b><a href="pIy.htm">pīy</a></b></p></body>
</html>
