<!-- XHTML generated by dict script -->
<html>
<head>
<title>pinv</title>
<META HTTP-EQUIV="Content-Type" CONTENT="text/html; charset=utf-8"/>
<!--link rel="stylesheet" href="/Sanskrit/whitney/dict.css" /-->
</head>
<body><p><a href="index.htm">Index</a></p>
<p><table width="100%"><tr><td align="center" width="50%">Previous: <b><a href="pi.htm">pi</a></b></td><td align="center" width="50%">Next: <b><a href="pibd.htm">pibd</a></b></td></tr></table></p><hr />

<h2>&#x221a;pinv<i> 'fatten'</i></h2><p>
<i>present: </i>[1.] <b>pínvati</b> &#xa0;<b>pínvate</b> <i>etc. </i>&#xa0;</p><p>
<i>perfect: </i><b>pipinváthus</b> &#xa0;</p><p>
[<i>aorist: </i><b>apinvīt</b> &#xa0;<b>pinviṣyati</b> &#xa0;<b>pinvitā</b> &#xa0;]</p><p>
<i>verbal: </i><b>pinvitá</b> &#xa0;</p><p>
<i>secondary: </i><i>causative</i>: <b>pinvayati</b> &#xa0;</p><p>
<i>derivatives: </i><b>-pinva</b> &#xa0;<b>pínvana</b> <sub>B.S. </sub>&#xa0;</p><p>
A secondary root-form, from stem [5.] <b>pinu</b> of &#x221a;<b>pi</b>/<b>pī</b>, from which stem a few regular forms are also made in the older language.</p></body>
</html>
