<!-- XHTML generated by dict script -->
<html>
<head>
<title>pIy</title>
<META HTTP-EQUIV="Content-Type" CONTENT="text/html; charset=utf-8"/>
<!--link rel="stylesheet" href="/Sanskrit/whitney/dict.css" /-->
</head>
<body><p><a href="index.htm">Index</a></p>
<p><table width="100%"><tr><td align="center" width="50%">Previous: <b><a href="pIq.htm">pīḍ</a></b></td><td align="center" width="50%">Next: <b><a href="puw.htm">puṭ</a></b></td></tr></table></p><hr />

<h2>&#x221a;pīy<i> 'abuse'</i></h2><p>
<i>present: </i>[1.] <b>pī́yati</b> <i>etc. </i>&#xa0;</p><p>
<i>derivatives: </i><b>píyāru</b> &#xa0;<b>pī́yaka</b> <sub>AV. </sub>&#xa0;<b>pīyatnú</b> <sub>RV. </sub>&#xa0;<b>pīyú</b> <sub>V.B. </sub>&#xa0;</p></body>
</html>
