<!-- XHTML generated by dict script -->
<html>
<head>
<title>pruz</title>
<META HTTP-EQUIV="Content-Type" CONTENT="text/html; charset=utf-8"/>
<!--link rel="stylesheet" href="/Sanskrit/whitney/dict.css" /-->
</head>
<body><p><a href="index.htm">Index</a></p>
<p><table width="100%"><tr><td align="center" width="50%">Previous: <b><a href="pruT.htm">pruth</a></b></td><td align="center" width="50%">Next: <b><a href="produce'.htm">produce'</a></b></td></tr></table></p><hr />

<h2>&#x221a;pruṣ<i> 'sprinkle'</i></h2><p>
<i>present: </i>[5.] <b>pruṣṇuvánti</b> &#xa0;<b>pruṣṇávat</b> &#xa0;<b>pruṣṇute</b> &#xa0; -- [9.] <b>pruṣṇánt</b> &#xa0; -- [6.] <b>pruṣa</b> &#xa0;<b>pruṣánt</b>? &#xa0; -- [4.] <b>ápruṣyat</b> &#xa0;</p><p>
[<i>perfect: </i><b>puproṣa</b> &#xa0;<b>aproṣīt</b> &#xa0;]</p><p>
<i>future: </i>[1.] <b>proṣiṣyánt</b> &#xa0; -- [2.] <b>proṣitā</b> &#xa0;</p><p>
<i>verbal: </i><b>pruṣitá</b> &#xa0;</p><p>
<i>derivatives: </i><b>-pruṣ</b> <sub>V.+ </sub>&#xa0;<b>-prūṣ</b> <sub>TS. </sub>&#xa0;<b>pruṣvā</b> <sub>AV.B. </sub>&#xa0;<b>pṛ́ṣvā</b>? <sub>TS. </sub>&#xa0;</p><p>
Compare &#x221a;<b>pluṣ</b>.</p></body>
</html>
