<!-- XHTML generated by dict script -->
<html>
<head>
<title>puw</title>
<META HTTP-EQUIV="Content-Type" CONTENT="text/html; charset=utf-8"/>
<!--link rel="stylesheet" href="/Sanskrit/whitney/dict.css" /-->
</head>
<body><p><a href="index.htm">Index</a></p>
<p><table width="100%"><tr><td align="center" width="50%">Previous: <b><a href="pIy.htm">pīy</a></b></td><td align="center" width="50%">Next: <b><a href="puT.htm">puth</a></b></td></tr></table></p><hr />

<h2>&#x221a;puṭ</h2><p>
<i>present: </i>[6.] <b>puṭati</b> &#xa0;</p><p>
[<i>perfect: </i><b>pupoṭa</b> &#xa0;<b>apoṭīt</b> &#xa0;<b>poṭiṣyati</b> &#xa0;<b>poṭitā</b> &#xa0;]</p><p>
<i>verbal: </i><b>puṭita</b>? &#xa0;</p><p>
<i>secondary: </i><i>passive</i>: <b>puṭyate</b> &#xa0; -- <i>causative</i>: <b>puṭayati</b> &#xa0;<b>poṭayati</b> &#xa0;</p><p>
<i>derivatives: </i><b>puṭa</b> <sub>B.+ </sub>&#xa0;<b>-puṭaka</b> <sub>C. </sub>&#xa0;<b>puṭana</b> <sub>C. </sub>&#xa0;<b>-poṭa</b> <sub>C. </sub>&#xa0;<b>-poṭaka</b> <sub>C. </sub>&#xa0;<b>-poṭana</b> <sub>C. </sub>&#xa0;</p><p>
A late and bastard root, probably denominative of <b>puṭa</b>.</p></body>
</html>
