<!-- XHTML generated by dict script -->
<html>
<head>
<title>pyA</title>
<META HTTP-EQUIV="Content-Type" CONTENT="text/html; charset=utf-8"/>
<!--link rel="stylesheet" href="/Sanskrit/whitney/dict.css" /-->
</head>
<body><p><a href="index.htm">Index</a></p>
<p><table width="100%"><tr><td align="center" width="50%">Previous: <b><a href="pfz.htm">pṛṣ</a></b></td><td align="center" width="50%">Next: <b><a href="praC.htm">prach</a></b></td></tr></table></p><hr />

<h2>&#x221a;pyā<i> 'fill up'</i></h2><p>
<i>present: </i>[4.] <b>pyā́yate</b> <i>etc. </i><sub>V.+ </sub>&#xa0;</p><p>
<i>perfect: </i><b>pipye</b>? &#xa0;<b>papye</b> &#xa0;</p><p>
<i>aorist: </i>[1.] <b>apyāyi</b> &#xa0; -- [5.] <b>pyāyiṣīmahi</b> &#xa0; -- [6.] <b>pyāsiṣīmahi</b> &#xa0;</p><p>
[<i>future: </i><b>pyāsyate</b> &#xa0;<b>pyāyiṣyate</b> &#xa0;<b>pyātā</b> &#xa0;<b>pyāyitā</b> &#xa0;]</p><p>
<i>verbal: </i><b>pyāta</b> &#xa0;<b>pyāna</b> &#xa0;</p><p>
<i>secondary: </i><i>causative</i>: <b>pyāyáyati</b> <i>etc. </i><sub>AV.+ </sub>&#xa0;<b>pyāyáyate</b> <i>etc. </i>&#xa0;<b>pyāyayiṣṭhās</b> &#xa0;<b>pyāyyáte</b> <i>etc. </i><sub>B.+ </sub>&#xa0;</p><p>
<i>derivatives: </i><b>-pyāya</b> &#xa0;<b>-pyāyin</b> <sub>C. </sub>&#xa0;<b>-pyāyya</b> <sub>E. </sub>&#xa0;<b>-pyā́yana</b> <sub>B.+ </sub>&#xa0;<b>-pyāyayitṛ</b> <sub>B. </sub>&#xa0;</p><p>
Is a secondary root-form from &#x221a;<b>pi</b>/<b>pī</b>.</p></body>
</html>
