<!-- XHTML generated by dict script -->
<html>
<head>
<title>qI</title>
<META HTTP-EQUIV="Content-Type" CONTENT="text/html; charset=utf-8"/>
<!--link rel="stylesheet" href="/Sanskrit/whitney/dict.css" /-->
</head>
<body><p><a href="index.htm">Index</a></p>
<p><table width="100%"><tr><td align="center" width="50%">Previous: <b><a href="qamb.htm">ḍamb</a></b></td><td align="center" width="50%">Next: <b><a href="qval.htm">ḍval</a></b></td></tr></table></p><hr />

<h2>&#x221a;ḍī<i> 'fly'</i></h2><p>
<i>present: </i>[4.] <b>ḍīyate</b> &#xa0; -- [1.] <b>ḍayate</b> &#xa0;</p><p>
[<i>perfect: </i><b>ḍiḍye</b> &#xa0;<b>aḍīḍayat</b> &#xa0;<b>aḍayiṣṭa</b> &#xa0;<b>ḍayiṣyate</b> &#xa0;<b>ḍayitā</b> &#xa0;]</p><p>
<i>verbal: </i><b>ḍīna</b> <sub>E.+ </sub>&#xa0;<b>-ḍīya</b> &#xa0;</p><p>
<i>secondary: </i><i>passive</i>: <b>ḍīyate</b> &#xa0; -- <i>intensive</i>: <b>ḍeḍī-</b> &#xa0; -- <i>desiderative</i>: <b>ḍiḍayiṣa-</b> &#xa0; -- <i>causative</i>: <b>ḍāyayati</b> &#xa0;</p><p>
<i>derivatives: </i><b>-ḍayana</b> &#xa0;<b>-ḍīyana</b> <sub>E. </sub>&#xa0;<b>ḍītara</b>? <sub>&#199;B. </sub>&#xa0;<b>-ḍiyāna</b> <sub>C. </sub>&#xa0;<b>-ḍīyāna</b> <sub>C. </sub>&#xa0;</p><p>
A later form of &#x221a;<b>dī], and rare, eḷcept in {ḍīna</b>.</p></body>
</html>
