<!-- XHTML generated by dict script -->
<html>
<head>
<title>qval</title>
<META HTTP-EQUIV="Content-Type" CONTENT="text/html; charset=utf-8"/>
<!--link rel="stylesheet" href="/Sanskrit/whitney/dict.css" /-->
</head>
<body><p><a href="index.htm">Index</a></p>
<p><table width="100%"><tr><td align="center" width="50%">Previous: <b><a href="qI.htm">ḍī</a></b></td><td align="center" width="50%">Next: <b><a href="QOk.htm">ḍhauk</a></b></td></tr></table></p><hr />

<h2>&#x221a;ḍval<i> 'mix'</i></h2><p>
<i>secondary: </i><i>causative</i>: <b>ḍvālayati</b> <i>etc. </i>&#xa0;</p><p>
<i>derivatives: </i><b>-ḍvālana</b> &#xa0;</p><p>
Only used by one scholiast; no proper root.</p></body>
</html>
