<!-- XHTML generated by dict script -->
<html>
<head>
<title>rA</title>
<META HTTP-EQUIV="Content-Type" CONTENT="text/html; charset=utf-8"/>
<!--link rel="stylesheet" href="/Sanskrit/whitney/dict.css" /-->
</head>
<body><p><a href="index.htm">Index</a></p>
<p><table width="100%"><tr><td align="center" width="50%">Previous: <b><a href="rah.htm">rah</a></b></td><td align="center" width="50%">Next: <b><a href="rA1.htm">rā1</a></b></td></tr></table></p><hr />

<h2>Choose a lemma:</h2><ol>
<li/><a href="rA1.htm">rā1</a><li/><a href="rA2.htm">rā2</a></ol>
</body>
</html>
