<!-- XHTML generated by dict script -->
<html>
<head>
<title>rA2</title>
<META HTTP-EQUIV="Content-Type" CONTENT="text/html; charset=utf-8"/>
<!--link rel="stylesheet" href="/Sanskrit/whitney/dict.css" /-->
</head>
<body><p><a href="index.htm">Index</a></p>
<p><table width="100%"><tr><td align="center" width="50%">Previous: <b><a href="rA1.htm">rā1</a></b></td><td align="center" width="50%">Next: <b><a href="rAj.htm">rāj</a></b></td></tr></table></p><hr />

<h2>&#x221a;rā2<i> 'bark'</i></h2><p>
<i>present: </i>[4.] <b>rā́yati</b> <i>etc. </i>&#xa0;</p><p>
[<i>perfect: </i><b>rarau</b> &#xa0;<b>rāsyati</b> &#xa0;<b>rātā</b> &#xa0;]</p><p>
<i>derivatives: </i><b>-rā́van</b>? &#xa0;</p></body>
</html>
