<!-- XHTML generated by dict script -->
<html>
<head>
<title>rac</title>
<META HTTP-EQUIV="Content-Type" CONTENT="text/html; charset=utf-8"/>
<!--link rel="stylesheet" href="/Sanskrit/whitney/dict.css" /-->
</head>
<body><p><a href="index.htm">Index</a></p>
<p><table width="100%"><tr><td align="center" width="50%">Previous: <b><a href="raNh.htm">raṅh</a></b></td><td align="center" width="50%">Next: <b><a href="raj.htm">raj</a></b></td></tr></table></p><hr />

<h2>&#x221a;rac<i> 'produce'</i></h2><p>
<i>aorist: </i>[1.] <b>araci</b> &#xa0; -- [3.] <b>arīracat</b> &#xa0;</p><p>
<i>future: </i>[1.] <b>raciṣyati</b> &#xa0;</p><p>
<i>secondary: </i><i>causative</i>: <b>racayati</b> <i>etc. </i><sub>E.+ </sub>&#xa0;<b>racyate</b> &#xa0;</p><p>
<i>derivatives: </i><b>racana</b> <sub>E.+ </sub>&#xa0;<b>-racanā</b> <sub>C. </sub>&#xa0;<b>-rañca</b> <sub>C. </sub>&#xa0;<b>-rañcya</b> <sub>C. </sub>&#xa0;<b>-rañci</b> <sub>C. </sub>&#xa0;<b>racayitṛ</b> <sub>C. </sub>&#xa0;</p></body>
</html>
