<!-- XHTML generated by dict script -->
<html>
<head>
<title>raj2</title>
<META HTTP-EQUIV="Content-Type" CONTENT="text/html; charset=utf-8"/>
<!--link rel="stylesheet" href="/Sanskrit/whitney/dict.css" /-->
</head>
<body><p><a href="index.htm">Index</a></p>
<p><table width="100%"><tr><td align="center" width="50%">Previous: <b><a href="raj1.htm">raj1</a></b></td><td align="center" width="50%">Next: <b><a href="raYC.htm">rañch</a></b></td></tr></table></p><hr />

<h2>&#x221a;raj2<i> 'color'</i></h2><p>
<i>present: </i>[4.] <b>rajyati</b> &#xa0;<b>rajyate</b> <i>etc. </i>&#xa0; -- [1.] <b>rañjati</b> <i>etc. </i><sub>E.+ </sub>&#xa0;<b>rajati</b> &#xa0;<b>rajate</b> &#xa0;</p><p>
[<i>perfect: </i><b>rarañja</b> &#xa0;<b>rarañje</b> &#xa0;<b>rajyāt</b> &#xa0;<b>arīrajat</b> &#xa0;<b>ararañjat</b> &#xa0;<b>arāṅkṣīt</b> &#xa0;<b>araṅkta</b> &#xa0;<b>raṅkṣīṣṭa</b> &#xa0;<b>raṅkṣyati</b> &#xa0;<b>raṅkṣyate</b> &#xa0;<b>raṅktā</b> &#xa0;]</p><p>
<i>verbal: </i><b>raktá</b> <sub>B.+ </sub>&#xa0;<b>raktvā</b> &#xa0;<b>raṅktvā</b> &#xa0;<b>-rajya</b> &#xa0;</p><p>
<i>secondary: </i><i>passive</i>: <b>rajyate</b> &#xa0; -- <i>intensive</i>: <b>rā́rajīti</b> &#xa0; -- <i>desiderative</i>: <b>riraṅkṣa-</b> &#xa0; -- <i>causative</i>: <b>rajayati</b> &#xa0;<b>rañjayati</b> <i>etc. </i><sub>E.+ </sub>&#xa0;<b>rañjayate</b> &#xa0;</p><p>
<i>derivatives: </i><b>raṅga</b> <sub>E.+ </sub>&#xa0;<b>rañjaka</b> <sub>E.+ </sub>&#xa0;<b>-rañjya</b> <sub>C. </sub>&#xa0;<b>rajaka</b> <sub>E.+ </sub>&#xa0;<b>rañjana</b> <sub>E.+ </sub>&#xa0;<b>rañjanīya</b> <sub>C. </sub>&#xa0;<b>rajana</b> <sub>AV.+ </sub>&#xa0;<b>rajani</b> <sub>E. </sub>&#xa0;<b>rajanī</b> <sub>E. </sub>&#xa0;<b>rajanīya</b> <sub>E. </sub>&#xa0;<b>rájas</b>? <sub>V.+ </sub>&#xa0;<b>rají</b>? <sub>RV. </sub>&#xa0;<b>rajatá</b> <sub>V.+ </sub>&#xa0;<b>rakti</b> <sub>C. </sub>&#xa0;<b>rāga</b> <sub>U.+ </sub>&#xa0;<b>-rāgin</b> <sub>E.+ </sub>&#xa0;<b>rajayitṛ́</b> <sub>VS. </sub>&#xa0;</p><p>
The forms with nasal belong to the later language.</p></body>
</html>
