<!-- XHTML generated by dict script -->
<html>
<head>
<title>rakz</title>
<META HTTP-EQUIV="Content-Type" CONTENT="text/html; charset=utf-8"/>
<!--link rel="stylesheet" href="/Sanskrit/whitney/dict.css" /-->
</head>
<body><p><a href="index.htm">Index</a></p>
<p><table width="100%"><tr><td align="center" width="50%">Previous: <b><a href="yez.htm">yeṣ</a></b></td><td align="center" width="50%">Next: <b><a href="raNg.htm">raṅg</a></b></td></tr></table></p><hr />

<h2>&#x221a;rakṣ<i> 'protect'</i></h2><p>
<i>present: </i>[1.] <b>rákṣati</b> &#xa0;<b>rákṣate</b> <i>etc. </i><sub>V.+ </sub>&#xa0;</p><p>
<i>perfect: </i><b>rarákṣa</b> <i>etc. </i><sub>V.+ </sub>&#xa0;<b>rārakṣāṇá</b> &#xa0;</p><p>
<i>aorist: </i>[1.] <b>rakṣyāt</b> &#xa0; -- [3.] <b>ararakṣat</b> &#xa0; -- [4.] <b>arakṣīt</b> <i>etc. </i><sub>AV.+ </sub>&#xa0;<b>rakṣiṣat</b> <i>etc. </i>&#xa0;<b>arākṣīt</b> <i>etc. </i>&#xa0;<b>arāṭ</b>? &#xa0;</p><p>
<i>future: </i>[1.] <b>arakṣiṣyas</b> &#xa0;<b>rakṣye</b>? &#xa0; -- [2.] <b>rakṣitā</b> &#xa0;</p><p>
<i>verbal: </i><b>rakṣitá</b> <sub>V.+ </sub>&#xa0;<b>rakṣitum</b> <sub>E.+ </sub>&#xa0;<b>-rakṣya</b> &#xa0;</p><p>
<i>secondary: </i><i>passive</i>: <b>rakṣyate</b> <i>etc. </i><sub>U.+ </sub>&#xa0; -- <i>intensive</i>: <b>rārakṣ-</b> &#xa0; -- <i>desiderative</i>: <b>rirakṣiṣati</b> <i>etc. </i>&#xa0; -- <i>causative</i>: <b>rakṣayati</b> <i>etc. </i>&#xa0;<b>rakṣayate</b> &#xa0;</p><p>
<i>derivatives: </i><b>rakṣa</b> <sub>B.+ </sub>&#xa0;<b>rakṣā</b> <sub>E.+ </sub>&#xa0;<b>rakṣaka</b> <sub>C. </sub>&#xa0;<b>rakṣin</b> <sub>S.+ </sub>&#xa0;<b>rakṣya</b> <sub>E.+ </sub>&#xa0;<b>rákṣaṇa</b> <sub>V.+ </sub>&#xa0;<b>rakṣaṇā</b> <sub>C. </sub>&#xa0;<b>rakṣaṇīya</b> <sub>E.+ </sub>&#xa0;<b>rákṣas</b> <sub>V.+ </sub>&#xa0;<b>rakṣás</b> <sub>V.B. </sub>&#xa0;<b>-rákṣi</b> <sub>V.B. </sub>&#xa0;<b>rakṣitavya</b> <sub>E.+ </sub>&#xa0;<b>rakṣitṛ́</b> <sub>V.+ </sub>&#xa0;<b>rirakṣā</b> <sub>C. </sub>&#xa0;<b>rirakṣu</b> <sub>C. </sub>&#xa0;<b>rirakṣiṣā</b> <sub>C. </sub>&#xa0;<b>rirakṣiṣu</b> <sub>E.+ </sub>&#xa0;</p><p>
The relation of <b>rakṣas</b> 'demon' to this root is questionable.  But <b>rakṣīs</b> AV1. is too weak evidence on which to accept a &#x221a;2<b>rakṣ</b> 'harm'.</p></body>
</html>
