<!-- XHTML generated by dict script -->
<html>
<head>
<title>ramb</title>
<META HTTP-EQUIV="Content-Type" CONTENT="text/html; charset=utf-8"/>
<!--link rel="stylesheet" href="/Sanskrit/whitney/dict.css" /-->
</head>
<body><p><a href="index.htm">Index</a></p>
<p><table width="100%"><tr><td align="center" width="50%">Previous: <b><a href="ram.htm">ram</a></b></td><td align="center" width="50%">Next: <b><a href="ramB.htm">rambh</a></b></td></tr></table></p><hr />

<h2>&#x221a;ramb<i> 'hang down'</i></h2><p>
<i>present: </i>[1.] <b>rámbate</b> <i>etc. </i>&#xa0;</p><p>
<i>derivatives: </i><b>-rambaṇa</b> &#xa0;</p><p>
Compare &#x221a;<b>lamb</b>, from which the verb-forms and derivatives mostly come.</p></body>
</html>
