<!-- XHTML generated by dict script -->
<html>
<head>
<title>ran2</title>
<META HTTP-EQUIV="Content-Type" CONTENT="text/html; charset=utf-8"/>
<!--link rel="stylesheet" href="/Sanskrit/whitney/dict.css" /-->
</head>
<body><p><a href="index.htm">Index</a></p>
<p><table width="100%"><tr><td align="center" width="50%">Previous: <b><a href="ran1.htm">ran1</a></b></td><td align="center" width="50%">Next: <b><a href="ranD.htm">randh</a></b></td></tr></table></p><hr />

<h2>&#x221a;ran2<i> 'ring'</i></h2><p>
<i>present: </i>[1.] <b>raṇati</b> <i>etc. </i>&#xa0;</p><p>
<i>verbal: </i><b>raṇita</b> &#xa0;</p><p>
<i>secondary: </i><i>causative</i>: <b>raṇayati</b> &#xa0;</p><p>
<i>derivatives: </i><b>-raṇana</b> &#xa0;</p><p>
A late and probably artificial formation.</p></body>
</html>
