<!-- XHTML generated by dict script -->
<html>
<head>
<title>raw</title>
<META HTTP-EQUIV="Content-Type" CONTENT="text/html; charset=utf-8"/>
<!--link rel="stylesheet" href="/Sanskrit/whitney/dict.css" /-->
</head>
<body><p><a href="index.htm">Index</a></p>
<p><table width="100%"><tr><td align="center" width="50%">Previous: <b><a href="raYj.htm">rañj</a></b></td><td align="center" width="50%">Next: <b><a href="raRv.htm">raṇv</a></b></td></tr></table></p><hr />

<h2>&#x221a;raṭ<i> 'howl'</i></h2><p>
<i>present: </i>[1.] <b>raṭati</b> <i>etc. </i>&#xa0;</p><p>
[<i>perfect: </i><b>rarāṭa</b> &#xa0;<b>reṭus</b> &#xa0;<b>arīraṭat</b> &#xa0;<b>arāṭīt</b> &#xa0;<b>raṭiṣyati</b> &#xa0;<b>raṭitā</b> &#xa0;]</p><p>
<i>verbal: </i><b>raṭita</b> &#xa0;</p><p>
<i>secondary: </i><i>intensive</i>: <b>rāraṭīti</b> <i>etc. </i><sub>E.+ </sub>&#xa0;</p><p>
<i>derivatives: </i><b>raṭana</b> &#xa0;<b>-raṭi</b> <sub>C. </sub>&#xa0;</p></body>
</html>
