<!-- XHTML generated by dict script -->
<html>
<head>
<title>raYC</title>
<META HTTP-EQUIV="Content-Type" CONTENT="text/html; charset=utf-8"/>
<!--link rel="stylesheet" href="/Sanskrit/whitney/dict.css" /-->
</head>
<body><p><a href="index.htm">Index</a></p>
<p><table width="100%"><tr><td align="center" width="50%">Previous: <b><a href="raj2.htm">raj2</a></b></td><td align="center" width="50%">Next: <b><a href="raYj.htm">rañj</a></b></td></tr></table></p><hr />

<h2>&#x221a;rañch<i> 'mark'</i></h2><p>
Only in (<b>ni</b>-) -<b>rañchana</b> C.: compare &#x221a;<b>lāñch</b>.</p></body>
</html>
