<!-- XHTML generated by dict script -->
<html>
<head>
<title>riP</title>
<META HTTP-EQUIV="Content-Type" CONTENT="text/html; charset=utf-8"/>
<!--link rel="stylesheet" href="/Sanskrit/whitney/dict.css" /-->
</head>
<body><p><a href="index.htm">Index</a></p>
<p><table width="100%"><tr><td align="center" width="50%">Previous: <b><a href="rip.htm">rip</a></b></td><td align="center" width="50%">Next: <b><a href="riB.htm">ribh</a></b></td></tr></table></p><hr />

<h2>&#x221a;riph<i> 'snarl'</i></h2><p>
<i>present: </i>[6.] <b>riphant</b> &#xa0;<b>riphatī́</b> &#xa0; -- [1.] <b>rephant</b> &#xa0;</p><p>
[<i>perfect: </i><b>rirepha</b> <i>etc. </i>&#xa0;]</p><p>
<i>verbal: </i><b>riphitá</b> <sub>B.+ </sub>&#xa0;</p><p>
<i>secondary: </i><i>passive</i>: <b>riphyate</b> &#xa0;</p><p>
<i>derivatives: </i><b>repha</b> <sub>S.+ </sub>&#xa0;</p></body>
</html>
