<!-- XHTML generated by dict script -->
<html>
<head>
<title>rip</title>
<META HTTP-EQUIV="Content-Type" CONTENT="text/html; charset=utf-8"/>
<!--link rel="stylesheet" href="/Sanskrit/whitney/dict.css" /-->
</head>
<body><p><a href="index.htm">Index</a></p>
<p><table width="100%"><tr><td align="center" width="50%">Previous: <b><a href="ric.htm">ric</a></b></td><td align="center" width="50%">Next: <b><a href="riP.htm">riph</a></b></td></tr></table></p><hr />

<h2>&#x221a;rip<i> 'smear'</i></h2><p>
<i>perfect: </i><b>riripús</b> &#xa0;</p><p>
<i>verbal: </i><b>riptá</b> &#xa0;</p><p>
<i>derivatives: </i><b>ríp</b> &#xa0;<b>répas</b> <sub>V. </sub>&#xa0;<b>ripú</b> <sub>V.+ </sub>&#xa0;<b>riprá</b> <sub>V. </sub>&#xa0;</p><p>
Compare the other form of the foot, <b>lip</b>, to which most of the formation belongs.</p></body>
</html>
