<!-- XHTML generated by dict script -->
<html>
<head>
<title>ruc</title>
<META HTTP-EQUIV="Content-Type" CONTENT="text/html; charset=utf-8"/>
<!--link rel="stylesheet" href="/Sanskrit/whitney/dict.css" /-->
</head>
<body><p><a href="index.htm">Index</a></p>
<p><table width="100%"><tr><td align="center" width="50%">Previous: <b><a href="ru2.htm">ru2</a></b></td><td align="center" width="50%">Next: <b><a href="ruj.htm">ruj</a></b></td></tr></table></p><hr />

<h2>&#x221a;ruc<i> 'shine'</i></h2><p>
<i>present: </i>[1.] <b>rócate</b> <i>etc. </i><sub>V.+ </sub>&#xa0;<b>rócati</b> <i>etc. </i><sub>E.+ </sub>&#xa0;</p><p>
<i>perfect: </i><b>ruroca</b> &#xa0;<b>rurucé</b> <i>etc. </i><sub>V.+ </sub>&#xa0;<b>rurukvā́ṅs</b> &#xa0;</p><p>
<i>aorist: </i>[1.] <b>rucīya</b> &#xa0;<b>rucāná</b> &#xa0;<b>aroci</b> &#xa0; -- [2.] <b>arucat</b> &#xa0; -- [3.] <b>árūrucat</b> &#xa0;<b>árūrucata</b>  <font color="green">(3s.)</font> <i>etc. </i>&#xa0; -- [4.] <b>arukta</b> &#xa0; -- [5.] <b>arociṣṭa</b> <i>etc. </i><sub>B.+ </sub>&#xa0;<b>rociṣīya</b> &#xa0;<b>ruciṣīya</b> &#xa0;</p><p>
<i>future: </i>[1.] <b>rociṣyate</b> &#xa0; -- [2.] <b>rocitā</b> &#xa0;</p><p>
<i>verbal: </i><b>rucitá</b> <sub>B.+ </sub>&#xa0;<b>rocitum</b> &#xa0;<b>rucé</b> &#xa0;</p><p>
<i>secondary: </i><i>intensive</i>: <b>rórucāna</b> &#xa0; -- <i>desiderative</i>: <b>ruruciṣate</b>? &#xa0;<b>rurociṣa-</b> &#xa0; -- <i>causative</i>: <b>rocáyati</b> <i>etc. </i><sub>V.+ </sub>&#xa0;<b>rocáyate</b> <i>etc. </i><sub>B.+ </sub>&#xa0;<b>rocyate</b> &#xa0;<b>rucayanta</b> &#xa0;</p><p>
<i>derivatives: </i><b>rúc</b> <sub>V.+ </sub>&#xa0;<b>rucá</b> <sub>B. </sub>&#xa0;<b>rucā</b> <sub>E. </sub>&#xa0;<b>rucaka</b> <sub>E.+ </sub>&#xa0;<b>rucya</b> <sub>C. </sub>&#xa0;<b>rocá</b> <sub>AV.+ </sub>&#xa0;<b>rocaka</b> <sub>E.+ </sub>&#xa0;<b>-rocin</b> <sub>C. </sub>&#xa0;<b>roká</b> <sub>V.+ </sub>&#xa0;<b>róka</b> <sub>RV. </sub>&#xa0;<b>-rokin</b> <sub>V.B. </sub>&#xa0;<b>rocaná</b> <sub>V.+ </sub>&#xa0;<b>-rocas</b> <sub>B. </sub>&#xa0;<b>rúci</b> <sub>AV.+ </sub>&#xa0;<b>rucí</b> <sub>MS. </sub>&#xa0;<b>roci</b> <sub>C. </sub>&#xa0;<b>rocís</b> <sub>V.+ </sub>&#xa0;<b>rócuka</b> <sub>MS. </sub>&#xa0;<b>rukmá</b> <sub>V.+ </sub>&#xa0;<b>rúkmant</b> <sub>V.B. </sub>&#xa0;<b>rucira</b> <sub>E.+ </sub>&#xa0;<b>rukṣá</b> <sub>RV. </sub>&#xa0;<b>ruciṣya</b> <sub>C. </sub>&#xa0;<b>rociṣṇú</b> <sub>B.+ </sub>&#xa0;<b>-ruśa</b>? <sub>RV. </sub>&#xa0;<b>rúśant</b>? <sub>V. </sub>&#xa0;</p></body>
</html>
