<!-- XHTML generated by dict script -->
<html>
<head>
<title>ruD2</title>
<META HTTP-EQUIV="Content-Type" CONTENT="text/html; charset=utf-8"/>
<!--link rel="stylesheet" href="/Sanskrit/whitney/dict.css" /-->
</head>
<body><p><a href="index.htm">Index</a></p>
<p><table width="100%"><tr><td align="center" width="50%">Previous: <b><a href="ruD1.htm">rudh1</a></b></td><td align="center" width="50%">Next: <b><a href="rup.htm">rup</a></b></td></tr></table></p><hr />

<h2>&#x221a;rudh2<i> 'obstruct'</i></h2><p>
<i>present: </i>[7.] <b>ruṇáddhi</b> <i>etc. </i><sub>V.+ </sub>&#xa0; -- [2.] <b>rudhmas</b> &#xa0; -- [1.] <b>rodhati</b> &#xa0; -- <b>rundhati</b> &#xa0;<b>rundhate</b> <i>etc. </i><sub>B.+ </sub>&#xa0;</p><p>
<i>perfect: </i><b>rurodha</b> &#xa0;<b>rurudhe</b> <i>etc. </i><sub>V.+ </sub>&#xa0;<b>rurodhitha</b> &#xa0;<b>rurundhatus</b> &#xa0;</p><p>
<i>aorist: </i>[1.] <b>arodham</b> &#xa0;<b>arudhma</b> &#xa0;<b>rudhánt</b>? &#xa0;<b>rudhyāt</b> &#xa0;<b>arodhi</b> &#xa0; -- [2.] <b>arudhat</b> <i>etc. </i><sub>V.+ </sub>&#xa0; -- [3.] <b>arūrudhat</b> &#xa0; -- [4.] <b>arautsīt</b> <i>etc. </i><sub>B.+ </sub>&#xa0;<b>araut</b> &#xa0;<b>rotsīs</b> &#xa0;<b>arutsi</b> &#xa0;<b>aruddha</b> <i>etc. </i>&#xa0;<b>arautsi</b> &#xa0;</p><p>
<i>future: </i>[1.] <b>rotsyati</b> &#xa0;<b>rotsyate</b> <i>etc. </i><sub>B.+ </sub>&#xa0; -- [2.] <b>roddhā</b> &#xa0;</p><p>
<i>verbal: </i><b>ruddhá</b> <sub>V.+ </sub>&#xa0;<b>roddhum</b> <sub>E.+ </sub>&#xa0;<b>roddhos</b> &#xa0;<b>rodhitum</b> &#xa0;<b>ruddhvā</b> <sub>E.+ </sub>&#xa0;<b>-rúdhya</b> <sub>V.+ </sub>&#xa0;<b>-rundhya</b> &#xa0;<b>-rúdham</b> &#xa0;<b>-rúndham</b> &#xa0;<b>-ródham</b> &#xa0;</p><p>
<i>secondary: </i><i>passive</i>: <b>rudhyáte</b> <i>etc. </i><sub>V.+ </sub>&#xa0;<b>rudhyáti</b> <i>etc. </i><sub>E.+ </sub>&#xa0; -- <i>intensive</i>: <b>rorudhas</b> &#xa0; -- <i>desiderative</i>: <b>rurutsate</b> <i>etc. </i>&#xa0;<b>rurutsati</b> &#xa0;<b>rurutsyamāna</b>? &#xa0; -- <i>causative</i>: <b>rodhayati</b> &#xa0;<b>rodhayate</b> <i>etc. </i><sub>E.+ </sub>&#xa0;<b>rodhyate</b> &#xa0;<b>rundhayati</b> &#xa0;</p><p>
<i>derivatives: </i><b>-rudh</b> <sub>V.+ </sub>&#xa0;<b>-rudha</b> <sub>RV. </sub>&#xa0;<b>ródha</b> <sub>V.+ </sub>&#xa0;<b>rodhaka</b> <sub>E.+ </sub>&#xa0;<b>rodhin</b> <sub>S.+ </sub>&#xa0;<b>rodhya</b> <sub>E.+ </sub>&#xa0;<b>ródhana</b> <sub>V.+ </sub>&#xa0;<b>rodhanā́</b> <sub>RV. </sub>&#xa0;<b>ródhas</b> <sub>V.+ </sub>&#xa0;<b>-ródhuka</b> <sub>B. </sub>&#xa0;<b>-ruddhi</b> <sub>B. </sub>&#xa0;<b>roddhavya</b> <sub>E.+ </sub>&#xa0;<b>roddhṛ</b> <sub>B.+ </sub>&#xa0;<b>rurutsu</b> <sub>C. </sub>&#xa0;</p></body>
</html>
