<!-- XHTML generated by dict script -->
<html>
<head>
<title>rup</title>
<META HTTP-EQUIV="Content-Type" CONTENT="text/html; charset=utf-8"/>
<!--link rel="stylesheet" href="/Sanskrit/whitney/dict.css" /-->
</head>
<body><p><a href="index.htm">Index</a></p>
<p><table width="100%"><tr><td align="center" width="50%">Previous: <b><a href="ruD2.htm">rudh2</a></b></td><td align="center" width="50%">Next: <b><a href="ruz.htm">ruṣ</a></b></td></tr></table></p><hr />

<h2>&#x221a;rup<i> 'break, pain'</i></h2><p>
<i>present: </i>[4.] <b>rúpyati</b> <i>etc. </i>&#xa0;</p><p>
[<i>perfect: </i><b>ruropa</b> &#xa0;]</p><p>
<i>aorist: </i>[2.] <b>arupat</b> &#xa0; -- [3.] <b>arūrupat</b> <i>etc. </i>&#xa0;</p><p>
[<i>future: </i><b>ropiṣyati</b> &#xa0;<b>ropitā</b> &#xa0;]</p><p>
<i>verbal: </i><b>rupita</b> &#xa0;<i>causative</i>: <b>ropayati</b> &#xa0;</p><p>
<i>derivatives: </i><b>ropaṇá</b> &#xa0;<b>rópi</b> <sub>AV. </sub>&#xa0;<b>rópuṣī</b> <sub>RV. </sub>&#xa0;</p><p>
Probably the same with &#x221a;<b>lup</b>, though differentiated from it in meaning.</p></body>
</html>
