<!-- XHTML generated by dict script -->
<html>
<head>
<title>SA</title>
<META HTTP-EQUIV="Content-Type" CONTENT="text/html; charset=utf-8"/>
<!--link rel="stylesheet" href="/Sanskrit/whitney/dict.css" /-->
</head>
<body><p><a href="index.htm">Index</a></p>
<p><table width="100%"><tr><td align="center" width="50%">Previous: <b><a href="Sas.htm">śas</a></b></td><td align="center" width="50%">Next: <b><a href="SAs.htm">śās</a></b></td></tr></table></p><hr />

<h2>&#x221a;śā<i> 'sharpen'</i></h2><p>
<i>present: </i>[3.] <b>śiśāti</b> <i>etc. </i><sub>V.+ </sub>&#xa0;<b>śiśanti</b> &#xa0;<b>śiśantu</b> &#xa0; -- <b>śyáti</b> <i>etc. </i>&#xa0;<b>śyāna</b> &#xa0;</p><p>
<i>perfect: </i><b>śaśau</b> &#xa0;<b>-śaśāná</b> &#xa0;</p><p>
<i>aorist: </i>[1.] <b>áśīta</b>? &#xa0;<b>aśāt</b> &#xa0;<b>śāyāt</b> &#xa0; -- [6.] <b>aśāsīt</b> &#xa0;</p><p>
[<i>future: </i><b>śāsyati</b> &#xa0;<b>śātā</b> &#xa0;]</p><p>
<i>verbal: </i><b>śitá</b> <sub>V.+ </sub>&#xa0;<b>śāta</b> <sub>E.+ </sub>&#xa0;<b>-śā́ya</b> &#xa0;</p><p>
[<i>secondary: </i><i>passive</i>: <b>śāya-</b> &#xa0; -- <i>intensive</i>: <b>śāśā-</b> &#xa0; -- <i>desiderative</i>: <b>śiśāsa-</b> &#xa0;<b>śīśāṅsa-</b> &#xa0; -- <i>causative</i>: <b>śāyaya-</b> &#xa0;]</p><p>
<i>derivatives: </i><b>-śāna</b> &#xa0;<b>śāṇa</b>? <sub>C. </sub>&#xa0;<b>-śiti</b> <sub>V.B. </sub>&#xa0;<b>śiśayá</b> <sub>RV. </sub>&#xa0;</p><p>
Divided by BR. into two separate roots, with identical forms.</p></body>
</html>
