<!-- XHTML generated by dict script -->
<html>
<head>
<title>sad</title>
<META HTTP-EQUIV="Content-Type" CONTENT="text/html; charset=utf-8"/>
<!--link rel="stylesheet" href="/Sanskrit/whitney/dict.css" /-->
</head>
<body><p><a href="index.htm">Index</a></p>
<p><table width="100%"><tr><td align="center" width="50%">Previous: <b><a href="saYj.htm">sañj</a></b></td><td align="center" width="50%">Next: <b><a href="saD.htm">sadh</a></b></td></tr></table></p><hr />

<h2>&#x221a;sad<i> 'sit'</i></h2><p>
<i>present: </i>[1.] <b>sī́dati</b> <i>etc. </i><sub>V.+ </sub>&#xa0;<b>sī́date</b> <i>etc. </i>&#xa0; -- [2.] <b>sátsi</b> &#xa0;</p><p>
<i>perfect: </i><b>sasā́da</b> &#xa0;<b>sedús</b> <i>etc. </i><sub>V.+ </sub>&#xa0;<b>sasáttha</b> &#xa0;<b>sasadyāt</b> &#xa0;<b>sīdatus</b> &#xa0;<b>sedire</b> &#xa0;</p><p>
<i>aorist: </i>[1.] <b>ásādi</b> &#xa0;<b>sā́di</b> &#xa0; -- [2.] <b>ásadat</b> <i>etc. </i><sub>V.+ </sub>&#xa0;<b>sádathas</b> &#xa0;<b>sadas</b> <i>etc. </i><sub>V.+ </sub>&#xa0;<b>sadeyam</b> <i>etc. </i>&#xa0;<b>sadatu</b> <i>etc. </i>&#xa0;<b>sádatam</b> &#xa0;<b>sádant</b> &#xa0;<b>sadantām</b> &#xa0;<b>sādat-</b> &#xa0; -- [3.] <b>asīṣadat</b> <i>etc. </i>&#xa0; -- [4.] <b>sátsat</b> &#xa0; -- [5.] <b>asādīt</b> &#xa0;</p><p>
<i>future: </i>[1.] <b>satsyati</b> <i>etc. </i>&#xa0;<b>sīdiṣyati</b> &#xa0; -- [2.] <b>sattā</b> &#xa0;</p><p>
<i>verbal: </i><b>sanná</b> <sub>AV.+ </sub>&#xa0;<b>sattá</b> &#xa0;<b>sattum</b> &#xa0;<b>sīditum</b> &#xa0;<b>-sádya</b> <sub>V.+ </sub>&#xa0;<b>-sádam</b> &#xa0;<b>-sáde</b> &#xa0;<b>-sādam</b> &#xa0;</p><p>
<i>secondary: </i><i>passive</i>: <b>sadyate</b> &#xa0; -- <i>intensive</i>: <b>sāsad-</b> &#xa0; -- <i>desiderative</i>: <b>siṣatsa-</b> &#xa0; -- <i>causative</i>: <b>sādáyati</b> <i>etc. </i><sub>V.+ </sub>&#xa0;<b>sādáyate</b> <i>etc. </i><sub>V.+ </sub>&#xa0;<b>sādyate</b> <i>etc. </i><sub>B.+ </sub>&#xa0;<b>sisādayiṣa-</b> &#xa0;</p><p>
<i>derivatives: </i><b>sád</b> <sub>V.+ </sub>&#xa0;<b>sada</b> <sub>B.+ </sub>&#xa0;<b>-sádya</b> <sub>V.B.S. </sub>&#xa0;<b>-sádya</b>  <font color="green">(n.)</font> <sub>V.B. </sub>&#xa0;<b>-sadyā</b> <sub>&#199;B. </sub>&#xa0;<b>sādá</b> <sub>V.+ </sub>&#xa0;<b>-sādaka</b> <sub>E.+ </sub>&#xa0;<b>sādín</b> <sub>AV.+ </sub>&#xa0;<b>-sādya</b> <sub>E.+ </sub>&#xa0;<b>sádana</b> <sub>V.+ </sub>&#xa0;<b>sā́dana</b> <sub>V.+ </sub>&#xa0;<b>-sādanīya</b> <sub>E.+ </sub>&#xa0;<b>sádas</b> <sub>V.+ </sub>&#xa0;<b>-sádi</b> <sub>AV. </sub>&#xa0;<b>sādi</b> <sub>E. </sub>&#xa0;<b>sedí</b> <sub>AV.B.S. </sub>&#xa0;<b>-sandī</b>? <sub>AV.B.S. </sub>&#xa0;<b>seduka</b> <sub>E. </sub>&#xa0;<b>satti</b> <sub>V.+ </sub>&#xa0;<b>sáttṛ</b> <sub>V.B.U. </sub>&#xa0;<b>sattrá</b> <sub>V.+ </sub>&#xa0;<b>sanni</b> <sub>C. </sub>&#xa0;<b>sádman</b> <sub>V.+ </sub>&#xa0;<b>sadmán</b> <sub>RV. </sub>&#xa0;<b>-sádvan</b> <sub>V.S. </sub>&#xa0;<b>-sadvará</b> <sub>B.S. </sub>&#xa0;<b>-satsnu</b> <sub>RV. </sub>&#xa0;<b>sādayitavya</b> <sub>E.+ </sub>&#xa0;<b>-sisādayiṣu</b> <sub>E. </sub>&#xa0;</p><p>
The stem <b>sada</b>, so far as accented <b>sáda</b>, is perhaps rather a present-stem.</p></body>
</html>
