<!-- XHTML generated by dict script -->
<html>
<head>
<title>Sad2</title>
<META HTTP-EQUIV="Content-Type" CONTENT="text/html; charset=utf-8"/>
<!--link rel="stylesheet" href="/Sanskrit/whitney/dict.css" /-->
</head>
<body><p><a href="index.htm">Index</a></p>
<p><table width="100%"><tr><td align="center" width="50%">Previous: <b><a href="Sad1.htm">śad1</a></b></td><td align="center" width="50%">Next: <b><a href="Sap.htm">śap</a></b></td></tr></table></p><hr />

<h2>&#x221a;śad2<i> 'fall'</i></h2><p>
<i>perfect: </i><b>śaśāda</b> &#xa0;<b>śedus</b> &#xa0;</p><p>
[<i>aorist: </i>[2.] <b>aśadat</b> &#xa0;]</p><p>
<i>future: </i>[1.] <b>śatsyati</b> &#xa0; -- [2.] <b>śattā</b> &#xa0;</p><p>
<i>verbal: </i><b>śanna</b> &#xa0;</p><p>
[<i>secondary: </i><i>intensive</i>: <b>śāśad-</b> &#xa0; -- <i>desiderative</i>: <b>śīśatsa-</b> &#xa0; -- <i>causative</i>: <b>śādaya-</b> &#xa0;]</p><p>
<i>derivatives: </i><b>śada</b> &#xa0;<b>śā́da</b> <sub>V.B. </sub>&#xa0;<b>śādana</b> <sub>C. </sub>&#xa0;</p><p>
Compare &#x221a;<b>śat</b>, assigned by the grammarians to this root as another causative, and &#x221a;1<b>śī</b>, regarded by them as its present-system.</p></body>
</html>
