<!-- XHTML generated by dict script -->
<html>
<head>
<title>sah</title>
<META HTTP-EQUIV="Content-Type" CONTENT="text/html; charset=utf-8"/>
<!--link rel="stylesheet" href="/Sanskrit/whitney/dict.css" /-->
</head>
<body><p><a href="index.htm">Index</a></p>
<p><table width="100%"><tr><td align="center" width="50%">Previous: <b><a href="sas.htm">sas</a></b></td><td align="center" width="50%">Next: <b><a href="sA.htm">sā</a></b></td></tr></table></p><hr />

<h2>&#x221a;sah<i> 'prevail'</i></h2><p>
<i>present: </i>[1.] <b>sáhate</b> <i>etc. </i><sub>V.+ </sub>&#xa0;<b>sáhati</b> <i>etc. </i><sub>E.+ </sub>&#xa0;<b>sáhant</b> &#xa0;<b>sā́hati</b> <i>etc. </i>&#xa0; -- [4.] <b>sahyāmi</b> &#xa0; -- [2.] <b>sakṣi</b> &#xa0;</p><p>
<i>perfect: </i><b>sehe</b> &#xa0;<b>sehāná</b> &#xa0;<b>sasahe</b> &#xa0;<b>sasāhé</b> <i>etc. </i>&#xa0;<b>sāsahāná</b> &#xa0;<b>sāsahīṣṭhā́s</b> &#xa0;<b>sehima</b> &#xa0;<b>sehus</b> &#xa0;<b>sāsā́ha</b> &#xa0;<b>sāsáhat</b> <i>etc. </i>&#xa0;<b>sāsahyā́ma</b> <i>etc. </i>&#xa0;<b>sāsahvā́ṅs</b> &#xa0;<b>sasahvā́ṅs</b> &#xa0;<b>sāhvā́ṅs</b> &#xa0;</p><p>
<i>aorist: </i>[1.] <b>sahāná</b> &#xa0;<b>sāhyā́ma</b> &#xa0;<b>sahyās</b> <i>etc. </i>&#xa0; -- [3.] <b>asīṣahat</b> &#xa0; -- [4.] <b>asākṣi</b> &#xa0;<b>sākṣi</b> &#xa0;<b>asakṣmahi</b> &#xa0;<b>sākṣate</b> &#xa0;<b>sākṣīya</b> <i>etc. </i>&#xa0;<b>sākṣīt</b> &#xa0;<b>sakṣati</b> &#xa0;<b>sakṣat</b> &#xa0;<b>sā́kṣāma</b> &#xa0;<b>sákṣat</b> &#xa0; -- [5.] <b>ásahiṣṭa</b> &#xa0;<b>sahiṣīmáhi</b> &#xa0;<b>sāhiṣīmáhi</b> <i>etc. </i>&#xa0;</p><p>
<i>future: </i>[1.] <b>sakṣyati</b> <i>etc. </i>&#xa0;<b>sakṣyate</b> &#xa0;<b>sākṣye</b>? &#xa0;<b>sahiṣyati</b> &#xa0;<b>sahiṣyate</b> <i>etc. </i><sub>E.+ </sub>&#xa0;<b>asahiṣyat</b> &#xa0; -- [2.] <b>soḍhā</b> <sub>E.+ </sub>&#xa0;<b>sahitā</b> &#xa0;</p><p>
<i>verbal: </i><b>sāḍhá</b> <sub>V.+ </sub>&#xa0;<b>soḍha</b> &#xa0;<b>soḍhum</b> <sub>E.+ </sub>&#xa0;<b>sahitum</b> &#xa0;<b>sāḍhvā</b> &#xa0;<b>sahitvā</b> &#xa0;<b>-sáhya</b> <sub>V.+ </sub>&#xa0;<b>-sáham</b> &#xa0;<b>sáhadhyai</b> &#xa0;</p><p>
<i>secondary: </i><i>passive</i>: <b>sahyate</b> <i>etc. </i>&#xa0; -- <i>intensive</i>: <b>sāsah-</b> &#xa0; -- <i>desiderative</i>: <b>sī́kṣati</b> &#xa0;<b>sī́kṣate</b> <i>etc. </i>&#xa0;<b>sisahiṣa-</b> &#xa0; -- <i>causative</i>: <b>sāhayati</b> <i>etc. </i><sub>E.+ </sub>&#xa0;</p><p>
<i>derivatives: </i><b>-sah</b> <sub>V.+ </sub>&#xa0;<b>-sāh</b> <sub>V.+ </sub>&#xa0;<b>sáha</b> <sub>V.B. </sub>&#xa0;<b>sahá</b> <sub>V.+ </sub>&#xa0;<b>sahaka</b> <sub>C. </sub>&#xa0;<b>-sahya</b> <sub>SV.+ </sub>&#xa0;<b>-sáhya</b>  <font color="green">(n.)</font> <sub>RV. </sub>&#xa0;<b>sāhá</b> <sub>V.+ </sub>&#xa0;<b>-sā́ha</b> <sub>RV. </sub>&#xa0;<b>-sāhin</b> <sub>C. </sub>&#xa0;<b>-sā́hya</b> <sub>V.+ </sub>&#xa0;<b>-sabha</b>? <sub>E.+ </sub>&#xa0;<b>siṅhá</b>? <sub>V.+ </sub>&#xa0;<b>sáhan</b>? <sub>RV. </sub>&#xa0;<b>sahana</b> <sub>C. </sub>&#xa0;<b>sahinīya</b> <sub>E.+ </sub>&#xa0;<b>-sāhana</b> <sub>E.+ </sub>&#xa0;<b>sáhantya</b> <sub>V.B. </sub>&#xa0;<b>sáhas</b> <sub>V.+ </sub>&#xa0;<b>sahasāná</b> <sub>RV. </sub>&#xa0;<b>-sāhi</b> <sub>C. </sub>&#xa0;<b>séhu</b>? <sub>AV.K. </sub>&#xa0;<b>sā́ḍhi</b> <sub>MS. </sub>&#xa0;<b>soḍhavya</b> <sub>C. </sub>&#xa0;<b>sahitavya</b> <sub>E. </sub>&#xa0;<b>sā́ḍhṛ</b> <sub>RV. </sub>&#xa0;<b>soḍhṛ</b> <sub>E.+ </sub>&#xa0;<b>sáhuri</b> <sub>V. </sub>&#xa0;<b>sáhīyas</b> <sub>V.+ </sub>&#xa0;<b>sáhyas</b> <sub>RV. </sub>&#xa0;<b>sáhiṣṭha</b> <sub>V.B. </sub>&#xa0;<b>sáhyu</b> <sub>RV. </sub>&#xa0;<b>sahiṣṇu</b> <sub>E.+ </sub>&#xa0;<b>sáhvan</b> <sub>B.S. </sub>&#xa0;<b>sakṣa</b> <sub>B. </sub>&#xa0;<b>-sakṣin</b> <sub>RV. </sub>&#xa0;<b>sakṣáṇa</b> <sub>RV. </sub>&#xa0;<b>sakṣáṇi</b> <sub>V. </sub>&#xa0;<b>sāsahí</b> <sub>V. </sub>&#xa0;</p></body>
</html>
