<!-- XHTML generated by dict script -->
<html>
<head>
<title>saj</title>
<META HTTP-EQUIV="Content-Type" CONTENT="text/html; charset=utf-8"/>
<!--link rel="stylesheet" href="/Sanskrit/whitney/dict.css" /-->
</head>
<body><p><a href="index.htm">Index</a></p>
<p><table width="100%"><tr><td align="center" width="50%">Previous: <b><a href="sac.htm">sac</a></b></td><td align="center" width="50%">Next: <b><a href="saYj.htm">sañj</a></b></td></tr></table></p><hr />

<h2>&#x221a;saj<i> 'hang'</i></h2><p>
<i>present: </i>[1.] <b>sájati</b> <i>etc. </i><sub>V.+ </sub>&#xa0;<b>sájate</b> &#xa0;</p><p>
<i>perfect: </i><b>sasañja</b> <sub>B.+ </sub>&#xa0;<b>sasñjus</b> &#xa0;<b>sasajjatus</b>? &#xa0;<b>sejus</b> &#xa0;</p><p>
<i>aorist: </i>[1.] <b>asañji</b> &#xa0;<b>sajyāt</b> &#xa0; -- [3.] <b>asasañjat</b> &#xa0; -- [4.] <b>sāṅkṣīt</b> <i>etc. </i><sub>U.+ </sub>&#xa0;<b>ásakthās</b> &#xa0;<b>ásakthās</b> &#xa0;</p><p>
[<i>future: </i><b>saṅkṣyati</b> &#xa0;<b>saṅktā</b> &#xa0;]</p><p>
<i>verbal: </i><b>saktá</b> <sub>V.+ </sub>&#xa0;<b>saktum</b> &#xa0;<b>saṅktos</b> &#xa0;<b>-sajya</b> <sub>B.+ </sub>&#xa0;<b>-sáṅgam</b> &#xa0;</p><p>
<i>secondary: </i><i>passive</i>: <b>sajyáte</b> <i>etc. </i><sub>B.+ </sub>&#xa0;<b>sajyáti</b> &#xa0;<b>sajjate</b> <i>etc. </i><sub>E.+ </sub>&#xa0;<b>sajjati</b> <i>etc. </i><sub>E.+ </sub>&#xa0; -- <i>intensive</i>: <b>sāsaj-</b> &#xa0;<b>sāsañj-</b> &#xa0; -- <i>desiderative</i>: <b>sisaṅkṣati</b> &#xa0;<b>siṣaṅkṣa-</b> &#xa0; -- <i>causative</i>: <b>sañjayati</b> <i>etc. </i><sub>E.+ </sub>&#xa0;<b>sajjayati</b> <i>etc. </i><sub>E.+ </sub>&#xa0;<b>sajjayate</b> &#xa0;</p><p>
<i>derivatives: </i><b>-saj</b> &#xa0;<b>-saja</b> <sub>RV. </sub>&#xa0;<b>-sajya</b> <sub>C. </sub>&#xa0;<b>-sañja</b> <sub>C. </sub>&#xa0;<b>saṅga</b> <sub>V.+ </sub>&#xa0;<b>saṅgin</b> <sub>AV.+ </sub>&#xa0;<b>-saṅgya</b> <sub>B.S. </sub>&#xa0;<b>-sañjana</b> <sub>B.+ </sub>&#xa0;<b>-sañjanīya</b> <sub>C. </sub>&#xa0;<b>sajjana</b> <sub>C. </sub>&#xa0;<b>sakti</b> <sub>V.+ </sub>&#xa0;<b>sáktu</b>? <sub>V.+ </sub>&#xa0;<b>-saktavya</b> <sub>C. </sub>&#xa0;<b>-saṅktavya</b> <sub>C. </sub>&#xa0;</p></body>
</html>
