<!-- XHTML generated by dict script -->
<html>
<head>
<title>sakz</title>
<META HTTP-EQUIV="Content-Type" CONTENT="text/html; charset=utf-8"/>
<!--link rel="stylesheet" href="/Sanskrit/whitney/dict.css" /-->
</head>
<body><p><a href="index.htm">Index</a></p>
<p><table width="100%"><tr><td align="center" width="50%">Previous: <b><a href="zWIv.htm">ṣṭhīv</a></b></td><td align="center" width="50%">Next: <b><a href="saG.htm">sagh</a></b></td></tr></table></p><hr />

<h2>&#x221a;sakṣ</h2><p>
For the participle <b>sákṣant</b>, see &#x221a;<b>sah</b>.</p></body>
</html>
