<!-- XHTML generated by dict script -->
<html>
<head>
<title>Sam3</title>
<META HTTP-EQUIV="Content-Type" CONTENT="text/html; charset=utf-8"/>
<!--link rel="stylesheet" href="/Sanskrit/whitney/dict.css" /-->
</head>
<body><p><a href="index.htm">Index</a></p>
<p><table width="100%"><tr><td align="center" width="50%">Previous: <b><a href="Sam2.htm">śam2</a></b></td><td align="center" width="50%">Next: <b><a href="Sal.htm">śal</a></b></td></tr></table></p><hr />

<h2>&#x221a;śam3<i> 'note'</i></h2><p>
<i>perfect: </i><b>śemuṣī</b>? &#xa0;</p><p>
<i>verbal: </i><b>-śāṃta</b> &#xa0;<b>-śamya</b> <sub>E.+ </sub>&#xa0;</p><p>
<i>secondary: </i><i>passive</i>: <b>-śamyate</b> <i>etc. </i><sub>E.+ </sub>&#xa0; -- <i>causative</i>: <b>-śāmayati</b> <i>etc. </i><sub>E.+ </sub>&#xa0;<b>-śāmyate</b> &#xa0;</p><p>
<i>derivatives: </i><b>-śāmana</b> &#xa0;<b>-śamaya</b> <sub>C. </sub>&#xa0;<b>-śāmayitavya</b> <sub>C. </sub>&#xa0;</p><p>
Only with prefix <b>ni</b>-, except in the strange <b>śemuṣī</b>; hence obviously a specialization from the preceding root, meaning 'settle in one's mind', or the like.</p></body>
</html>
