<!-- XHTML generated by dict script -->
<html>
<head>
<title>san</title>
<META HTTP-EQUIV="Content-Type" CONTENT="text/html; charset=utf-8"/>
<!--link rel="stylesheet" href="/Sanskrit/whitney/dict.css" /-->
</head>
<body><p><a href="index.htm">Index</a></p>
<p><table width="100%"><tr><td align="center" width="50%">Previous: <b><a href="saD.htm">sadh</a></b></td><td align="center" width="50%">Next: <b><a href="sap.htm">sap</a></b></td></tr></table></p><hr />

<h2>&#x221a;san<i> 'gain'</i></h2><p>
<i>present: </i>[8.] <b>sanóti</b> <i>etc. </i>&#xa0; -- <b>sánat</b> <i>etc. </i>&#xa0;<b>sánema</b> &#xa0;</p><p>
<i>perfect: </i><b>sasā́na</b> &#xa0;<b>sasavā́ṅs</b> &#xa0;<b>sasanúṣī</b> &#xa0;<b>sene</b> &#xa0;</p><p>
<i>aorist: </i>[1.] <b>asāta</b> &#xa0;<b>sanyāt</b> &#xa0;<b>sāyāt</b> &#xa0; -- [2.] <b>asanam</b> <i>etc. </i>&#xa0;<b>sanéyam</b> <i>etc. </i>&#xa0;<b>sanem</b> &#xa0; -- [3.] <b>asīṣaṇat</b> &#xa0; -- <b>seṣam</b> &#xa0;<b>set</b> &#xa0; -- [5.] <b>asāiniṣam</b> &#xa0;<b>saniṣat</b> <i>etc. </i>&#xa0;<b>sániṣantu</b> &#xa0;<b>asaniṣṭa</b> &#xa0;<b>saniṣāmahe</b> &#xa0;<b>sániṣanta</b> &#xa0;</p><p>
<i>future: </i>[1.] <b>saniṣyáti</b> &#xa0; -- [2.] <b>sanitā</b> &#xa0;</p><p>
<i>verbal: </i><b>sātá</b> &#xa0;</p><p>
<i>secondary: </i><i>passive</i>: <b>sanyate</b> &#xa0;<b>sāyate</b> &#xa0; -- <i>intensive</i>: <b>sansan-</b> &#xa0;<b>sāsā-</b> &#xa0;<b>saniṣṇata</b> &#xa0; -- <i>desiderative</i>: <b>síṣāsati</b> <i>etc. </i>&#xa0;<b>sisaniṣa-</b> &#xa0; -- <i>causative</i>: <b>sānayati</b> &#xa0;</p><p>
<i>derivatives: </i><b>-san</b> &#xa0;<b>-sána</b> <sub>RV. </sub>&#xa0;<b>sína</b>? <sub>RV. </sub>&#xa0;<b>-sanana</b> <sub>RV. </sub>&#xa0;<b>-sā</b> <sub>V.B. </sub>&#xa0;<b>-sa</b> <sub>RV. </sub>&#xa0;<b>saní</b> <sub>V.B. </sub>&#xa0;<b>-sani</b> <sub>V.+ </sub>&#xa0;<b>sānuká</b> <sub>RV. </sub>&#xa0;<b>saniti</b> <sub>RV. </sub>&#xa0;<b>sánitva</b> <sub>RV. </sub>&#xa0;<b>-séya</b> <sub>V. </sub>&#xa0;<b>sātí</b> <sub>V. </sub>&#xa0;<b>sanitṛ</b> <sub>V.B. </sub>&#xa0;<b>sanítra</b> <sub>RV. </sub>&#xa0;<b>sanutṛ</b> <sub>RV. </sub>&#xa0;<b>sanítvan</b> <sub>RV. </sub>&#xa0;<b>sátvan</b>? <sub>V.+ </sub>&#xa0;<b>sā́tu</b>? <sub>RV. </sub>&#xa0;<b>sāman</b>? <sub>V.+ </sub>&#xa0;<b>sanéru</b>? <sub>RV. </sub>&#xa0;<b>sánīyas</b> <sub>B. </sub>&#xa0;<b>sániṣṭha</b> <sub>RV. </sub>&#xa0;<b>sānasí</b> <sub>RV. </sub>&#xa0;<b>sásni</b> <sub>V.B. </sub>&#xa0;<b>siṣṇu</b> <sub>RV. </sub>&#xa0;<b>siṣāsátu</b> <sub>RV. </sub>&#xa0;<b>siṣāsáni</b> <sub>RV. </sub>&#xa0;<b>siṣāsú</b> <sub>V.B. </sub>&#xa0;</p><p>
Different from this is the root seen in <b>sána</b> 'old' V.+ and the related words.</p></body>
</html>
