<!-- XHTML generated by dict script -->
<html>
<head>
<title>sarj</title>
<META HTTP-EQUIV="Content-Type" CONTENT="text/html; charset=utf-8"/>
<!--link rel="stylesheet" href="/Sanskrit/whitney/dict.css" /-->
</head>
<body><p><a href="index.htm">Index</a></p>
<p><table width="100%"><tr><td align="center" width="50%">Previous: <b><a href="sap.htm">sap</a></b></td><td align="center" width="50%">Next: <b><a href="saSc.htm">saśc</a></b></td></tr></table></p><hr />

<h2>&#x221a;sarj<i> 'creak'</i></h2><p>
<i>present: </i>[1.] <b>sárjati</b> <i>etc. </i>&#xa0;</p><p>
Does not appear to admit of connection with &#x221a;<b>aṛj</b>.</p></body>
</html>
