<!-- XHTML generated by dict script -->
<html>
<head>
<title>SaS</title>
<META HTTP-EQUIV="Content-Type" CONTENT="text/html; charset=utf-8"/>
<!--link rel="stylesheet" href="/Sanskrit/whitney/dict.css" /-->
</head>
<body><p><a href="index.htm">Index</a></p>
<p><table width="100%"><tr><td align="center" width="50%">Previous: <b><a href="Sal.htm">śal</a></b></td><td align="center" width="50%">Next: <b><a href="Sas.htm">śas</a></b></td></tr></table></p><hr />

<h2>&#x221a;śaś<i> 'leap'</i></h2><p>
<i>present: </i>[1.] <b>śaśati</b> <i>etc. </i>&#xa0;</p><p>
[<i>perfect: </i><b>śaśāśa</b> &#xa0;<b>śaśaśus</b> &#xa0;<b>aśaśīt</b> &#xa0;<b>śaśiṣyati</b> &#xa0;<b>śaśitā</b> &#xa0;]</p><p>
<i>verbal: </i><b>śaśita</b> &#xa0;</p><p>
<i>derivatives: </i><b>śaśá</b> <sub>V.+ </sub>&#xa0;</p><p>
Doubtless a denominative formation from <b>śaśá</b>.  Only two or three occurrences.</p></body>
</html>
