<!-- XHTML generated by dict script -->
<html>
<head>
<title>Scand</title>
<META HTTP-EQUIV="Content-Type" CONTENT="text/html; charset=utf-8"/>
<!--link rel="stylesheet" href="/Sanskrit/whitney/dict.css" /-->
</head>
<body><p><a href="index.htm">Index</a></p>
<p><table width="100%"><tr><td align="center" width="50%">Previous: <b><a href="SfD.htm">śṛdh</a></b></td><td align="center" width="50%">Next: <b><a href="Scam.htm">ścam</a></b></td></tr></table></p><hr />

<h2>&#x221a;ścand<i> 'shine'</i></h2><p>
[<i>present: </i><b>candati</b> &#xa0;<b>cacanda</b> <i>etc. </i>&#xa0;]</p><p>
<i>secondary: </i><i>intensive</i>: <b>cániścadat</b> &#xa0;</p><p>
<i>derivatives: </i><b>candana</b>? <sub>E.+ </sub>&#xa0;<b>ścandrá</b> <sub>V.+ </sub>&#xa0;<b>candrá</b> <sub>V.+ </sub>&#xa0;</p><p>
The fuller form <b>ścandra</b> survives after V. only in the n. pr. <b>háriścandra</b>.</p></body>
</html>
