<!-- XHTML generated by dict script -->
<html>
<head>
<title>Scut</title>
<META HTTP-EQUIV="Content-Type" CONTENT="text/html; charset=utf-8"/>
<!--link rel="stylesheet" href="/Sanskrit/whitney/dict.css" /-->
</head>
<body><p><a href="index.htm">Index</a></p>
<p><table width="100%"><tr><td align="center" width="50%">Previous: <b><a href="Scam.htm">ścam</a></b></td><td align="center" width="50%">Next: <b><a href="SnaT.htm">śnath</a></b></td></tr></table></p><hr />

<h2>&#x221a;ścut<i> 'drip'</i></h2><p>
<i>present: </i>[1.] <b>ścótati</b> <i>etc. </i><sub>V.+ </sub>&#xa0;</p><p>
<i>perfect: </i><b>cuścota</b> &#xa0;</p><p>
<i>aorist: </i>[2.] <b>aścutat</b> &#xa0; -- [3.] <b>acuścutat</b> &#xa0; -- [5.] <b>aścotīt</b> &#xa0;</p><p>
[<i>future: </i><b>ścotiṣyati</b> &#xa0;<b>ścotitā</b> &#xa0;]</p><p>
<i>verbal: </i><b>ścutita</b> <sub>B.+ </sub>&#xa0;</p><p>
<i>secondary: </i><i>intensive</i>: <b>coścut-</b> &#xa0; -- <i>desiderative</i>: <b>cuścotiṣa-</b> &#xa0;<b>cuścutiṣa-</b> &#xa0; -- <i>causative</i>: <b>ścotayati</b> <i>etc. </i>&#xa0;<b>-ścotayitavaí</b> &#xa0;</p><p>
<i>derivatives: </i><b>-ścut</b> <sub>V.+ </sub>&#xa0;<b>-ścotana</b> <sub>C. </sub>&#xa0;</p><p>
The forms are often, especially later, written with <b>ścyu</b>, and sometimes with <b>cyu</b>.</p></body>
</html>
