<!-- XHTML generated by dict script -->
<html>
<head>
<title>sev</title>
<META HTTP-EQUIV="Content-Type" CONTENT="text/html; charset=utf-8"/>
<!--link rel="stylesheet" href="/Sanskrit/whitney/dict.css" /-->
</head>
<body><p><a href="index.htm">Index</a></p>
<p><table width="100%"><tr><td align="center" width="50%">Previous: <b><a href="see%201vas.htm">see 1vas</a></b></td><td align="center" width="50%">Next: <b><a href="skand.htm">skand</a></b></td></tr></table></p><hr />

<h2>&#x221a;sev<i> 'attend upon'</i></h2><p>
<i>present: </i>[1.] <b>sévate</b> <i>etc. </i><sub>V.+ </sub>&#xa0;<b>sévati</b> <i>etc. </i>&#xa0;</p><p>
<i>perfect: </i><b>siṣeve</b> <i>etc. </i><sub>E.+ </sub>&#xa0;<b>siṣeva</b> &#xa0;</p><p>
[<i>aorist: </i><b>asiṣevat</b> &#xa0;<b>aseviṣṭa</b> &#xa0;]</p><p>
<i>future: </i>[1.] <b>seviṣyati</b> &#xa0;<b>seviṣyate</b> &#xa0; -- [2.] <b>sevitā</b> &#xa0;</p><p>
<i>verbal: </i><b>sevita</b> <sub>E.+ </sub>&#xa0;<b>sevitum</b> &#xa0;<b>sevitvā</b> &#xa0;<b>-sevya</b> &#xa0;</p><p>
<i>secondary: </i><i>passive</i>: <b>sevyate</b> <i>etc. </i><sub>E.+ </sub>&#xa0; -- <i>intensive</i>: <b>seṣev-</b> &#xa0; -- <i>desiderative</i>: <b>siseviṣa-</b> &#xa0; -- <i>causative</i>: <b>sevayati</b> &#xa0;<b>siṣevayiṣa-</b> &#xa0;</p><p>
<i>derivatives: </i><b>sevā</b> <sub>E.+ </sub>&#xa0;<b>sevaka</b> <sub>E.+ </sub>&#xa0;<b>sevin</b> <sub>E.+ </sub>&#xa0;<b>sevya</b> <sub>E.+ </sub>&#xa0;<b>sevana</b> <sub>E.+ </sub>&#xa0;<b>sevanīya</b> <sub>C. </sub>&#xa0;<b>sevitavya</b> <sub>B.+ </sub>&#xa0;<b>sevitṛ</b> <sub>E.+ </sub>&#xa0;<b>siṣevayiṣu</b> <sub>C. </sub>&#xa0;</p></body>
</html>
