<!-- XHTML generated by dict script -->
<html>
<head>
<title>sf</title>
<META HTTP-EQUIV="Content-Type" CONTENT="text/html; charset=utf-8"/>
<!--link rel="stylesheet" href="/Sanskrit/whitney/dict.css" /-->
</head>
<body><p><a href="index.htm">Index</a></p>
<p><table width="100%"><tr><td align="center" width="50%">Previous: <b><a href="sUrkz.htm">sūrkṣ</a></b></td><td align="center" width="50%">Next: <b><a href="sfk.htm">sṛk</a></b></td></tr></table></p><hr />

<h2>&#x221a;sṛ<i> 'flow'</i></h2><p>
<i>present: </i>[3.] <b>sísarti</b> &#xa0;<b>sísrat</b> <i>etc. </i>&#xa0;<b>sísrate</b>  <font color="green">(3p.)</font> <i>etc. </i>&#xa0;<b>sísratus</b> &#xa0; -- [1.] <b>sarati</b> <i>etc. </i>&#xa0;<b>sarate</b> <i>etc. </i><sub>E.+ </sub>&#xa0;</p><p>
<i>perfect: </i><b>sasā́ra</b> &#xa0;<b>sasré</b> <i>etc. </i><sub>V.+ </sub>&#xa0;<b>sasṛva</b> &#xa0;<b>sasṛvā́ṅs</b> <sub>V.+ </sub>&#xa0;<b>sasrāṇá</b> &#xa0;<b>sasṛmāṇá</b> &#xa0;</p><p>
<i>aorist: </i>[1.] <b>asāri</b> &#xa0;<b>sriyāt</b> &#xa0; -- [2.] <b>asarat</b> <i>etc. </i>&#xa0;<b>sárat</b> <i>etc. </i>&#xa0;<b>sára</b> &#xa0; -- [4.] <b>asārṣīt</b> &#xa0;<b>sarṣat</b> &#xa0;</p><p>
<i>future: </i>[1.] <b>sariṣyáti</b> <i>etc. </i><sub>V.+ </sub>&#xa0; -- [2.] <b>sartā</b> &#xa0;</p><p>
<i>verbal: </i><b>sṛtá</b> <sub>B.+ </sub>&#xa0;<b>sartum</b> &#xa0;<b>sártave</b> &#xa0;<b>sártavaí</b> &#xa0;<b>sṛtvā́</b> <sub>B.+ </sub>&#xa0;<b>-sṛ́tya</b> <sub>B.+ </sub>&#xa0;<b>-sā́ram</b> &#xa0;</p><p>
<i>secondary: </i><i>intensive</i>: <b>sarsré</b> <i>etc. </i>&#xa0;<b>sásrāṇa</b> &#xa0; -- <i>desiderative</i>: <b>sisīrṣati</b> <i>etc. </i>&#xa0; -- <i>causative</i>: <b>sārayati</b> &#xa0;<b>sārayate</b> <i>etc. </i><sub>V.+ </sub>&#xa0;<b>sāryate</b> <i>etc. </i><sub>B.+ </sub>&#xa0;<b>sisārayiṣa-</b> &#xa0;<b>saráyante</b> &#xa0;</p><p>
<i>derivatives: </i><b>sará</b> <sub>V.+ </sub>&#xa0;<b>saraka</b> <sub>E.+ </sub>&#xa0;<b>sárin</b>? <sub>RV. </sub>&#xa0;<b>sā́ra</b> <sub>V.+ </sub>&#xa0;<b>sāraka</b> <sub>B.+ </sub>&#xa0;<b>sārin</b> <sub>B.+ </sub>&#xa0;<b>-sārya</b> <sub>C. </sub>&#xa0;<b>sirā́</b> <sub>V.+ </sub>&#xa0;<b>sīrā́</b> <sub>RV. </sub>&#xa0;<b>saraṇa</b> <sub>V.+ </sub>&#xa0;<b>saraṇi</b> <sub>C. </sub>&#xa0;<b>sā́raṇa</b> <sub>B.+ </sub>&#xa0;<b>-sāraṇīya</b> <sub>C. </sub>&#xa0;<b>sáras</b> <sub>V.+ </sub>&#xa0;<b>sarít</b> <sub>V.+ </sub>&#xa0;<b>sáru</b>? <sub>AV. </sub>&#xa0;<b>-sṛt</b> <sub>V.+ </sub>&#xa0;<b>sṛtí</b> <sub>AV.+ </sub>&#xa0;<b>-sṛ́tya</b> <sub>AV. </sub>&#xa0;<b>-sṛtyā</b> <sub>JB. </sub>&#xa0;<b>-sártu</b> <sub>RV. </sub>&#xa0;<b>-sartavyà</b> <sub>B.C. </sub>&#xa0;<b>sártṛ</b> <sub>B. </sub>&#xa0;<b>sṛ́tvan</b> <sub>V.B. </sub>&#xa0;<b>-sṛtvara</b> <sub>C. </sub>&#xa0;<b>sárma</b> <sub>RV. </sub>&#xa0;<b>-sarman</b> <sub>RV. </sub>&#xa0;<b>sárīman</b> <sub>RV. </sub>&#xa0;<b>sarámā</b>? <sub>V.+ </sub>&#xa0;<b>sṛmará</b> <sub>B.+ </sub>&#xa0;<b>saráyu</b> <sub>V.+ </sub>&#xa0;<b>sarirá</b> <sub>B. </sub>&#xa0;<b>salilá</b> <sub>V.+ </sub>&#xa0;<b>sarala</b>? <sub>E.+ </sub>&#xa0;<b>sasrá</b> <sub>RV. </sub>&#xa0;<b>sásri</b> <sub>RV. </sub>&#xa0;<b>-sisārayiṣu</b> <sub>C. </sub>&#xa0;</p></body>
</html>
