<!-- XHTML generated by dict script -->
<html>
<head>
<title>Sf1</title>
<META HTTP-EQUIV="Content-Type" CONTENT="text/html; charset=utf-8"/>
<!--link rel="stylesheet" href="/Sanskrit/whitney/dict.css" /-->
</head>
<body><p><a href="index.htm">Index</a></p>
<p><table width="100%"><tr><td align="center" width="50%">Previous: <b><a href="Sf.htm">śṛ</a></b></td><td align="center" width="50%">Next: <b><a href="Sf2.htm">śṛ2</a></b></td></tr></table></p><hr />

<h2>&#x221a;śṛ1<i> 'crush'</i></h2><p>
<i>present: </i>[9.] <b>śṛṇā́ti</b> <i>etc. </i>&#xa0;<b>śṛṇāná</b> &#xa0; -- [6.] <b>śṛṇa</b> &#xa0; -- [4.] <b>śī́ryate</b> &#xa0;</p><p>
<i>perfect: </i><b>śaśāra</b> &#xa0;<b>śaśré</b> &#xa0;</p><p>
<i>aorist: </i>[1.] <b>aśāri</b> &#xa0;<b>śīryāt</b> &#xa0; -- [3.] <b>aśīśarat</b> &#xa0; -- [5.] <b>aśarīt</b> <i>etc. </i>&#xa0;<b>aśarait</b> &#xa0;</p><p>
<i>future: </i>[1.] <b>śariṣyate</b> &#xa0;<b>śariṣyati</b> &#xa0;<b>śarīṣyati</b> &#xa0; -- [2.] <b>śaritā</b> &#xa0;<b>śarītā</b> &#xa0;</p><p>
<i>verbal: </i><b>śīrṇá</b> <sub>AV.+ </sub>&#xa0;<b>-śīrta</b> &#xa0;<b>śūrtá</b>? &#xa0;<b>śárītos</b> &#xa0;<b>śaritos</b> &#xa0;<b>-śī́rya</b> &#xa0;</p><p>
<i>secondary: </i><i>passive</i>: <b>śīryate</b> <i>etc. </i><sub>V.+ </sub>&#xa0;<b>śīryati</b> <i>etc. </i>&#xa0; -- <i>intensive</i>: <b>śāśṛ-</b> &#xa0;<b>śeśīrya-</b> &#xa0; -- <i>desiderative</i>: <b>śiśariṣa-</b> &#xa0;<b>śiśarīṣa-</b> &#xa0;<b>śiśīrṣa-</b> &#xa0; -- <i>causative</i>: <b>śāraya-</b> &#xa0;</p><p>
<i>derivatives: </i><b>-śir</b> &#xa0;<b>-śar</b> <sub>AB. </sub>&#xa0;<b>-śara</b> <sub>V.+ </sub>&#xa0;<b>śará</b> <sub>V.+ </sub>&#xa0;<b>śalá</b> <sub>AV.B. </sub>&#xa0;<b>śalyá</b> <sub>V.+ </sub>&#xa0;<b>śīrya</b> <sub>B.S. </sub>&#xa0;<b>śū́la</b> <sub>V.+ </sub>&#xa0;<b>śaraṇa</b> <sub>C. </sub>&#xa0;<b>śaráṇi</b> <sub>V. </sub>&#xa0;<b>śū́raṇa</b> <sub>RV. </sub>&#xa0;<b>-śarīka</b> <sub>AV. </sub>&#xa0;<b>śárīra</b> <sub>V.+ </sub>&#xa0;<b>śarā́ru</b> <sub>RV. </sub>&#xa0;<b>śā́ri</b> <sub>RV. </sub>&#xa0;<b>śáru</b> <sub>V.+ </sub>&#xa0;<b>śarvá</b> <sub>AV.+ </sub>&#xa0;<b>-śāruka</b> <sub>B.C. </sub>&#xa0;<b>śīrti</b> <sub>B. </sub>&#xa0;<b>śalúna</b> <sub>AV. </sub>&#xa0;<b>śarabhá</b> <sub>V.+ </sub>&#xa0;<b>śalala</b> <sub>B.+ </sub>&#xa0;<b>śalalī́</b> <sub>B.+ </sub>&#xa0;<b>śalā́ka</b> <sub>B.+ </sub>&#xa0;<b>-śiśariṣu</b> <sub>C. </sub>&#xa0;</p><p>
Part of the derivatives are of very questionable belongings.</p></body>
</html>
