<!-- XHTML generated by dict script -->
<html>
<head>
<title>SfD</title>
<META HTTP-EQUIV="Content-Type" CONTENT="text/html; charset=utf-8"/>
<!--link rel="stylesheet" href="/Sanskrit/whitney/dict.css" /-->
</head>
<body><p><a href="index.htm">Index</a></p>
<p><table width="100%"><tr><td align="center" width="50%">Previous: <b><a href="Sf3.htm">śṛ3</a></b></td><td align="center" width="50%">Next: <b><a href="Scand.htm">ścand</a></b></td></tr></table></p><hr />

<h2>&#x221a;śṛdh<i> 'be defiant'</i></h2><p>
<i>present: </i>[1.] <b>śárdhati</b> <i>etc. </i>&#xa0;<b>śárdhate</b> <i>etc. </i>&#xa0;</p><p>
[<i>perfect: </i><b>śaśṛdhe</b> &#xa0;<b>aśīśṛdhat</b> &#xa0;<b>aśardhiṣṭa</b> &#xa0;<b>śartsyati</b> &#xa0;<b>śardhiṣyate</b> &#xa0;<b>śardhitā</b> &#xa0;]</p><p>
<i>secondary: </i><i>intensive</i>: <b>śarīśṛdh-</b> &#xa0; -- <i>desiderative</i>: <b>śiśardhiṣa-</b> &#xa0;<b>śiśṛtsa-</b> &#xa0; -- <i>causative</i>: <b>śardháyati</b> <i>etc. </i>&#xa0;</p><p>
<i>derivatives: </i><b>śárdha</b> &#xa0;<b>-śardhin</b> <sub>V. </sub>&#xa0;<b>śárdhya</b> <sub>RV. </sub>&#xa0;<b>śṛdhyā́</b> <sub>RV. </sub>&#xa0;<b>śardhana</b> <sub>C. </sub>&#xa0;<b>śárdhas</b> <sub>V.B. </sub>&#xa0;<b>-śardhayitṛ</b> <sub>C. </sub>&#xa0;</p><p>
Not worth dividing into two roots.</p></body>
</html>
