<!-- XHTML generated by dict script -->
<html>
<head>
<title>sfj</title>
<META HTTP-EQUIV="Content-Type" CONTENT="text/html; charset=utf-8"/>
<!--link rel="stylesheet" href="/Sanskrit/whitney/dict.css" /-->
</head>
<body><p><a href="index.htm">Index</a></p>
<p><table width="100%"><tr><td align="center" width="50%">Previous: <b><a href="sfk.htm">sṛk</a></b></td><td align="center" width="50%">Next: <b><a href="sfp.htm">sṛp</a></b></td></tr></table></p><hr />

<h2>&#x221a;sṛj<i> 'send forth'</i></h2><p>
<i>present: </i>[6.] <b>sṛjáti</b> &#xa0;<b>sṛjáte</b> <i>etc. </i><sub>V.+ </sub>&#xa0; -- [1.] <b>sárjatas</b> &#xa0;<b>sárjatanti</b> &#xa0;<b>sarájant</b> &#xa0;</p><p>
<i>perfect: </i><b>sasarja</b> &#xa0;<b>sasṛjé</b> <i>etc. </i><sub>V.+ </sub>&#xa0;<b>sasarktha</b> &#xa0;<b>sasarjitha</b> &#xa0;<b>sasraṣṭha</b> &#xa0;<b>sasṛjmáhe</b> &#xa0;<b>sasṛjrire</b> &#xa0;<b>sasṛgmáhe</b> &#xa0;<b>sasṛjyāt</b> &#xa0;<b>asasṛgram</b> &#xa0;</p><p>
<i>aorist: </i>[1.] <b>ásṛgran</b> &#xa0;<b>ásṛgram</b> &#xa0;<b>ásarji</b> &#xa0;<b>sṛjāná</b> &#xa0; -- [3.] <b>asīsṛjat</b> &#xa0;<b>asasarjat</b> &#xa0; -- [4.] <b>asrākṣīt</b> <i>etc. </i><sub>V.+ </sub>&#xa0;<b>asrāk</b> &#xa0;<b>asrāṭ</b> &#xa0;<b>srās</b> &#xa0;<b>srakṣat</b> &#xa0;<b>ásṛkṣi</b> &#xa0;<b>ásṛṣṭa</b> <i>etc. </i>&#xa0;</p><p>
<i>future: </i>[1.] <b>srakṣyati</b> &#xa0;<b>srakṣyate</b> <i>etc. </i><sub>B.+ </sub>&#xa0; -- [2.] <b>sraṣṭā</b>? &#xa0;</p><p>
<i>verbal: </i><b>sṛṣṭá</b> <sub>V.+ </sub>&#xa0;<b>sraṣṭum</b> <sub>E.+ </sub>&#xa0;<b>sṛṣṭvā</b> &#xa0;<b>-sṛ́jya</b> &#xa0;<b>-sárgam</b> &#xa0;<b>-sárjam</b> &#xa0;</p><p>
<i>secondary: </i><i>passive</i>: <b>sṛjyáte</b> <i>etc. </i><sub>V.+ </sub>&#xa0; -- <i>intensive</i>: <b>sarīsṛj-</b> &#xa0; -- <i>desiderative</i>: <b>sisṛkṣati</b> <i>etc. </i><sub>B.+ </sub>&#xa0;<b>sisṛkṣmas</b> &#xa0;<b>sisṛkṣmas</b> &#xa0; -- <i>causative</i>: <b>sarjayati</b> &#xa0;<b>sarjayate</b> <i>etc. </i><sub>B.+ </sub>&#xa0;</p><p>
<i>derivatives: </i><b>-sṛj</b> <sub>V.+ </sub>&#xa0;<b>sráj</b> <sub>V.+ </sub>&#xa0;<b>sṛ́jya</b> <sub>B.+ </sub>&#xa0;<b>sárga</b> <sub>V.+ </sub>&#xa0;<b>-sargin</b> <sub>S.+ </sub>&#xa0;<b>sarjá</b> <sub>B.+ </sub>&#xa0;<b>-sarjya</b> <sub>E. </sub>&#xa0;<b>sárjana</b> <sub>V.+ </sub>&#xa0;<b>sṛ́ṣṭi</b> <sub>V.+ </sub>&#xa0;<b>sṛṣṭí</b> <sub>&#199;B1. </sub>&#xa0;<b>sraṣṭavya</b> <sub>C. </sub>&#xa0;<b>sraṣṭṛ</b> <sub>V.+ </sub>&#xa0;<b>sṛjayá</b> <sub>B. </sub>&#xa0;<b>sṛjayā́</b> <sub>B. </sub>&#xa0;<b>sisṛkṣā</b> <sub>C. </sub>&#xa0;<b>sisṛkṣu</b> <sub>E.+ </sub>&#xa0;<b>sarjayitavaya</b> <sub>U.+ </sub>&#xa0;</p></body>
</html>
