<!-- XHTML generated by dict script -->
<html>
<head>
<title>Si</title>
<META HTTP-EQUIV="Content-Type" CONTENT="text/html; charset=utf-8"/>
<!--link rel="stylesheet" href="/Sanskrit/whitney/dict.css" /-->
</head>
<body><p><a href="index.htm">Index</a></p>
<p><table width="100%"><tr><td align="center" width="50%">Previous: <b><a href="SAs2.htm">śās2</a></b></td><td align="center" width="50%">Next: <b><a href="Sikz.htm">śikṣ</a></b></td></tr></table></p><hr />

<h2>&#x221a;śi</h2><p>
<i>see </i><b><a href="SA.htm">śā</a></b></p></body>
</html>
