<!-- XHTML generated by dict script -->
<html>
<head>
<title>SiNG</title>
<META HTTP-EQUIV="Content-Type" CONTENT="text/html; charset=utf-8"/>
<!--link rel="stylesheet" href="/Sanskrit/whitney/dict.css" /-->
</head>
<body><p><a href="index.htm">Index</a></p>
<p><table width="100%"><tr><td align="center" width="50%">Previous: <b><a href="Sikz.htm">śikṣ</a></b></td><td align="center" width="50%">Next: <b><a href="SiYj.htm">śiñj</a></b></td></tr></table></p><hr />

<h2>&#x221a;śiṅgh<i> 'snuff'</i></h2><p>
The occurrences of <b>ucchiṅghana</b> and <b>upaśiṅhana</b> in <b> suśr</b>. are doubtless artificial.</p></body>
</html>
