<!-- XHTML generated by dict script -->
<html>
<head>
<title>sIv</title>
<META HTTP-EQUIV="Content-Type" CONTENT="text/html; charset=utf-8"/>
<!--link rel="stylesheet" href="/Sanskrit/whitney/dict.css" /-->
</head>
<body><p><a href="index.htm">Index</a></p>
<p><table width="100%"><tr><td align="center" width="50%">Previous: <b><a href="sI.htm">sī</a></b></td><td align="center" width="50%">Next: <b><a href="su.htm">su</a></b></td></tr></table></p><hr />

<h2>&#x221a;sīv<i> 'sew'</i></h2><p>
<i>present: </i>[4.] <b>sī́vyati</b> <i>etc. </i><sub>V.+ </sub>&#xa0;<b>sī́vyate</b> &#xa0;</p><p>
[<i>perfect: </i><b>siṣeva</b> &#xa0;<b>asīṣivat</b> &#xa0;<b>asevīt</b> &#xa0;<b>seviṣyati</b> &#xa0;<b>sevitā</b> &#xa0;]</p><p>
<i>verbal: </i><b>syūtá</b> <sub>V.+ </sub>&#xa0;<b>syūtvā</b> &#xa0;<b>-sī́vya</b> &#xa0;</p><p>
<i>secondary: </i><i>intensive</i>: <b>seṣīv-</b> &#xa0; -- <i>desiderative</i>: <b>siseviṣa-</b> &#xa0;<b>susyūṣa-</b> &#xa0; -- <i>causative</i>: <b>sevayati</b> &#xa0;<b>sīvayati</b> &#xa0;</p><p>
<i>derivatives: </i><b>syū́</b> &#xa0;<b>sīvaka</b> <sub>C. </sub>&#xa0;<b>sīvya</b> <sub>C. </sub>&#xa0;<b>seva</b> <sub>B. </sub>&#xa0;<b>sevana</b> <sub>B.+ </sub>&#xa0;<b>sīvana</b> <sub>B.+ </sub>&#xa0;<b>sevitavya</b> <sub>C. </sub>&#xa0;<b>sū́tra</b> <sub>AV.+ </sub>&#xa0;<b>sūná</b> <sub>V.B.S. </sub>&#xa0;<b>syuman</b> <sub>V.B. </sub>&#xa0;<b>syoná</b>? <sub>V.B.S. </sub>&#xa0;</p><p>
The noun <b>sūcī́</b> (of which <b>sūcay</b> 'point out' is a denominative) can hardly be connected with this root.</p></body>
</html>
