<!-- XHTML generated by dict script -->
<html>
<head>
<title>Siz</title>
<META HTTP-EQUIV="Content-Type" CONTENT="text/html; charset=utf-8"/>
<!--link rel="stylesheet" href="/Sanskrit/whitney/dict.css" /-->
</head>
<body><p><a href="index.htm">Index</a></p>
<p><table width="100%"><tr><td align="center" width="50%">Previous: <b><a href="Sim.htm">śim</a></b></td><td align="center" width="50%">Next: <b><a href="SI.htm">śī</a></b></td></tr></table></p><hr />

<h2>&#x221a;śiṣ<i> 'leave'</i></h2><p>
<i>present: </i>[7.] <b>śináṣṭi</b> <i>etc. </i><sub>B.+ </sub>&#xa0; -- <b>śiṅṣati</b> <i>etc. </i>&#xa0; -- [1.] <b>śeṣant</b> &#xa0;</p><p>
<i>perfect: </i><b>śiśiṣe</b> <i>etc. </i>&#xa0;<b>śiśeṣa</b> &#xa0;</p><p>
<i>aorist: </i>[1.] <b>śeṣi</b> &#xa0;<b>śiṣyāt</b> &#xa0; -- [2.] <b>aśiṣat</b> <i>etc. </i>&#xa0;<b>-śíṣat</b> &#xa0;<b>śíṣātai</b> &#xa0; -- [3.] <b>aśīśiṣat</b> &#xa0;</p><p>
<i>future: </i>[1.] <b>śekṣyati</b> &#xa0;<b>śekṣyate</b> &#xa0; -- [2.] <b>śeṣṭā</b> &#xa0;</p><p>
<i>verbal: </i><b>śiṣṭá</b> <sub>V.+ </sub>&#xa0;<b>-śiṣṭvā</b> &#xa0;<b>-śiṣya</b> <sub>B.+ </sub>&#xa0;<b>-śeṣam</b> <sub>S.+ </sub>&#xa0;</p><p>
<i>secondary: </i><i>passive</i>: <b>śiṣyate</b> <i>etc. </i><sub>AV.+ </sub>&#xa0; -- <i>intensive</i>: <b>śeśiṣ-</b> &#xa0; -- <i>desiderative</i>: <b>śiśikṣa-</b> &#xa0; -- <i>causative</i>: <b>śeṣayati</b> <i>etc. </i><sub>E.+ </sub>&#xa0;<b>śeṣayate</b> &#xa0;<b>śeṣyate</b> &#xa0;</p><p>
<i>derivatives: </i><b>-śiṣa</b> &#xa0;<b>śeṣa</b> <sub>B.+ </sub>&#xa0;<b>-śeṣaka</b> <sub>E.+ </sub>&#xa0;<b>-śeṣin</b> <sub>C. </sub>&#xa0;<b>śeṣya</b> <sub>C. </sub>&#xa0;<b>śéṣaṇa</b> <sub>AV.+ </sub>&#xa0;<b>śéṣas</b> <sub>V. </sub>&#xa0;</p></body>
</html>
