<!-- XHTML generated by dict script -->
<html>
<head>
<title>sKal</title>
<META HTTP-EQUIV="Content-Type" CONTENT="text/html; charset=utf-8"/>
<!--link rel="stylesheet" href="/Sanskrit/whitney/dict.css" /-->
</head>
<body><p><a href="index.htm">Index</a></p>
<p><table width="100%"><tr><td align="center" width="50%">Previous: <b><a href="skf.htm">skṛ</a></b></td><td align="center" width="50%">Next: <b><a href="stan.htm">stan</a></b></td></tr></table></p><hr />

<h2>&#x221a;skhal<i> 'stumble'</i></h2><p>
<i>present: </i>[1.] <b>skhalati</b> <i>etc. </i><sub>E.+ </sub>&#xa0;<b>skhalate</b> &#xa0;</p><p>
<i>perfect: </i><b>caskhāla</b> &#xa0;<b>caskhalus</b> <sub>E.+ </sub>&#xa0;</p><p>
[<i>aorist: </i><b>askhālīt</b> &#xa0;<b>skhaliṣyati</b> &#xa0;<b>skhalitā</b> &#xa0;]</p><p>
<i>verbal: </i><b>skhalita</b> <sub>B.+ </sub>&#xa0;</p><p>
<i>secondary: </i><i>causative</i>: <b>skhalayati</b> <i>etc. </i>&#xa0;<b>skhālayati</b> &#xa0;</p><p>
<i>derivatives: </i><b>skhala</b> <sub>B.+ </sub>&#xa0;<b>skhalana</b> <sub>E.+ </sub>&#xa0;</p></body>
</html>
