<!-- XHTML generated by dict script -->
<html>
<head>
<title>smi</title>
<META HTTP-EQUIV="Content-Type" CONTENT="text/html; charset=utf-8"/>
<!--link rel="stylesheet" href="/Sanskrit/whitney/dict.css" /-->
</head>
<body><p><a href="index.htm">Index</a></p>
<p><table width="100%"><tr><td align="center" width="50%">Previous: <b><a href="sPf.htm">sphṛ</a></b></td><td align="center" width="50%">Next: <b><a href="smf.htm">smṛ</a></b></td></tr></table></p><hr />

<h2>&#x221a;smi<i> 'smile'</i></h2><p>
<i>present: </i>[1.] <b>smáyate</b> <i>etc. </i><sub>V.+ </sub>&#xa0;<b>smáyati</b> <i>etc. </i><sub>E.+ </sub>&#xa0;</p><p>
<i>perfect: </i><b>siṣmiyé</b> <i>etc. </i>&#xa0;<b>sismiye</b> <i>etc. </i><sub>E.+ </sub>&#xa0;<b>sismāya</b> <i>etc. </i><sub>E.+ </sub>&#xa0;<b>-smayām</b> &#xa0;<b>āsa</b> &#xa0;</p><p>
<i>aorist: </i>[1.] <b>asmāyi</b> &#xa0; -- [3.] <b>asiṣmayam</b> &#xa0; -- [4.] <b>asmeṣṭa</b> &#xa0; -- [5.] <b>asmayiṣṭhās</b> &#xa0;</p><p>
[<i>future: </i><b>smeṣyate</b> &#xa0;<b>smetā</b> &#xa0;]</p><p>
<i>verbal: </i><b>smita</b> <sub>E.+ </sub>&#xa0;<b>smitvā</b> &#xa0;<b>-smayitvā</b> &#xa0;<b>-smitya</b> &#xa0;</p><p>
<i>secondary: </i><i>intensive</i>: <b>seṣmi-</b> &#xa0; -- <i>desiderative</i>: <b>sismayiṣa-</b> &#xa0; -- <i>causative</i>: <b>smāpayati</b> <i>etc. </i><sub>E.+ </sub>&#xa0;<b>sismāpayiṣa-</b> &#xa0;<b>smāyayati</b> &#xa0;</p><p>
<i>derivatives: </i><b>smaya</b> <sub>E.+ </sub>&#xa0;<b>smayā́ka</b> <sub>TA. </sub>&#xa0;<b>smāya</b> <sub>C. </sub>&#xa0;<b>smayana</b> <sub>S.+ </sub>&#xa0;<b>-smayanīya</b> <sub>E.+ </sub>&#xa0;<b>smetavyà</b> <sub>TA. </sub>&#xa0;<b>smera</b> <sub>RV.C. </sub>&#xa0;<b>-smāpaka</b> <sub>C. </sub>&#xa0;<b>-smāpana</b> <sub>E.+ </sub>&#xa0;<b>-smāpanīya</b> <sub>C. </sub>&#xa0;<b>-smāpayanīya</b> <sub>E. </sub>&#xa0;<b>-sismāpayiṣu</b> <sub>E. </sub>&#xa0;</p></body>
</html>
