<!-- XHTML generated by dict script -->
<html>
<head>
<title>snA</title>
<META HTTP-EQUIV="Content-Type" CONTENT="text/html; charset=utf-8"/>
<!--link rel="stylesheet" href="/Sanskrit/whitney/dict.css" /-->
</head>
<body><p><a href="index.htm">Index</a></p>
<p><table width="100%"><tr><td align="center" width="50%">Previous: <b><a href="sTA.htm">sthā</a></b></td><td align="center" width="50%">Next: <b><a href="snih.htm">snih</a></b></td></tr></table></p><hr />

<h2>&#x221a;snā<i> 'bathe'</i></h2><p>
<i>present: </i>[2.] <b>snā́ti</b> <i>etc. </i><sub>V.+ </sub>&#xa0;<b>snāyīta</b> &#xa0; -- [4.] <b>snāyate</b> <i>etc. </i>&#xa0;</p><p>
<i>perfect: </i><b>sasnus</b> &#xa0;</p><p>
<i>aorist: </i>[1.] <b>snāyat</b> &#xa0;<b>sneyāt</b> &#xa0;<b>asnāyi</b> &#xa0; -- [6.] <b>asnāsīt</b> &#xa0;</p><p>
<i>future: </i>[1.] <b>snāsyati</b> &#xa0;<b>snāsyate</b> <i>etc. </i><sub>E.+ </sub>&#xa0; -- [2.] <b>snātā</b> &#xa0;</p><p>
<i>verbal: </i><b>snātá</b> <sub>AV.+ </sub>&#xa0;<b>snātum</b> <sub>B.+ </sub>&#xa0;<b>snātvā́</b> <sub>AV.+ </sub>&#xa0;<b>-snā́ya</b> &#xa0;</p><p>
<i>secondary: </i><i>intensive</i>: <b>sāsnā-</b> &#xa0; -- <i>desiderative</i>: <b>siṣṇāsa-</b> &#xa0; -- <i>causative</i>: <b>snāpáyati</b> <i>etc. </i>&#xa0;<b>snāpáyate</b> &#xa0;<b>snapáyati</b> <i>etc. </i><sub>AV.+ </sub>&#xa0;</p><p>
<i>derivatives: </i><b>-snā</b> &#xa0;<b>-sna</b> <sub>E.+ </sub>&#xa0;<b>snāyin</b> <sub>E.+ </sub>&#xa0;<b>snéya</b> <sub>B.+ </sub>&#xa0;<b>snāna</b> <sub>AV.+ </sub>&#xa0;<b>-snātṛ</b> <sub>V.C. </sub>&#xa0;<b>snā́tva</b> <sub>V.B. </sub>&#xa0;<b>snātavya</b> <sub>E.+ </sub>&#xa0;<b>siṣṇāsu</b> <sub>E. </sub>&#xa0;<b>snāpaka</b> <sub>E.+ </sub>&#xa0;<b>snāpana</b> <sub>E.+ </sub>&#xa0;<b>snápana</b> <sub>AV.+ </sub>&#xa0;</p></body>
</html>
