<!-- XHTML generated by dict script -->
<html>
<head>
<title>snu</title>
<META HTTP-EQUIV="Content-Type" CONTENT="text/html; charset=utf-8"/>
<!--link rel="stylesheet" href="/Sanskrit/whitney/dict.css" /-->
</head>
<body><p><a href="index.htm">Index</a></p>
<p><table width="100%"><tr><td align="center" width="50%">Previous: <b><a href="snih.htm">snih</a></b></td><td align="center" width="50%">Next: <b><a href="spand.htm">spand</a></b></td></tr></table></p><hr />

<h2>&#x221a;snu<i> 'distil'</i></h2><p>
<i>present: </i>[2.] <b>snauti</b> <i>etc. </i><sub>B.+ </sub>&#xa0;<b>snute</b> &#xa0;</p><p>
[<i>perfect: </i><b>suṣṇāva</b> &#xa0;<b>suṣṇuve</b> &#xa0;<b>asnāvi</b> &#xa0;<b>asnoṣṭa</b> &#xa0;<b>asnāvīt</b> &#xa0;<b>snaviṣyati</b> &#xa0;<b>snoṣyate</b> &#xa0;<b>snavitā</b> &#xa0;<b>snotā</b> &#xa0;]</p><p>
<i>verbal: </i><b>snuta</b> <sub>E.+ </sub>&#xa0;</p><p>
[<i>secondary: </i><b>soṣṇu-</b> &#xa0;<b>susnūṣa-</b> &#xa0;<b>snāvaya-</b> &#xa0;]</p><p>
<i>derivatives: </i><b>-snu</b> &#xa0;<b>-snava</b> <sub>E.+ </sub>&#xa0;<b>-snāvin</b> <sub>C. </sub>&#xa0;</p></body>
</html>
