<!-- XHTML generated by dict script -->
<html>
<head>
<title>spand</title>
<META HTTP-EQUIV="Content-Type" CONTENT="text/html; charset=utf-8"/>
<!--link rel="stylesheet" href="/Sanskrit/whitney/dict.css" /-->
</head>
<body><p><a href="index.htm">Index</a></p>
<p><table width="100%"><tr><td align="center" width="50%">Previous: <b><a href="snu.htm">snu</a></b></td><td align="center" width="50%">Next: <b><a href="spaS.htm">spaś</a></b></td></tr></table></p><hr />

<h2>&#x221a;spand<i> 'quiver'</i></h2><p>
<i>present: </i>[1.] <b>spandate</b> <i>etc. </i><sub>V.+ </sub>&#xa0;<b>spandati</b> <i>etc. </i><sub>E.+ </sub>&#xa0;</p><p>
[<i>perfect: </i><b>paspande</b> &#xa0;<b>aspandiṣṭa</b> &#xa0;<b>spandiṣyate</b> &#xa0;<b>spanditā</b> &#xa0;]</p><p>
<i>verbal: </i><b>spandita</b> &#xa0;<b>spanditum</b> &#xa0;</p><p>
<i>secondary: </i><i>intensive</i>: <b>paniṣpad-</b> &#xa0; -- <i>desiderative</i>: <b>pispandiṣa-</b> &#xa0; -- <i>causative</i>: <b>spandayati</b> &#xa0;<b>spandayate</b> <i>etc. </i><sub>B.+ </sub>&#xa0;</p><p>
<i>derivatives: </i><b>spanda</b> <sub>E.+ </sub>&#xa0;<b>spandin</b> <sub>C. </sub>&#xa0;<b>spandaná</b> <sub>AV.+ </sub>&#xa0;<b>paniṣpadá</b> <sub>AV. </sub>&#xa0;</p></body>
</html>
