<!-- XHTML generated by dict script -->
<html>
<head>
<title>spfS</title>
<META HTTP-EQUIV="Content-Type" CONTENT="text/html; charset=utf-8"/>
<!--link rel="stylesheet" href="/Sanskrit/whitney/dict.css" /-->
</head>
<body><p><a href="index.htm">Index</a></p>
<p><table width="100%"><tr><td align="center" width="50%">Previous: <b><a href="spfD.htm">spṛdh</a></b></td><td align="center" width="50%">Next: <b><a href="spfh.htm">spṛh</a></b></td></tr></table></p><hr />

<h2>&#x221a;spṛś<i> 'touch'</i></h2><p>
<i>present: </i>[6.] <b>spṛśati</b> <i>etc. </i><sub>V.+ </sub>&#xa0;<b>spṛśate</b> <i>etc. </i><sub>AV.+ </sub>&#xa0;<b>spṛśāna</b> &#xa0; -- [1.] <b>asparśat</b> &#xa0;</p><p>
<i>perfect: </i><b>paspṛśus</b> &#xa0;<b>paspṛśe</b> <sub>E.+ </sub>&#xa0;<b>pasparśus</b>? &#xa0;<b>paspárśat</b> &#xa0;</p><p>
<i>aorist: </i>[1.] <b>spṛśyāt</b> &#xa0; -- [3.] <b>pisṛśas</b> &#xa0;<b>pisṛśati</b> &#xa0; -- [4.] <b>asprākṣam</b> <i>etc. </i>&#xa0;<b>aspārkṣīt</b> &#xa0; -- [7.] <b>áspṛkṣat</b> <i>etc. </i>&#xa0;</p><p>
<i>future: </i>[1.] <b>sprakṣyati</b> <i>etc. </i>&#xa0;<b>sparkṣyati</b> &#xa0; -- [2.] <b>spraṣṭā</b> &#xa0;<b>sparṣṭā</b> &#xa0;</p><p>
<i>verbal: </i><b>spṛṣṭá</b> <sub>AV.+ </sub>&#xa0;<b>spraṣṭum</b> <sub>E.+ </sub>&#xa0;<b>spṛṣṭvā</b> <sub>B.+ </sub>&#xa0;<b>-spṛ́śya</b> <sub>B.+ </sub>&#xa0;<b>-spṛ́śe</b> &#xa0;<b>-spṛ́śas</b> &#xa0;</p><p>
<i>secondary: </i><i>passive</i>: <b>spṛśyate</b> <i>etc. </i><sub>E.+ </sub>&#xa0; -- <i>intensive</i>: <b>parīspṛś-</b> &#xa0; -- <i>desiderative</i>: <b>pispṛkṣa-</b> &#xa0; -- <i>causative</i>: <b>sparśayati</b> <i>etc. </i><sub>B.+ </sub>&#xa0;<b>sparśayate</b> &#xa0;</p><p>
<i>derivatives: </i><b>-spṛś</b> <sub>V.+ </sub>&#xa0;<b>-spṛśa</b> <sub>E.+ </sub>&#xa0;<b>spṛśya</b> <sub>E.+ </sub>&#xa0;<b>sparśa</b> <sub>AV.+ </sub>&#xa0;<b>sparśin</b> <sub>S.+ </sub>&#xa0;<b>sparśana</b> <sub>U.S.+ </sub>&#xa0;<b>sparśanīya</b> <sub>E.+ </sub>&#xa0;<b>spṛśi</b> <sub>C. </sub>&#xa0;<b>spṛ́ṣṭi</b> <sub>B.+ </sub>&#xa0;<b>spraṣṭavyà</b> <sub>B.+ </sub>&#xa0;<b>spraṣṭṛ́</b> <sub>B.+ </sub>&#xa0;<b>sparśitṛ</b> <sub>E. </sub>&#xa0;<b>pispṛkṣu</b> <sub>E.+ </sub>&#xa0;<b>sparśayitavya</b> <sub>U. </sub>&#xa0;</p><p>
Compare &#x221a;<b>pṛś</b>, <b>pṛṣ</b>; a part of the words there given may with considerable plausibility be connected with this root.</p></body>
</html>
