<!-- XHTML generated by dict script -->
<html>
<head>
<title>sraNs</title>
<META HTTP-EQUIV="Content-Type" CONTENT="text/html; charset=utf-8"/>
<!--link rel="stylesheet" href="/Sanskrit/whitney/dict.css" /-->
</head>
<body><p><a href="index.htm">Index</a></p>
<p><table width="100%"><tr><td align="center" width="50%">Previous: <b><a href="syU.htm">syū</a></b></td><td align="center" width="50%">Next: <b><a href="sras.htm">sras</a></b></td></tr></table></p><hr />

<h2>&#x221a;sraṅs<i> 'fall'</i></h2><p>
<i>present: </i>[1.] <b>sráṅsate</b> <i>etc. </i><sub>B.+ </sub>&#xa0;<b>sráṅsati</b> <i>etc. </i><sub>E.+ </sub>&#xa0;</p><p>
<i>perfect: </i><b>sasraṅsus</b> &#xa0;<b>sraṅsire</b>? &#xa0;</p><p>
<i>perfect: </i>[1.] <b>asrat</b> &#xa0; -- [2.] <b>asrasat</b> <i>etc. </i><sub>V.+ </sub>&#xa0;<b>srasema</b> &#xa0; -- [3.] <b>asisrasat</b> <i>etc. </i>&#xa0; -- [5.] <b>asraṅsiṣata</b> &#xa0;</p><p>
[<i>future: </i><b>sraṅsiṣyate</b> &#xa0;<b>sraṅsitā</b> &#xa0;]</p><p>
<i>verbal: </i><b>srasta</b> <sub>AV.+ </sub>&#xa0;<b>sraṅsitvā</b> &#xa0;<b>srastvā</b> &#xa0;<b>-sráṅsya</b> &#xa0;<b>-srasya</b> &#xa0;<b>-srásas</b> &#xa0;<i>passive</i>: <b>srasyate</b> &#xa0; -- <i>intensive</i>: <b>sanisras-</b> &#xa0; -- <i>desiderative</i>: <b>sisraṅsiṣa-</b> &#xa0; -- <i>causative</i>: <b>sraṅsayati</b> <i>etc. </i><sub>AV.+ </sub>&#xa0;<b>sraṅsyate</b> &#xa0;</p><p>
<i>derivatives: </i><b>-sras</b> &#xa0;<b>-srásā</b> <sub>B.S. </sub>&#xa0;<b>-srásya</b> <sub>B. </sub>&#xa0;<b>sraṅsa</b> <sub>AV.+ </sub>&#xa0;<b>-sráṅsaka</b> <sub>B. </sub>&#xa0;<b>sraṅsin</b> <sub>C. </sub>&#xa0;<b>sraṅsana</b> <sub>E.+ </sub>&#xa0;<b>sanisrasá</b> <sub>AV. </sub>&#xa0;</p></body>
</html>
