<!-- XHTML generated by dict script -->
<html>
<head>
<title>SraT</title>
<META HTTP-EQUIV="Content-Type" CONTENT="text/html; charset=utf-8"/>
<!--link rel="stylesheet" href="/Sanskrit/whitney/dict.css" /-->
</head>
<body><p><a href="index.htm">Index</a></p>
<p><table width="100%"><tr><td align="center" width="50%">Previous: <b><a href="SyA.htm">śyā</a></b></td><td align="center" width="50%">Next: <b><a href="Sran.htm">śran</a></b></td></tr></table></p><hr />

<h2>&#x221a;śrath<i> 'slacken'</i></h2><p>
<i>present: </i>[9.] <b>áśrathnan</b> &#xa0;<b>śrathnās</b> &#xa0;<b>śrathnīté</b> <i>etc. </i>&#xa0; -- <b>śṛnthati</b> &#xa0; -- [1.] <b>śrathati</b> &#xa0;<b>śranthate</b> &#xa0;<b>ślathati</b> &#xa0;<b>ślathate</b> <i>etc. </i>&#xa0;</p><p>
<i>perfect: </i><b>śaśrathe</b> &#xa0;<b>śaśrantha</b> &#xa0;</p><p>
<i>aorist: </i>[3.] <b>śiśráthat</b> <i>etc. </i>&#xa0;<b>śiśrathantu</b> &#xa0; -- [5.] <b>aśranthīt</b> &#xa0;<b>aśranthiṣṭa</b> &#xa0;</p><p>
[<i>future: </i><b>śranthisyati</b> &#xa0;<b>śranthitā</b> &#xa0;]</p><p>
<i>verbal: </i><b>śṛthitá</b> &#xa0;<b>ślathita</b> &#xa0;<b>śrathitvā</b> &#xa0;<b>śranthitvā</b> &#xa0;<b>-śrathya</b> &#xa0;</p><p>
<i>secondary: </i><i>causative</i>: <b>śratháyati</b> <i>etc. </i>&#xa0;<b>śratháyate</b> &#xa0;<b>ślathayati</b> &#xa0;<b>ślathyate</b> &#xa0;<b>śrāthayati</b> &#xa0;<b>śranthayati</b> &#xa0;</p><p>
<i>derivatives: </i><b>śratha-</b> &#xa0;<b>śrathar-</b> <sub>RV. </sub>&#xa0;<b>ślatha</b> <sub>E.+ </sub>&#xa0;</p></body>
</html>
