<!-- XHTML generated by dict script -->
<html>
<head>
<title>SrI]2</title>
<META HTTP-EQUIV="Content-Type" CONTENT="text/html; charset=utf-8"/>
<!--link rel="stylesheet" href="/Sanskrit/whitney/dict.css" /-->
</head>
<body><p><a href="index.htm">Index</a></p>
<p><table width="100%"><tr><td align="center" width="50%">Previous: <b><a href="SrI2.htm">śrī2</a></b></td><td align="center" width="50%">Next: <b><a href="Sru.htm">śru</a></b></td></tr></table></p><hr />

<h2>&#x221a;śrī]2</h2><p>
<i>see </i><b><a href="SrA.htm">śrā</a></b></p></body>
</html>
