<!-- XHTML generated by dict script -->
<html>
<head>
<title>srIv</title>
<META HTTP-EQUIV="Content-Type" CONTENT="text/html; charset=utf-8"/>
<!--link rel="stylesheet" href="/Sanskrit/whitney/dict.css" /-->
</head>
<body><p><a href="index.htm">Index</a></p>
<p><table width="100%"><tr><td align="center" width="50%">Previous: <b><a href="sriD.htm">sridh</a></b></td><td align="center" width="50%">Next: <b><a href="sru.htm">sru</a></b></td></tr></table></p><hr />

<h2>&#x221a;srīv<i> 'fail'</i></h2><p>
<i>present: </i>[4.] <b>arīvyanti</b> &#xa0;</p><p>
[<i>perfect: </i><b>sisreva</b> &#xa0;<b>asrevīt</b> &#xa0;<b>sreviṣyati</b> &#xa0;<b>srevitā</b> &#xa0;<b>srūta</b> &#xa0;<b>srevitvā</b> &#xa0;<b>srūtvā</b> &#xa0;]</p><p>
<i>secondary: </i><i>intensive</i>: <b>sesrīv-</b> &#xa0; -- <i>desiderative</i>: <b>sisreviṣa-</b> &#xa0;<b>susrūṣa-</b> &#xa0; -- <i>causative</i>: <b>sreváyant</b> &#xa0;<b>śrīvayati</b> &#xa0;</p><p>
<i>derivatives: </i><b>-srīví</b>? &#xa0;<b>-sreman</b>? <sub>RV. </sub>&#xa0;</p><p>
Sometimes found written with <b>ś</b> for <b>s</b>.</p></body>
</html>
