<!-- XHTML generated by dict script -->
<html>
<head>
<title>stamB</title>
<META HTTP-EQUIV="Content-Type" CONTENT="text/html; charset=utf-8"/>
<!--link rel="stylesheet" href="/Sanskrit/whitney/dict.css" /-->
</head>
<body><p><a href="index.htm">Index</a></p>
<p><table width="100%"><tr><td align="center" width="50%">Previous: <b><a href="staB.htm">stabh</a></b></td><td align="center" width="50%">Next: <b><a href="stA.htm">stā</a></b></td></tr></table></p><hr />

<h2>&#x221a;stambh<i> 'prop'</i></h2><p>
<i>present: </i>[9.] <b>stabhnā́ti</b> <i>etc. </i><sub>V.+ </sub>&#xa0;<b>stabhāná</b> &#xa0; -- [5.] <b>stabhnoti</b> <i>etc. </i>&#xa0; -- [1.] <b>sambhant</b> &#xa0;<b>stambhate</b> <i>etc. </i>&#xa0;<b>stabhamāna</b> &#xa0;</p><p>
<i>perfect: </i><b>tastámbha</b> &#xa0;<b>tastabhús</b> <i>etc. </i>&#xa0;<b>tastámbhat</b> &#xa0;<b>tastambhe</b> <i>etc. </i><sub>E.+ </sub>&#xa0;<b>tastabhāná</b> &#xa0;</p><p>
<i>aorist: </i>[1.] <b>stabhyāt</b> &#xa0;<b>astambhi</b> &#xa0; -- [2.] <b>astabhat</b> &#xa0; -- [3.] <b>astastambhat</b> &#xa0; -- [4.] <b>astāmpsīt</b> &#xa0; -- [5.] <b>ástambhīt</b> &#xa0;<b>stámbhīt</b> &#xa0;</p><p>
[<i>future: </i><b>stambhiṣyati</b> &#xa0;<b>stambhitā</b> &#xa0;]</p><p>
<i>verbal: </i><b>stabhitá</b> &#xa0;<b>stabdha</b> <sub>B.+ </sub>&#xa0;<b>stabdhum</b> &#xa0;<b>stabdhvā́</b> &#xa0;<b>stambhitvā</b> &#xa0;<b>-stábhya</b> <sub>B.+ </sub>&#xa0;<b>-stambham</b> &#xa0;</p><p>
<i>secondary: </i><i>passive</i>: <b>stabhyate</b> &#xa0; -- <i>intensive</i>: <b>tāstabh-</b> &#xa0; -- <i>desiderative</i>: <b>tistambhiṣa-</b> &#xa0; -- <i>causative</i>: <b>stambhayati</b> &#xa0;<b>stambhayate</b> <i>etc. </i><sub>E.+ </sub>&#xa0;<b>stambhayiṣa</b>? &#xa0;</p><p>
<i>derivatives: </i><b>stambha</b> <sub>V.+ </sub>&#xa0;<b>stambhaka</b> <sub>E.+ </sub>&#xa0;<b>stambhin</b> <sub>E.+ </sub>&#xa0;<b>stabha-</b> <sub>RV. </sub>&#xa0;<b>-stabhya</b> <sub>C. </sub>&#xa0;<b>stabhu-</b> <sub>RV. </sub>&#xa0;<b>stámbhana</b> <sub>B.+ </sub>&#xa0;<b>stambhanīya</b> <sub>E.+ </sub>&#xa0;<b>-stabdhi</b> <sub>B.+ </sub>&#xa0;<b>-stambhayitṛ</b> <sub>C. </sub>&#xa0;<b>-stambhayiṣu</b> <sub>E. </sub>&#xa0;</p><p>
Compare the parallel and quivalent root <b>skambh</b>.</p></body>
</html>
