<!-- XHTML generated by dict script -->
<html>
<head>
<title>stiG</title>
<META HTTP-EQUIV="Content-Type" CONTENT="text/html; charset=utf-8"/>
<!--link rel="stylesheet" href="/Sanskrit/whitney/dict.css" /-->
</head>
<body><p><a href="index.htm">Index</a></p>
<p><table width="100%"><tr><td align="center" width="50%">Previous: <b><a href="stA.htm">stā</a></b></td><td align="center" width="50%">Next: <b><a href="stim.htm">stim</a></b></td></tr></table></p><hr />

<h2>&#x221a;stigh<i> 'mount'</i></h2><p>
<i>present: </i>[5.] <b>stighnoti</b> &#xa0;<b>stighnuyā́t</b> &#xa0;<b>stighnute</b> &#xa0;</p><p>
[<i>perfect: </i><b>tiṣṭighe</b> &#xa0;<b>atiṣṭighat</b> &#xa0;<b>asteghiṣṭa</b> &#xa0;<b>steghiṣyate</b> &#xa0;<b>steghitā</b> &#xa0;]</p><p>
<i>verbal: </i><b>-stígham</b> &#xa0;</p><p>
<i>secondary: </i><i>intensive</i>: <b>teṣṭigh-</b> &#xa0; -- <i>desiderative</i>: <b>tiṣṭighiṣati</b> &#xa0;<b>tistighiṣa-</b> &#xa0;<b>tisteghiṣa-</b> &#xa0; -- <i>causative</i>: <b>steghayati</b> &#xa0;</p><p>
These forms are somewhat amended from the MSS. (which have <b>stiṅnoti</b> etc.): see Schr&#246;der in ZDMG. xxxiii. 195.</p></body>
</html>
