<!-- XHTML generated by dict script -->
<html>
<head>
<title>stu</title>
<META HTTP-EQUIV="Content-Type" CONTENT="text/html; charset=utf-8"/>
<!--link rel="stylesheet" href="/Sanskrit/whitney/dict.css" /-->
</head>
<body><p><a href="index.htm">Index</a></p>
<p><table width="100%"><tr><td align="center" width="50%">Previous: <b><a href="stIm.htm">stīm</a></b></td><td align="center" width="50%">Next: <b><a href="stu2.htm">stu2</a></b></td></tr></table></p><hr />

<h2>&#x221a;stu<i> 'praise'</i></h2><p>
<i>present: </i>[2.] <b>staúti</b> &#xa0;<b>stuvánti</b> <i>etc. </i>&#xa0;<b>stute</b> &#xa0;<b>stuváte</b> <i>etc. </i><sub>V.+ </sub>&#xa0;<b>stavīmi</b> &#xa0;<b>stoṣi</b> &#xa0;<b>stuvāná</b> &#xa0;<b>stávāna</b> &#xa0;<b>stavāná</b> &#xa0; -- [1.] <b>stávate</b> <i>etc. </i>&#xa0;<b>stave</b>  <font color="green">(3s.)</font> &#xa0; -- <b>astuvat</b> &#xa0;<b>stuvate</b> <i>etc. </i>&#xa0; -- [5.] <b>stunvanti</b> <i>etc. </i>&#xa0;<b>stunvāna</b> &#xa0; -- <b>stuṣé</b>  <font color="green">(1s.)</font> &#xa0;</p><p>
<i>perfect: </i><b>tuṣṭāva</b> &#xa0;<b>tuṣṭuvús</b> <i>etc. </i><sub>V.+ </sub>&#xa0;<b>tuṣṭuva</b> &#xa0;<b>tuṣṭuva</b> &#xa0;<b>tuṣṭuvé</b> <i>etc. </i><sub>V.+ </sub>&#xa0;</p><p>
<i>aorist: </i>[1.] <b>stūyāt</b> &#xa0;<b>ástāvi</b> &#xa0; -- [3.] <b>átuṣṭavam</b> &#xa0;<b>átuṣṭuvam</b> &#xa0;<b>tuṣṭávat</b> &#xa0; -- [4.] <b>astauṣīt</b> <i>etc. </i><sub>B.+ </sub>&#xa0;<b>stoṣat</b> <i>etc. </i>&#xa0;<b>stoṣāṇi</b> &#xa0;<b>ástoṣṭa</b> <i>etc. </i>&#xa0; -- [5.] <b>astāvīt</b> <i>etc. </i>&#xa0;</p><p>
<i>future: </i>[1.] <b>stoṣyati</b> <i>etc. </i><sub>B.+ </sub>&#xa0;<b>astoṣyat</b> <i>etc. </i>&#xa0;<b>astoṣyate</b> <i>etc. </i><sub>B.+ </sub>&#xa0;<b>staviṣyati</b> &#xa0;<b>staviṣyate</b> <i>etc. </i>&#xa0; -- [2.] <b>stotā</b> &#xa0;</p><p>
<i>verbal: </i><b>stutá</b> <sub>V.+ </sub>&#xa0;<b>stotum</b> <sub>B.+ </sub>&#xa0;<b>stótave</b> &#xa0;<b>stutvā́</b> <sub>AV.+ </sub>&#xa0;<b>-stútya</b> <sub>B.+ </sub>&#xa0;<b>-stūya</b> <sub>E.+ </sub>&#xa0;<b>stavádhyai</b> &#xa0;<b>stuṣé</b> &#xa0;</p><p>
<i>secondary: </i><i>passive</i>: <b>stūyáte</b> <i>etc. </i><sub>V.+ </sub>&#xa0; -- <i>intensive</i>: <b>toṣṭu-</b> &#xa0; -- <i>desiderative</i>: <b>tuṣṭūṣita</b> &#xa0; -- <i>causative</i>: <b>stāvayati</b> <i>etc. </i><sub>B.+ </sub>&#xa0;<b>stāvayate</b> &#xa0;<b>stavayati</b> &#xa0;</p><p>
<i>derivatives: </i><b>-stu</b> &#xa0;<b>stáva</b> <sub>V.+ </sub>&#xa0;<b>stavya</b> <sub>E. </sub>&#xa0;<b>stāva</b> <sub>B.+ </sub>&#xa0;<b>stāvaka</b> <sub>C. </sub>&#xa0;<b>-stāvya</b> <sub>S. </sub>&#xa0;<b>stavana</b> <sub>S.+ </sub>&#xa0;<b>-stavanīya</b> <sub>S. </sub>&#xa0;<b>-stāvanā</b> <sub>E.+ </sub>&#xa0;<b>stút</b> <sub>V.S. </sub>&#xa0;<b>stutí</b> <sub>V.+ </sub>&#xa0;<b>stútya</b> <sub>V.+ </sub>&#xa0;<b>stotavya</b> <sub>B.+ </sub>&#xa0;<b>stotṛ́</b> <sub>V.+ </sub>&#xa0;<b>stotrá</b> <sub>V.+ </sub>&#xa0;<b>stavátha</b> <sub>RV. </sub>&#xa0;<b>stóma</b> <sub>V.+ </sub>&#xa0;<b>stavā́n</b>? <sub>RV. </sub>&#xa0;<b>stuṣéyya</b> <sub>RV. </sub>&#xa0;</p></body>
</html>
