<!-- XHTML generated by dict script -->
<html>
<head>
<title>Suj</title>
<META HTTP-EQUIV="Content-Type" CONTENT="text/html; charset=utf-8"/>
<!--link rel="stylesheet" href="/Sanskrit/whitney/dict.css" /-->
</head>
<body><p><a href="index.htm">Index</a></p>
<p><table width="100%"><tr><td align="center" width="50%">Previous: <b><a href="Suc.htm">śuc</a></b></td><td align="center" width="50%">Next: <b><a href="SuD.htm">śudh</a></b></td></tr></table></p><hr />

<h2>&#x221a;śuj (?)<i> 'swell'</i></h2><p>
<i>secondary: </i><i>intensive</i>: <b>śū́śujāna</b> &#xa0;</p></body>
</html>
