<!-- XHTML generated by dict script -->
<html>
<head>
<title>Suz1</title>
<META HTTP-EQUIV="Content-Type" CONTENT="text/html; charset=utf-8"/>
<!--link rel="stylesheet" href="/Sanskrit/whitney/dict.css" /-->
</head>
<body><p><a href="index.htm">Index</a></p>
<p><table width="100%"><tr><td align="center" width="50%">Previous: <b><a href="Suz.htm">śuṣ</a></b></td><td align="center" width="50%">Next: <b><a href="Suz2.htm">śuṣ2</a></b></td></tr></table></p><hr />

<h2>&#x221a;śuṣ1<i> 'dry'</i></h2><p>
<i>present: </i>[4.] <b>śúṣyati</b> <i>etc. </i><sub>V.+ </sub>&#xa0;<b>śúṣyate</b> <i>etc. </i><sub>E.+ </sub>&#xa0;</p><p>
[<i>perfect: </i><b>śuśoṣa</b> &#xa0;<b>aśuṣat</b> &#xa0;<b>aśūśuṣat</b> &#xa0;<b>śokṣyati</b> &#xa0;<b>śoṣṭā</b> &#xa0;]</p><p>
<i>verbal: </i><b>-śúṣya</b> &#xa0;</p><p>
<i>secondary: </i><i>intensive</i>: <b>śośuṣ-</b> &#xa0; -- <i>desiderative</i>: <b>śuśukṣa-</b> &#xa0; -- <i>causative</i>: <b>śoṣáyati</b> <i>etc. </i><sub>AV.+ </sub>&#xa0;<b>śoṣáyate</b> &#xa0;<b>śoṣyate</b> &#xa0;</p><p>
<i>derivatives: </i><b>śuṣa</b>? &#xa0;<b>śoṣa</b> <sub>E.+ </sub>&#xa0;<b>śoṣaka</b> <sub>C. </sub>&#xa0;<b>śoṣin</b> <sub>E.+ </sub>&#xa0;<b>-śoṣya</b> <sub>E.+ </sub>&#xa0;<b>śoṣaṇa</b> <sub>E.+ </sub>&#xa0;<b>śoṣaṇīya</b> <sub>C. </sub>&#xa0;<b>śóṣuka</b> <sub>B. </sub>&#xa0;<b>śúṣka</b> <sub>V.+ </sub>&#xa0;<b>śúṣṇa</b>? <sub>V.B.S. </sub>&#xa0;<b>śoṣayitṛ</b> <sub>C. </sub>&#xa0;</p></body>
</html>
