<!-- XHTML generated by dict script -->
<html>
<head>
<title>Suz2</title>
<META HTTP-EQUIV="Content-Type" CONTENT="text/html; charset=utf-8"/>
<!--link rel="stylesheet" href="/Sanskrit/whitney/dict.css" /-->
</head>
<body><p><a href="index.htm">Index</a></p>
<p><table width="100%"><tr><td align="center" width="50%">Previous: <b><a href="Suz1.htm">śuṣ1</a></b></td><td align="center" width="50%">Next: <b><a href="SU.htm">śū</a></b></td></tr></table></p><hr />

<h2>&#x221a;śuṣ2</h2><p>
<i>see </i><b><a href="Svas.htm">śvas</a></b></p></body>
</html>
