<!-- XHTML generated by dict script -->
<html>
<head>
<title>svan</title>
<META HTTP-EQUIV="Content-Type" CONTENT="text/html; charset=utf-8"/>
<!--link rel="stylesheet" href="/Sanskrit/whitney/dict.css" /-->
</head>
<body><p><a href="index.htm">Index</a></p>
<p><table width="100%"><tr><td align="center" width="50%">Previous: <b><a href="svad.htm">svad</a></b></td><td align="center" width="50%">Next: <b><a href="svap.htm">svap</a></b></td></tr></table></p><hr />

<h2>&#x221a;svan<i> 'sound'</i></h2><p>
<i>present: </i>[1.] <b>svanati</b> &#xa0;<b>svanate</b> <i>etc. </i>&#xa0; -- <b>asvanīt</b> &#xa0;</p><p>
<i>perfect: </i><b>sasvāna</b> &#xa0;<b>sasvanus</b> <sub>E.+ </sub>&#xa0;<b>svenus</b> &#xa0;</p><p>
<i>aorist: </i>[1.] <b>sváni</b>? &#xa0; -- [3.] <b>asisvanat</b> &#xa0; -- [5.] <b>svānīt</b> &#xa0;</p><p>
[<i>future: </i><b>svaniṣyati</b> &#xa0;<b>svanitā</b> &#xa0;]</p><p>
<i>verbal: </i><b>svanita</b> &#xa0;</p><p>
<i>secondary: </i><i>intensive</i>: <b>saniṣvanat</b> &#xa0;<b>saṅsvan-</b> &#xa0; -- <i>desiderative</i>: <b>sisvaniṣa-</b> &#xa0; -- <i>causative</i>: <b>svanayati</b> <i>etc. </i>&#xa0;</p><p>
<i>derivatives: </i><b>-svan</b> &#xa0;<b>svaná</b> <sub>V.+ </sub>&#xa0;<b>svāná</b> <sub>V.+ </sub>&#xa0;<b>svānín</b> <sub>RV. </sub>&#xa0;<b>-svanas</b> <sub>RV. </sub>&#xa0;<b>sváni</b> <sub>RV. </sub>&#xa0;<b>svanáya</b> <sub>RV. </sub>&#xa0;</p></body>
</html>
