<!-- XHTML generated by dict script -->
<html>
<head>
<title>svar</title>
<META HTTP-EQUIV="Content-Type" CONTENT="text/html; charset=utf-8"/>
<!--link rel="stylesheet" href="/Sanskrit/whitney/dict.css" /-->
</head>
<body><p><a href="index.htm">Index</a></p>
<p><table width="100%"><tr><td align="center" width="50%">Previous: <b><a href="svap.htm">svap</a></b></td><td align="center" width="50%">Next: <b><a href="svAd.htm">svād</a></b></td></tr></table></p><hr />

<h2>&#x221a;svar<i> 'sound'</i></h2><p>
<i>present: </i>[1.] <b>svárati</b> <i>etc. </i>&#xa0;</p><p>
<i>perfect: </i><b>sasvāra</b> &#xa0;<b>sasvarus</b> &#xa0;<b>sasvár</b>? &#xa0;</p><p>
<i>aorist: </i>[3.] <b>asisvarat</b> &#xa0; -- [4.] <b>ásvār</b> &#xa0;<b>asvārṣṭām</b> &#xa0; -- [5.] <b>asvārīs</b> &#xa0;</p><p>
[<i>future: </i><b>svariṣyati</b> &#xa0;<b>svartā</b> &#xa0;<b>svaritā</b> &#xa0;]</p><p>
<i>verbal: </i><b>svaritos</b> &#xa0;<b>-svāram</b> &#xa0;</p><p>
<i>secondary: </i><i>intensive</i>: <b>sāsvar-</b> &#xa0; -- <i>desiderative</i>: <b>sisvariṣa-</b> &#xa0;<b>susvūrṣa-</b> &#xa0; -- <i>causative</i>: <b>svaryate</b> &#xa0;<b>svārayati</b> &#xa0;</p><p>
<i>derivatives: </i><b>-svar</b> &#xa0;<b>svára</b> <sub>AV.B. </sub>&#xa0;<b>svará</b> <sub>V.+ </sub>&#xa0;<b>svaryà</b> <sub>RV. </sub>&#xa0;<b>svārá</b> <sub>V.+ </sub>&#xa0;<b>-svārya</b> <sub>C. </sub>&#xa0;<b>sváraṇa</b> <sub>RV. </sub>&#xa0;<b>-svaras</b> <sub>RV. </sub>&#xa0;<b>svarí</b>? <sub>RV. </sub>&#xa0;<b>sváru</b>? <sub>V.B.S. </sub>&#xa0;<b>sváritṛ</b> <sub>RV. </sub>&#xa0;<b>-svartṛ</b> <sub>RV. </sub>&#xa0;<b>svarīyas</b> <sub>C. </sub>&#xa0;<b>svarayitavya</b> <sub>C. </sub>&#xa0;</p><p>
Hardly to be separated from this root are the derivatives showing the radical sense of 'brightness': namely,</p><b>svàr</b> <sub>V.+ </sub>&#xa0;<b>-svara</b> <sub>U.C. </sub>&#xa0;<b>sū́ra</b> <sub>V.B. </sub>&#xa0;<b>sūrí</b>? <sub>V.+ </sub>&#xa0;<b>sū́rya</b> <sub>V.+ </sub>&#xa0;<b>sū́rta</b>? <sub>V. </sub>&#xa0;</body>
</html>
