<!-- XHTML generated by dict script -->
<html>
<head>
<title>Svas</title>
<META HTTP-EQUIV="Content-Type" CONTENT="text/html; charset=utf-8"/>
<!--link rel="stylesheet" href="/Sanskrit/whitney/dict.css" /-->
</head>
<body><p><a href="index.htm">Index</a></p>
<p><table width="100%"><tr><td align="center" width="50%">Previous: <b><a href="SvaYc.htm">śvañc</a></b></td><td align="center" width="50%">Next: <b><a href="SvA.htm">śvā</a></b></td></tr></table></p><hr />

<h2>&#x221a;śvas<i> 'blow'</i></h2><p>
<i>present: </i>[2.] <b>śvasiti</b> <i>etc. </i><sub>V.+ </sub>&#xa0;<b>śvasihí</b> <sub>AV.+ </sub>&#xa0;<b>aśvasīt</b> <sub>B.+ </sub>&#xa0;<b>aśvasat</b> &#xa0;<b>śuṣántam</b> &#xa0; -- [1.] <b>śvásati</b> &#xa0;<b>śvásate</b> <i>etc. </i><sub>AV.+ </sub>&#xa0;</p><p>
<i>perfect: </i><b>śaśvāsa</b> <sub>E.+ </sub>&#xa0;</p><p>
<i>aorist: </i>[3.] <b>aśiśvasat</b> &#xa0; -- [5.] <b>śvasīs</b> &#xa0;</p><p>
<i>future: </i>[1.] <b>śvasiṣyati</b> &#xa0; -- [2.] <b>śvasitā</b> &#xa0;</p><p>
<i>verbal: </i><b>śvasita</b> <sub>B.+ </sub>&#xa0;<b>śvasta</b> <sub>E.+ </sub>&#xa0;<b>śvasitum</b> &#xa0;<b>-śvasya</b> <sub>S.+ </sub>&#xa0;<b>-śvásas</b> &#xa0;<i>intensive</i>: <b>śā́śvasat</b> &#xa0; -- <i>desiderative</i>: <b>śiśvasiṣa-</b> &#xa0; -- <i>causative</i>: <b>śvāsayati</b> <i>etc. </i><sub>V.+ </sub>&#xa0;<b>śvasayati</b> &#xa0;</p><p>
<i>derivatives: </i><b>-śvasa</b> &#xa0;<b>śvāsa</b> <sub>V.+ </sub>&#xa0;<b>śvāsin</b> <sub>B.+ </sub>&#xa0;<b>-śvāsya</b> <sub>E.+ </sub>&#xa0;<b>śuṣá</b> <sub>V.B.S. </sub>&#xa0;<b>śóṣa</b>? <sub>VS. </sub>&#xa0;<b>śvasaná</b> <sub>V.+ </sub>&#xa0;<b>-śvasanīya</b> <sub>C. </sub>&#xa0;<b>-śvāsana</b> <sub>E.+ </sub>&#xa0;<b>-śvāsanīya</b> <sub>C. </sub>&#xa0;<b>śvási-</b> <sub>RV. </sub>&#xa0;<b>-śvasitavya</b> <sub>B.+ </sub>&#xa0;<b>śvasátha</b> <sub>V.B. </sub>&#xa0;<b>śúṣma</b> <sub>V.B. </sub>&#xa0;<b>śuṣman</b> <sub>C. </sub>&#xa0;</p></body>
</html>
