<!-- XHTML generated by dict script -->
<html>
<head>
<title>SvaYc</title>
<META HTTP-EQUIV="Content-Type" CONTENT="text/html; charset=utf-8"/>
<!--link rel="stylesheet" href="/Sanskrit/whitney/dict.css" /-->
</head>
<body><p><a href="index.htm">Index</a></p>
<p><table width="100%"><tr><td align="center" width="50%">Previous: <b><a href="Sliz.htm">śliṣ</a></b></td><td align="center" width="50%">Next: <b><a href="Svas.htm">śvas</a></b></td></tr></table></p><hr />

<h2>&#x221a;śvañc<i> 'spread'</i></h2><p>
<i>present: </i>[1.] <b>śváñcate</b> <i>etc. </i>&#xa0;<b>śmañc-</b> &#xa0;</p><p>
<i>aorist: </i><b>śaśvacaí</b> &#xa0;</p><p>
<i>secondary: </i><i>causative</i>: <b>śvañcáyas</b> &#xa0;</p><p>
<i>derivatives: </i><b>-śvaṅka</b> &#xa0;</p></body>
</html>
