<!-- XHTML generated by dict script -->
<html>
<head>
<title>syand</title>
<META HTTP-EQUIV="Content-Type" CONTENT="text/html; charset=utf-8"/>
<!--link rel="stylesheet" href="/Sanskrit/whitney/dict.css" /-->
</head>
<body><p><a href="index.htm">Index</a></p>
<p><table width="100%"><tr><td align="center" width="50%">Previous: <b><a href="syad.htm">syad</a></b></td><td align="center" width="50%">Next: <b><a href="syU.htm">syū</a></b></td></tr></table></p><hr />

<h2>&#x221a;syand<i> 'move on'</i></h2><p>
<i>present: </i>[1.] <b>syándate</b> <i>etc. </i><sub>V.+ </sub>&#xa0;<b>syándati</b> <i>etc. </i><sub>E.+ </sub>&#xa0;</p><p>
<i>perfect: </i><b>siṣyanda</b> &#xa0;<b>siṣyadús</b> &#xa0;<b>siṣyade</b> &#xa0;<b>sasyande</b> &#xa0;<b>sasyandimahe</b> &#xa0;<b>sasyandmahe</b> &#xa0;</p><p>
<i>aorist: </i>[1.] <b>syándi</b> &#xa0; -- [2.] <b>asyadat</b> &#xa0; -- [3.] <b>ásiṣyadat</b> &#xa0;<b>ásiṣyadanta</b> &#xa0; -- [4.] <b>asyān</b> &#xa0; -- [5.] <b>asyandiṣṭa</b> &#xa0;</p><p>
<i>future: </i>[1.] <b>syantsyáti</b> &#xa0;<b>syandiṣyate</b> &#xa0; -- [2.] <b>syanttā</b> &#xa0;<b>syanditā</b> &#xa0;</p><p>
<i>verbal: </i><b>syanná</b> <sub>V.+ </sub>&#xa0;<b>syánttum</b> &#xa0;<b>syanttvā́</b> &#xa0;<b>syattvā́</b> &#xa0;<b>-syadya</b> &#xa0;<b>-syáde</b> &#xa0;</p><p>
<i>secondary: </i><i>passive</i>: <b>syandyate</b> &#xa0; -- <i>intensive</i>: <b>sániṣyadat</b> &#xa0; -- <i>desiderative</i>: <b>siḷyandiṣa-</b> &#xa0;<b>sisyantsa-</b> &#xa0; -- <i>causative</i>: <b>syandayati</b> <i>etc. </i><sub>B.+ </sub>&#xa0;<b>syandayádhyai</b> &#xa0;</p><p>
<i>derivatives: </i><b>-syad</b> &#xa0;<b>syáda</b> <sub>B. </sub>&#xa0;<b>syanda</b> <sub>B.+ </sub>&#xa0;<b>syandaka</b> <sub>E.+ </sub>&#xa0;<b>syandin</b> <sub>S.+ </sub>&#xa0;<b>syandyā̀</b> <sub>B.S. </sub>&#xa0;<b>syandaná</b> <sub>V.+ </sub>&#xa0;<b>syédu</b> <sub>AV. </sub>&#xa0;<b>syánttṛ</b> <sub>RV. </sub>&#xa0;<b>syandrá</b> <sub>RV. </sub>&#xa0;<b>sasyád</b> <sub>RV. </sub>&#xa0;<b>saniṣyadá</b> <sub>AV. </sub>&#xa0;</p></body>
</html>
