<!-- XHTML generated by dict script -->
<html>
<head>
<title>tam</title>
<META HTTP-EQUIV="Content-Type" CONTENT="text/html; charset=utf-8"/>
<!--link rel="stylesheet" href="/Sanskrit/whitney/dict.css" /-->
</head>
<body><p><a href="index.htm">Index</a></p>
<p><table width="100%"><tr><td align="center" width="50%">Previous: <b><a href="tap.htm">tap</a></b></td><td align="center" width="50%">Next: <b><a href="tark.htm">tark</a></b></td></tr></table></p><hr />

<h2>&#x221a;tam<i> 'faint'</i></h2><p>
<i>present: </i>[4.] <b>tā́myati</b> <i>etc. </i><sub>B.+ </sub>&#xa0;<b>tā́myate</b> <i>etc. </i><sub>E.+ </sub>&#xa0;</p><p>
<i>perfect: </i><b>tatāma</b> &#xa0;</p><p>
<i>aorist: </i>[1.] <b>atami</b> &#xa0;<b>atāmi</b> &#xa0; -- [2.] <b>tamat</b> <i>etc. </i>&#xa0;</p><p>
[<i>future: </i><b>tamiṣyati</b> &#xa0;<b>tamitā</b> &#xa0;]</p><p>
<i>verbal: </i><b>tāṃtá</b> <sub>B.+ </sub>&#xa0;<b>támitos</b> &#xa0;</p><p>
<i>secondary: </i><i>causative</i>: <b>tamáyati</b> <i>etc. </i>&#xa0;</p><p>
<i>derivatives: </i><b>tamaka</b> &#xa0;<b>tamana</b> <sub>S. </sub>&#xa0;<b>támas</b> <sub>V.+ </sub>&#xa0;<b>tamī</b> <sub>C. </sub>&#xa0;<b>támiṣīci</b> <sub>V. </sub>&#xa0;<b>támisra</b> <sub>V.+ </sub>&#xa0;<b>tāṃti</b> <sub>C. </sub>&#xa0;<b>-tameru</b> <sub>VS. </sub>&#xa0;<b>tamrá</b> <sub>RV. </sub>&#xa0;<b>tāma</b> <sub>C. </sub>&#xa0;<b>-tāmaka</b> <sub>C. </sub>&#xa0;<b>tāmī</b> <sub>S. </sub>&#xa0;<b>tāmrá</b> <sub>AV.+ </sub>&#xa0;</p></body>
</html>
