<!-- XHTML generated by dict script -->
<html>
<head>
<title>tan1</title>
<META HTTP-EQUIV="Content-Type" CONTENT="text/html; charset=utf-8"/>
<!--link rel="stylesheet" href="/Sanskrit/whitney/dict.css" /-->
</head>
<body><p><a href="index.htm">Index</a></p>
<p><table width="100%"><tr><td align="center" width="50%">Previous: <b><a href="tan.htm">tan</a></b></td><td align="center" width="50%">Next: <b><a href="tan2.htm">tan2</a></b></td></tr></table></p><hr />

<h2>&#x221a;tan1<i> 'stretch'</i></h2><p>
<i>present: </i>[8.] <b>tanóti</b> &#xa0;<b>tanuté</b> <i>etc. </i><sub>V.+ </sub>&#xa0;</p><p>
<i>perfect: </i><b>tatā́na</b> <i>etc. </i><sub>V.+ </sub>&#xa0;<b>tatántha</b> &#xa0;<b>tenus</b> <i>etc. </i><sub>E.+ </sub>&#xa0;<b>tatánat</b> <i>etc. </i>&#xa0;<b>tatananta</b> &#xa0;<b>tatanyus</b> &#xa0;<b>tené</b> <i>etc. </i><sub>AV.+ </sub>&#xa0;<b>tatane</b> &#xa0;<b>tatne</b> <i>etc. </i>&#xa0;<b>tate</b> &#xa0;</p><p>
<i>aorist: </i>[1.] <b>átata</b> <i>etc. </i>&#xa0;<b>atathās</b> &#xa0;<b>atnata</b> &#xa0;<b>atāyi</b> &#xa0; -- [2.] <b>atanat</b> <i>etc. </i>&#xa0; --  -- [4.] <b>atāṅsīt</b> &#xa0;<b>atān</b> &#xa0;<b>atasi</b> &#xa0;<b>ataṅsmahi</b> &#xa0; -- [5.] <b>atānīt</b> &#xa0;<b>atanīt</b> &#xa0;<b>ataniṣṭa</b> &#xa0;</p><p>
<i>future: </i>[1.] <b>taṅsyáte</b> &#xa0;<b>taniṣyati</b> &#xa0;<b>taniṣyate</b> &#xa0; -- [2.] <b>tanitā</b> &#xa0;<b>tāyitā</b> &#xa0;</p><p>
<i>verbal: </i><b>tatá</b> <sub>V.+ </sub>&#xa0;<b>tantum</b> &#xa0;<b>tatvā</b> &#xa0;<b>tatvā́ya</b> &#xa0;<b>tanitvā</b> &#xa0;<b>-tátya</b> <sub>B.+ </sub>&#xa0;<b>-tāya</b> &#xa0;</p><p>
<i>secondary: </i><i>passive</i>: <b>tāyáte</b> <i>etc. </i><sub>V.+ </sub>&#xa0;<b>tanyate</b> <i>etc. </i>&#xa0; -- <i>intensive</i>: <b>tantan-</b> &#xa0; -- <i>desiderative</i>: <b>titāṅsa-</b> &#xa0;<b>titaniṣa-</b> &#xa0; -- <i>causative</i>: <b>tānayati</b> &#xa0;</p><p>
<i>derivatives: </i><b>tán</b> &#xa0;<b>tána</b> <sub>RV. </sub>&#xa0;<b>tanā́</b> <sub>AV. </sub>&#xa0;<b>tánaya</b> <sub>V.+ </sub>&#xa0;<b>tánas</b> <sub>RV. </sub>&#xa0;<b>-táni</b> <sub>V.+ </sub>&#xa0;<b>tániman</b> <sub>B.+ </sub>&#xa0;<b>tániṣṭha</b> <sub>B.S. </sub>&#xa0;<b>tánīyas</b> <sub>B. </sub>&#xa0;<b>tanú</b> <sub>V.+ </sub>&#xa0;<b>tanū́</b> <sub>V.+ </sub>&#xa0;<b>tanus</b> <sub>E. </sub>&#xa0;<b>tantí</b> <sub>V.+ </sub>&#xa0;<b>-tati</b> <sub>B.+ </sub>&#xa0;<b>tántu</b> <sub>V.+ </sub>&#xa0;<b>tanitṛ</b> <sub>C. </sub>&#xa0;<b>tántra</b> <sub>V.+ </sub>&#xa0;<b>-tatni</b> <sub>AV.B. </sub>&#xa0;<b>-tatnī</b> <sub>AV.B. </sub>&#xa0;<b>-tatnu</b> <sub>AV. </sub>&#xa0;<b>-tā</b> <sub>RV. </sub>&#xa0;<b>tā́na</b> <sub>V.+ </sub>&#xa0;<b>-tānaka</b> <sub>C. </sub>&#xa0;<b>-tānuka</b>? <sub>C. </sub>&#xa0;<b>-tāyitṛ</b> <sub>C. </sub>&#xa0;<b>tatanúṣṭi</b> <sub>RV. </sub>&#xa0;<b>tena</b>? <sub>C. </sub>&#xa0;<b>-titāṅsu</b> <sub>C. </sub>&#xa0;</p><p>
Compare &#x221a;<b>tāy</b>.</p></body>
</html>
