<!-- XHTML generated by dict script -->
<html>
<head>
<title>tan2</title>
<META HTTP-EQUIV="Content-Type" CONTENT="text/html; charset=utf-8"/>
<!--link rel="stylesheet" href="/Sanskrit/whitney/dict.css" /-->
</head>
<body><p><a href="index.htm">Index</a></p>
<p><table width="100%"><tr><td align="center" width="50%">Previous: <b><a href="tan1.htm">tan1</a></b></td><td align="center" width="50%">Next: <b><a href="tand.htm">tand</a></b></td></tr></table></p><hr />

<h2>&#x221a;tan2<i> 'roar'</i></h2><p>
<i>present: </i>[4.] <b>tanyati</b> &#xa0;</p><p>
<i>derivatives: </i><b>tanyatā́</b> &#xa0;<b>tanyatú</b> <sub>V. </sub>&#xa0;<b>tanyú</b> <sub>RV. </sub>&#xa0;<b>tanayitnú</b> <sub>RV. </sub>&#xa0;</p><p>
Appears to be an abbreviated form of &#x221a;<b>stan</b>.</p></body>
</html>
