<!-- XHTML generated by dict script -->
<html>
<head>
<title>taNs</title>
<META HTTP-EQUIV="Content-Type" CONTENT="text/html; charset=utf-8"/>
<!--link rel="stylesheet" href="/Sanskrit/whitney/dict.css" /-->
</head>
<body><p><a href="index.htm">Index</a></p>
<p><table width="100%"><tr><td align="center" width="50%">Previous: <b><a href="takz.htm">takṣ</a></b></td><td align="center" width="50%">Next: <b><a href="tac.htm">tac</a></b></td></tr></table></p><hr />

<h2>&#x221a;taṅs<i> 'shake'</i></h2><p>
[<i>present: </i>[1.] <b>taṅsati</b> &#xa0;<b>taṅsate</b> &#xa0;]</p><p>
<i>perfect: </i><b>tatasré</b> &#xa0;</p><p>
<i>aorist: </i>[2.] <b>átasat</b> &#xa0; -- [3.] <b>átataṅsatam</b> &#xa0;</p><p>
<i>secondary: </i><i>intensive</i>: <b>tantasaíte</b> &#xa0;<b>tantasyate</b> &#xa0; -- <i>causative</i>: <b>taṅsayati</b> &#xa0;<b>taṅsayate</b> &#xa0;<b>taṅsayádhyai</b> &#xa0;</p><p>
<i>derivatives: </i><b>-taṅsa</b> <sub>B.+ </sub>&#xa0;<b>-taṅsana</b> <sub>C. </sub>&#xa0;<b>taṅsu</b>? <sub>E.+ </sub>&#xa0;<b>tásara</b> <sub>V.B. </sub>&#xa0;<b>-tasti</b>? <sub>B.+ </sub>&#xa0;<b>-tantasā́yya</b> <sub>RV. </sub>&#xa0;<b>títau</b>? <sub>RV.S.+ </sub>&#xa0;</p></body>
</html>
