<!-- XHTML generated by dict script -->
<html>
<head>
<title>tAy</title>
<META HTTP-EQUIV="Content-Type" CONTENT="text/html; charset=utf-8"/>
<!--link rel="stylesheet" href="/Sanskrit/whitney/dict.css" /-->
</head>
<body><p><a href="index.htm">Index</a></p>
<p><table width="100%"><tr><td align="center" width="50%">Previous: <b><a href="tA.htm">tā</a></b></td><td align="center" width="50%">Next: <b><a href="tAv.htm">tāv</a></b></td></tr></table></p><hr />

<h2>&#x221a;tāy<i> 'stretch'</i></h2><p>
[<i>present: </i>[1.] <b>tāyate</b> &#xa0;]</p><p>
<i>perfect: </i><b>tatāye</b> &#xa0;<b>tāyāṃ</b> &#xa0;<b>carkre</b>? &#xa0;</p><p>
[<i>aorist: </i><b>atāyi</b> &#xa0;<b>atāyiṣṭa</b> &#xa0;<b>tāyiṣyate</b> &#xa0;<b>tāyitā</b> &#xa0;]</p><p>
<i>secondary: </i><i>passive</i>: <b>tāyyámāna</b> &#xa0;</p><p>
Very questionable forms.  The JB. manuscript reads (iii. 177) <b>anusaṃtāyāyāṃ cakre</b>.  Belongs probably in some way to &#x221a;<b>tan</b>, <b>tā</b>.  The <b> bhāgavata</b>-<b> purāna</b> has once <b>tāyitā</b> (periph. fut.), which is given above under &#x221a;<b>tan</b>.</p></body>
</html>
