<!-- XHTML generated by dict script -->
<html>
<head>
<title>tfz</title>
<META HTTP-EQUIV="Content-Type" CONTENT="text/html; charset=utf-8"/>
<!--link rel="stylesheet" href="/Sanskrit/whitney/dict.css" /-->
</head>
<body><p><a href="index.htm">Index</a></p>
<p><table width="100%"><tr><td align="center" width="50%">Previous: <b><a href="tfp.htm">tṛp</a></b></td><td align="center" width="50%">Next: <b><a href="tfh.htm">tṛh</a></b></td></tr></table></p><hr />

<h2>&#x221a;tṛṣ<i> 'be thirsty'</i></h2><p>
<i>present: </i>[4.] <b>tṛ́ṣyati</b> <i>etc. </i>&#xa0;</p><p>
<i>perfect: </i><b>tātṛsús</b> &#xa0;<b>tātṛsús</b> &#xa0;<b>tatṛṣāṇá</b> &#xa0;</p><p>
<i>aorist: </i>[2.] <b>tṛṣat</b> <i>etc. </i>&#xa0;<b>tṛṣāṇá</b> &#xa0; -- [3.] <b>atītṛṣāma</b> <i>etc. </i>&#xa0;</p><p>
[<i>future: </i><b>tarṣiṣyati</b> &#xa0;<b>tarṣitā</b> &#xa0;]</p><p>
<i>verbal: </i><b>tṛṣitá</b> <sub>V.+ </sub>&#xa0;<b>tṛṣṭá</b>? &#xa0;<b>tṛṣitvā</b> &#xa0;<b>tarṣitvā</b> &#xa0;</p><p>
<i>secondary: </i><i>causative</i>: <b>tarṣáyati</b> <i>etc. </i>&#xa0;<b>tarṣita</b> <sub>E.+ </sub>&#xa0;</p><p>
<i>derivatives: </i><b>tarṣa</b> <sub>E.+ </sub>&#xa0;<b>tarṣyā́-</b> <sub>RV. </sub>&#xa0;<b>tarṣaṇa</b> <sub>C. </sub>&#xa0;<b>tarṣula</b> <sub>E. </sub>&#xa0;<b>tṛṣ</b> <sub>E.+ </sub>&#xa0;<b>tṛṣā</b> <sub>C. </sub>&#xa0;<b>tṛṣyā́</b> <sub>V. </sub>&#xa0;<b>tṛṣú</b> <sub>RV. </sub>&#xa0;<b>tṛ́ṣṇā</b> <sub>V.+ </sub>&#xa0;<b>tṛṣṇáj</b> <sub>RV. </sub>&#xa0;</p></body>
</html>
