<!-- XHTML generated by dict script -->
<html>
<head>
<title>ti</title>
<META HTTP-EQUIV="Content-Type" CONTENT="text/html; charset=utf-8"/>
<!--link rel="stylesheet" href="/Sanskrit/whitney/dict.css" /-->
</head>
<body><p><a href="index.htm">Index</a></p>
<p><table width="100%"><tr><td align="center" width="50%">Previous: <b><a href="tAv.htm">tāv</a></b></td><td align="center" width="50%">Next: <b><a href="tij.htm">tij</a></b></td></tr></table></p><hr />

<h2>&#x221a;ti<i> 'crush'</i></h2><p>
<i>present: </i>[5.] <b>tinoti</b> &#xa0;</p><p>
A single occurrence, and most probably a false reading.</p></body>
</html>
