<!-- XHTML generated by dict script -->
<html>
<head>
<title>tij</title>
<META HTTP-EQUIV="Content-Type" CONTENT="text/html; charset=utf-8"/>
<!--link rel="stylesheet" href="/Sanskrit/whitney/dict.css" /-->
</head>
<body><p><a href="index.htm">Index</a></p>
<p><table width="100%"><tr><td align="center" width="50%">Previous: <b><a href="ti.htm">ti</a></b></td><td align="center" width="50%">Next: <b><a href="tim.htm">tim</a></b></td></tr></table></p><hr />

<h2>&#x221a;tij<i> 'be sharp'</i></h2><p>
<i>present: </i>[1.] <b>téjate</b> <i>etc. </i>&#xa0;</p><p>
<i>perfect: </i><b>titigdhi</b> &#xa0;</p><p>
<i>verbal: </i><b>tiktá</b> <sub>V.+ </sub>&#xa0;</p><p>
<i>secondary: </i><i>intensive</i>: <b>tétikte</b> <i>etc. </i>&#xa0; -- <i>desiderative</i>: <b>títkṣate</b> <i>etc. </i><sub>V.+ </sub>&#xa0;<b>títkṣati</b> <i>etc. </i><sub>E.+ </sub>&#xa0;<b>titikṣmahe</b> &#xa0; -- <i>causative</i>: <b>tejayati</b> <i>etc. </i><sub>E.+ </sub>&#xa0;</p><p>
<i>derivatives: </i><b>-tikti</b> &#xa0;<b>tigitá</b> <sub>RV. </sub>&#xa0;<b>tigmá</b> <sub>V.+ </sub>&#xa0;<b>tīkṣṇá</b> <sub>V.+ </sub>&#xa0;<b>tegá</b>? <sub>VS. </sub>&#xa0;<b>teja</b> <sub>C. </sub>&#xa0;<b>téjana</b> <sub>V.+ </sub>&#xa0;<b>téjas</b> <sub>V.+ </sub>&#xa0;<b>téjiṣṭha</b> <sub>V.B.S. </sub>&#xa0;<b>téjīyas</b> <sub>RV.C. </sub>&#xa0;<b>titikṣā</b> <sub>E.+ </sub>&#xa0;<b>titikṣú</b> <sub>AV.+ </sub>&#xa0;</p></body>
</html>
