<!-- XHTML generated by dict script -->
<html>
<head>
<title>til</title>
<META HTTP-EQUIV="Content-Type" CONTENT="text/html; charset=utf-8"/>
<!--link rel="stylesheet" href="/Sanskrit/whitney/dict.css" /-->
</head>
<body><p><a href="index.htm">Index</a></p>
<p><table width="100%"><tr><td align="center" width="50%">Previous: <b><a href="tir.htm">tir</a></b></td><td align="center" width="50%">Next: <b><a href="tu.htm">tu</a></b></td></tr></table></p><hr />

<h2>&#x221a;til</h2><p>
Accepted by BR. in VS. xxiii. 24 <b>prátilāmi</b> (TS. TB. <b>prásulāmi</b>); but an unintelligible and probably false reading.</p></body>
</html>
