<!-- XHTML generated by dict script -->
<html>
<head>
<title>truw</title>
<META HTTP-EQUIV="Content-Type" CONTENT="text/html; charset=utf-8"/>
<!--link rel="stylesheet" href="/Sanskrit/whitney/dict.css" /-->
</head>
<body><p><a href="index.htm">Index</a></p>
<p><table width="100%"><tr><td align="center" width="50%">Previous: <b><a href="trA.htm">trā</a></b></td><td align="center" width="50%">Next: <b><a href="tvakz.htm">tvakṣ</a></b></td></tr></table></p><hr />

<h2>&#x221a;truṭ<i> 'come to pieces'</i></h2><p>
<i>present: </i>[6.] <b>truṭati</b> <i>etc. </i>&#xa0; -- [4.] <b>truṭyati</b> <i>etc. </i>&#xa0;<b>truḍyeyus</b> &#xa0;</p><p>
<i>perfect: </i><b>tutroṭa</b> &#xa0;</p><p>
<i>verbal: </i><b>truṭita</b> &#xa0;</p><p>
<i>secondary: </i><i>causative</i>: <b>troṭayati</b> <i>etc. </i>&#xa0;</p><p>
<i>derivatives: </i><b>truṭi</b> <sub>E.+ </sub>&#xa0;<b>troṭaka</b> <sub>C. </sub>&#xa0;</p><p>
Probably a denominative formation from <b>truṭi</b>.</p></body>
</html>
