<!-- XHTML generated by dict script -->
<html>
<head>
<title>tsar</title>
<META HTTP-EQUIV="Content-Type" CONTENT="text/html; charset=utf-8"/>
<!--link rel="stylesheet" href="/Sanskrit/whitney/dict.css" /-->
</head>
<body><p><a href="index.htm">Index</a></p>
<p><table width="100%"><tr><td align="center" width="50%">Previous: <b><a href="tviz.htm">tviṣ</a></b></td><td align="center" width="50%">Next: <b><a href="Turv.htm">thurv</a></b></td></tr></table></p><hr />

<h2>&#x221a;tsar<i> 'approach stealthily'</i></h2><p>
<i>present: </i>[1.] <b>tsárati</b> <i>etc. </i>&#xa0;</p><p>
<i>perfect: </i><b>tatsāra</b> &#xa0;</p><p>
<i>aorist: </i>[4.] <b>atsār</b> &#xa0; -- [5.] <b>atsāriṣam</b> &#xa0;</p><p>
[<i>future: </i><b>tsariṣyati</b> &#xa0;<b>tsaritā</b> &#xa0;]</p><p>
<i>verbal: </i><b>-tsárya</b> &#xa0;</p><p>
<i>derivatives: </i><b>tsarā</b> &#xa0;<b>tsáru</b> <sub>V.+ </sub>&#xa0;<b>-tsāra</b> <sub>V.+ </sub>&#xa0;<b>tsārín</b> <sub>V.B. </sub>&#xa0;</p></body>
</html>
