<!-- XHTML generated by dict script -->
<html>
<head>
<title>tu</title>
<META HTTP-EQUIV="Content-Type" CONTENT="text/html; charset=utf-8"/>
<!--link rel="stylesheet" href="/Sanskrit/whitney/dict.css" /-->
</head>
<body><p><a href="index.htm">Index</a></p>
<p><table width="100%"><tr><td align="center" width="50%">Previous: <b><a href="til.htm">til</a></b></td><td align="center" width="50%">Next: <b><a href="tuc.htm">tuc</a></b></td></tr></table></p><hr />

<h2>&#x221a;tu<i> 'be strong'</i></h2><p>
<i>present: </i>[2.] <b>tavīti</b> &#xa0;<b>tauti</b> &#xa0;</p><p>
<i>perfect: </i><b>tūtāva</b> &#xa0;<b>tūtos</b> &#xa0;<b>tūtot</b> &#xa0;</p><p>
<i>secondary: </i><i>intensive</i>: <b>távītuat</b> &#xa0;</p><p>
<i>derivatives: </i><b>tavā-</b>? &#xa0;<b>távya</b> <sub>RV. </sub>&#xa0;<b>tavyà</b> <sub>TS. </sub>&#xa0;<b>távas</b> <sub>V.B.S. </sub>&#xa0;<b>tavás</b> <sub>V. </sub>&#xa0;<b>taviṣá</b> <sub>V. </sub>&#xa0;<b>táviṣī</b> <sub>RV. </sub>&#xa0;<b>távīyas</b> <sub>V. </sub>&#xa0;<b>távyas</b> <sub>RV. </sub>&#xa0;<b>tīvrá</b> <sub>V.+ </sub>&#xa0;<b>túmra</b>? <sub>RV. </sub>&#xa0;<b>turá</b> <sub>V.+ </sub>&#xa0;<b>tuví-</b> <sub>V.VS. </sub>&#xa0;<b>túvis-</b> <sub>V.B. </sub>&#xa0;<b>tū́ya</b> <sub>V. </sub>&#xa0;<b>tūtumá</b>? <sub>RV. </sub>&#xa0;</p></body>
</html>
