<!-- XHTML generated by dict script -->
<html>
<head>
<title>tud</title>
<META HTTP-EQUIV="Content-Type" CONTENT="text/html; charset=utf-8"/>
<!--link rel="stylesheet" href="/Sanskrit/whitney/dict.css" /-->
</head>
<body><p><a href="index.htm">Index</a></p>
<p><table width="100%"><tr><td align="center" width="50%">Previous: <b><a href="tuj.htm">tuj</a></b></td><td align="center" width="50%">Next: <b><a href="tur.htm">tur</a></b></td></tr></table></p><hr />

<h2>&#x221a;tud<i> 'push, thrust'</i></h2><p>
<i>present: </i>[6.] <b>tudáti</b> <i>etc. </i><sub>V.+ </sub>&#xa0;<b>tudáte</b> &#xa0; -- <b>tundāná</b> &#xa0;<b>tundate</b> &#xa0; -- <b>tudāyáti</b> &#xa0;</p><p>
<i>perfect: </i><b>tutóda</b> <sub>V.+ </sub>&#xa0;<b>tutude</b> &#xa0;</p><p>
[<i>aorist: </i><b>atūtudat</b> &#xa0;<b>atautsīt</b> &#xa0;<b>atutta</b> &#xa0;<b>totsyati</b> &#xa0;<b>totsyate</b> &#xa0;<b>tottā</b> &#xa0;]</p><p>
<i>verbal: </i><b>tunná</b> <sub>V.+ </sub>&#xa0;<b>tuttvā</b> &#xa0;<b>-tudya</b> &#xa0;</p><p>
<i>secondary: </i><i>passive</i>: <b>tudyate</b> <i>etc. </i><sub>E.+ </sub>&#xa0; -- <i>intensive</i>: <b>totudyate</b> &#xa0; -- <i>desiderative</i>: <b>tututsa-</b> &#xa0; -- <i>causative</i>: <b>todayati</b> <i>etc. </i><sub>E.+ </sub>&#xa0;<b>todyate</b> <sub>E.+ </sub>&#xa0;</p><p>
<i>derivatives: </i><b>-tud</b> &#xa0;<b>-tuda</b> <sub>AV.+ </sub>&#xa0;<b>tunda</b>? <sub>C. </sub>&#xa0;<b>todá</b> <sub>V.+ </sub>&#xa0;<b>-todin</b> <sub>V.+ </sub>&#xa0;<b>todya</b> <sub>C. </sub>&#xa0;<b>todana</b> <sub>C. </sub>&#xa0;<b>tóttra</b> <sub>B.+ </sub>&#xa0;</p></body>
</html>
