<!-- XHTML generated by dict script -->
<html>
<head>
<title>Turv</title>
<META HTTP-EQUIV="Content-Type" CONTENT="text/html; charset=utf-8"/>
<!--link rel="stylesheet" href="/Sanskrit/whitney/dict.css" /-->
</head>
<body><p><a href="index.htm">Index</a></p>
<p><table width="100%"><tr><td align="center" width="50%">Previous: <b><a href="tsar.htm">tsar</a></b></td><td align="center" width="50%">Next: <b><a href="dakz.htm">dakṣ</a></b></td></tr></table></p><hr />

<h2>&#x221a;thurv (?)</h2><p>
<i>present: </i>[1.] <b>thū́rvant</b> &#xa0;</p><p>
Probably a false reading; the edition has <b>tū́rvant</b>, with one of the manuscripts (and the parallel texts).</p></body>
</html>
