<!-- XHTML generated by dict script -->
<html>
<head>
<title>tuz</title>
<META HTTP-EQUIV="Content-Type" CONTENT="text/html; charset=utf-8"/>
<!--link rel="stylesheet" href="/Sanskrit/whitney/dict.css" /-->
</head>
<body><p><a href="index.htm">Index</a></p>
<p><table width="100%"><tr><td align="center" width="50%">Previous: <b><a href="tuS.htm">tuś</a></b></td><td align="center" width="50%">Next: <b><a href="tUrv.htm">tūrv</a></b></td></tr></table></p><hr />

<h2>&#x221a;tuṣ<i> 'be content'</i></h2><p>
<i>present: </i>[4.] <b>tuṣyati</b> <i>etc. </i><sub>S.+ </sub>&#xa0;<b>tuṣyate</b> &#xa0;</p><p>
<i>perfect: </i><b>tutoṣa</b> <i>etc. </i><sub>E.+ </sub>&#xa0;</p><p>
[<i>aorist: </i><b>atuṣat</b> &#xa0;<b>atūtuṣat</b> &#xa0;<b>tokṣyati</b> &#xa0;<b>toṣṭā</b> &#xa0;]</p><p>
<i>verbal: </i><b>tuṣṭa</b> <sub>E.+ </sub>&#xa0;<b>toṣṭum</b> &#xa0;<b>-tuṣya</b> &#xa0;</p><p>
<i>secondary: </i><i>intensive</i>: <b>totuṣ-</b> &#xa0; -- <i>desiderative</i>: <b>tutukṣa-</b> &#xa0; -- <i>causative</i>: <b>toṣayati</b> <i>etc. </i><sub>JB.+ </sub>&#xa0;<b>toṣyate</b> &#xa0;<b>tuṣáyantī</b> &#xa0;</p><p>
<i>derivatives: </i><b>tuṣṭi</b> <sub>E.+ </sub>&#xa0;<b>tūṣṇī́m</b>? <sub>V.+ </sub>&#xa0;<b>toṣa</b> <sub>E.+ </sub>&#xa0;<b>-toṣaka</b> <sub>C. </sub>&#xa0;<b>toṣin</b> <sub>E.+ </sub>&#xa0;<b>toṣya</b> <sub>E. </sub>&#xa0;<b>toṣaṇa</b> <sub>E.+ </sub>&#xa0;<b>toṣaṇīya</b> <sub>E.+ </sub>&#xa0;<b>toṣṭavya</b> <sub>C. </sub>&#xa0;<b>toṣayitavya</b> <sub>E. </sub>&#xa0;<b>toṣayitṛ</b> <sub>C. </sub>&#xa0;</p></body>
</html>
