<!-- XHTML generated by dict script -->
<html>
<head>
<title>tvakz</title>
<META HTTP-EQUIV="Content-Type" CONTENT="text/html; charset=utf-8"/>
<!--link rel="stylesheet" href="/Sanskrit/whitney/dict.css" /-->
</head>
<body><p><a href="index.htm">Index</a></p>
<p><table width="100%"><tr><td align="center" width="50%">Previous: <b><a href="truw.htm">truṭ</a></b></td><td align="center" width="50%">Next: <b><a href="tvaNg.htm">tvaṅg</a></b></td></tr></table></p><hr />

<h2>&#x221a;tvakṣ<i> 'fashion'</i></h2><p>
<i>present: </i>[2.] <b>tvakṣāṇá</b> &#xa0; -- [1.] <b>tvakṣati</b> &#xa0;</p><p>
[<i>perfect: </i><b>tatvakṣa</b> &#xa0;<b>atvakṣīt</b> &#xa0;<b>tvakṣiṣyati</b> &#xa0;<b>tvakṣitā</b> &#xa0;<b>tvaṣṭā</b> &#xa0;]</p><p>
<i>derivatives: </i><b>-tvákṣaṇa</b> &#xa0;<b>tvákṣas</b> <sub>RV. </sub>&#xa0;<b>tvákṣīyas</b> <sub>RV. </sub>&#xa0;<b>tvaṣṭi</b> <sub>C. </sub>&#xa0;<b>tváṣṭṛ</b> <sub>V.+ </sub>&#xa0;</p><p>
Compare &#x221a;<b>takṣ</b>.</p></body>
</html>
