<!-- XHTML generated by dict script -->
<html>
<head>
<title>tvaNg</title>
<META HTTP-EQUIV="Content-Type" CONTENT="text/html; charset=utf-8"/>
<!--link rel="stylesheet" href="/Sanskrit/whitney/dict.css" /-->
</head>
<body><p><a href="index.htm">Index</a></p>
<p><table width="100%"><tr><td align="center" width="50%">Previous: <b><a href="tvakz.htm">tvakṣ</a></b></td><td align="center" width="50%">Next: <b><a href="tvac.htm">tvac</a></b></td></tr></table></p><hr />

<h2>&#x221a;tvaṅg<i> 'leap'</i></h2><p>
<i>present: </i>[1.] <b>tvaṅgati</b> <i>etc. </i>&#xa0;</p><p>
Late and probably artificial.</p></body>
</html>
