<!-- XHTML generated by dict script -->
<html>
<head>
<title>tviz</title>
<META HTTP-EQUIV="Content-Type" CONTENT="text/html; charset=utf-8"/>
<!--link rel="stylesheet" href="/Sanskrit/whitney/dict.css" /-->
</head>
<body><p><a href="index.htm">Index</a></p>
<p><table width="100%"><tr><td align="center" width="50%">Previous: <b><a href="tvar.htm">tvar</a></b></td><td align="center" width="50%">Next: <b><a href="tsar.htm">tsar</a></b></td></tr></table></p><hr />

<h2>&#x221a;tviṣ<i> 'be stirred up'</i></h2><p>
<i>present: </i>[2.] <b>atviṣus</b> &#xa0; -- [6.] <b>atviṣanta</b> &#xa0; -- [4.] <b>tviṣyant</b> &#xa0; -- [1.] <b>tveṣati</b> &#xa0;<b>tveṣate</b> &#xa0;</p><p>
<i>perfect: </i><b>titviṣé</b> <i>etc. </i>&#xa0;<b>átitviṣanta</b> &#xa0;<b>titviṣus</b> &#xa0;</p><p>
[<i>aorist: </i><b>atitviṣat</b> &#xa0;<b>avikṣat</b> &#xa0;<b>avikṣata</b> &#xa0;<b>tvekṣyati</b> &#xa0;<b>tvekṣyate</b> &#xa0;<b>tveṣṭā</b> &#xa0;]</p><p>
<i>verbal: </i><b>tviṣitá</b> &#xa0;<b>tviṣé</b> &#xa0;</p><p>
[<i>secondary: </i><b>tetviṣ-</b> &#xa0;<b>titvikṣa-</b> &#xa0;<b>tveṣaya-</b> &#xa0;]</p><p>
<i>derivatives: </i><b>tvíṣ</b> <sub>V.+ </sub>&#xa0;<b>tviṣā</b> <sub>C. </sub>&#xa0;<b>tvíṣi</b> <sub>V.B.S. </sub>&#xa0;<b>tveṣá</b> <sub>V.B. </sub>&#xa0;<b>tveṣín</b> <sub>RV. </sub>&#xa0;<b>tveṣyà</b> <sub>RV. </sub>&#xa0;<b>tveṣátha</b> <sub>RV. </sub>&#xa0;<b>tveṣás</b> <sub>RV. </sub>&#xa0;</p></body>
</html>
