<!-- XHTML generated by dict script -->
<html>
<head>
<title>uJ</title>
<META HTTP-EQUIV="Content-Type" CONTENT="text/html; charset=utf-8"/>
<!--link rel="stylesheet" href="/Sanskrit/whitney/dict.css" /-->
</head>
<body><p><a href="index.htm">Index</a></p>
<p><table width="100%"><tr><td align="center" width="50%">Previous: <b><a href="uC.htm">uch</a></b></td><td align="center" width="50%">Next: <b><a href="uYC.htm">uñch</a></b></td></tr></table></p><hr />

<h2>&#x221a;ujh<i> 'forsake'</i></h2><p>
<i>present: </i>[6.] <b>ujhati</b> <i>etc. </i><sub>E.+ </sub>&#xa0;</p><p>
<i>perfect: </i><b>uḥāṃ</b> &#xa0;<b>cakāra</b> &#xa0;</p><p>
<i>aorist: </i>[5.] <b>aujhīt</b> &#xa0;</p><p>
[<i>future: </i><b>ujhiṣyati</b> &#xa0;<b>uḥitā</b> &#xa0;]</p><p>
<i>verbal: </i><b>uḥita</b> <sub>E.+ </sub>&#xa0;<b>ujhitum</b> &#xa0;<b>-ujhya</b> &#xa0;</p><p>
<i>derivatives: </i><b>-ujha</b> <sub>S.+ </sub>&#xa0;<b>ujhana</b> <sub>C. </sub>&#xa0;<b>ujhiti</b> <sub>PB. </sub>&#xa0;</p><p>
A secondary root, coming from <b>ud</b> + &#x221a;<b>hā</b> (<b>ujjahāmi</b> etc.).</p></body>
</html>
