<!-- XHTML generated by dict script -->
<html>
<head>
<title>ukz</title>
<META HTTP-EQUIV="Content-Type" CONTENT="text/html; charset=utf-8"/>
<!--link rel="stylesheet" href="/Sanskrit/whitney/dict.css" /-->
</head>
<body><p><a href="index.htm">Index</a></p>
<p><table width="100%"><tr><td align="center" width="50%">Previous: <b><a href="u.htm">u</a></b></td><td align="center" width="50%">Next: <b><a href="ukz1.htm">ukṣ1</a></b></td></tr></table></p><hr />

<h2>Choose a lemma:</h2><ol>
<li/><a href="ukz1.htm">ukṣ1</a><li/><a href="ukz2.htm">ukṣ2</a></ol>
</body>
</html>
