<!-- XHTML generated by dict script -->
<html>
<head>
<title>ukz2</title>
<META HTTP-EQUIV="Content-Type" CONTENT="text/html; charset=utf-8"/>
<!--link rel="stylesheet" href="/Sanskrit/whitney/dict.css" /-->
</head>
<body><p><a href="index.htm">Index</a></p>
<p><table width="100%"><tr><td align="center" width="50%">Previous: <b><a href="ukz1.htm">ukṣ1</a></b></td><td align="center" width="50%">Next: <b><a href="uc.htm">uc</a></b></td></tr></table></p><hr />

<h2>&#x221a;ukṣ2</h2><p>
<i>see </i><b><a href="vakz.htm">vakṣ</a></b></p></body>
</html>
