<!-- XHTML generated by dict script -->
<html>
<head>
<title>vad</title>
<META HTTP-EQUIV="Content-Type" CONTENT="text/html; charset=utf-8"/>
<!--link rel="stylesheet" href="/Sanskrit/whitney/dict.css" /-->
</head>
<body><p><a href="index.htm">Index</a></p>
<p><table width="100%"><tr><td align="center" width="50%">Previous: <b><a href="vat.htm">vat</a></b></td><td align="center" width="50%">Next: <b><a href="vaD.htm">vadh</a></b></td></tr></table></p><hr />

<h2>&#x221a;vad<i> 'speak'</i></h2><p>
<i>present: </i>[1.] <b>vádati</b> &#xa0;<b>vádate</b> <i>etc. </i><sub>V.+ </sub>&#xa0;<b>vādat</b> &#xa0;<b>vādeyus</b> &#xa0;<b>udeyam</b> &#xa0;</p><p>
<i>perfect: </i><b>ūdimá</b> &#xa0;<b>ūdus</b> &#xa0;<b>ūde</b> <i>etc. </i>&#xa0;</p><p>
<i>aorist: </i>[1.] <b>udyāsam</b> <i>etc. </i>&#xa0;<b>avādi</b> &#xa0; -- [3.] <b>avīvadat</b> &#xa0; -- [5.] <b>avādīt</b> <i>etc. </i><sub>V.+ </sub>&#xa0;<b>vā́diṣas</b> &#xa0;<b>vadiṣma</b> &#xa0;<b>vadiṣṭhās</b> &#xa0;<b>avādiran</b> &#xa0;</p><p>
<i>future: </i>[1.] <b>vadiṣyáti</b> <i>etc. </i><sub>AV.+ </sub>&#xa0;<b>vadiṣyáte</b> &#xa0;</p><p>
<i>verbal: </i><b>uditá</b> <sub>V.+ </sub>&#xa0;<b>vadita</b> <sub>E.+ </sub>&#xa0;<b>vaditum</b> <sub>B.+ </sub>&#xa0;<b>váditos</b> &#xa0;<b>uditvā</b> &#xa0;<b>-udya</b> <sub>B.+ </sub>&#xa0;<b>-úde</b>? &#xa0;</p><p>
<i>secondary: </i><i>passive</i>: <b>udyáte</b> <i>etc. </i><sub>V.+ </sub>&#xa0; -- <i>intensive</i>: <b>vā́vadīti</b> <i>etc. </i>&#xa0;<b>vā́vadyáte</b> <i>etc. </i>&#xa0; -- <i>desiderative</i>: <b>vivadiṣati</b> <i>etc. </i>&#xa0; -- <i>causative</i>: <b>vādayati</b> &#xa0;<b>vādayate</b> <i>etc. </i><sub>B.+ </sub>&#xa0;<b>vādyate</b> <sub>B.+ </sub>&#xa0;<b>vādyati</b> &#xa0;</p><p>
<i>derivatives: </i><b>-vad</b> <sub>V.+ </sub>&#xa0;<b>-vadya</b> <sub>V.+ </sub>&#xa0;<b>-udya</b> <sub>AV.+ </sub>&#xa0;<b>vāda</b> <sub>V.+ </sub>&#xa0;<b>vādaka</b> <sub>E.+ </sub>&#xa0;<b>vādin</b> <sub>V.+ </sub>&#xa0;<b>vā́dya</b> <sub>AV.+ </sub>&#xa0;<b>vádana</b> <sub>B.+ </sub>&#xa0;<b>vādana</b> <sub>S.+ </sub>&#xa0;<b>-vādanīya</b> <sub>S.+ </sub>&#xa0;<b>vaditavyà</b> <sub>B.+ </sub>&#xa0;<b>vāditavya</b> <sub>E. </sub>&#xa0;<b>vaditṛ</b> <sub>B.+ </sub>&#xa0;<b>vāditra</b> <sub>U.S.+ </sub>&#xa0;<b>-vadiṣu</b> <sub>S. </sub>&#xa0;<b>-vadiṣṇu</b> <sub>S. </sub>&#xa0;<b>vadiṣṭha</b> <sub>B. </sub>&#xa0;<b>vāduka</b> <sub>B. </sub>&#xa0;<b>vadmán</b> <sub>RV. </sub>&#xa0;<b>-vadāvada</b> <sub>B. </sub>&#xa0;<b>vadāvadin</b> <sub>S. </sub>&#xa0;<b>-vādayitṛ</b> <sub>B.+ </sub>&#xa0;<b>-vivādiṣu</b> <sub>C. </sub>&#xa0;</p><p>
Compare &#x221a;<b>vand</b>.</p></body>
</html>
