<!-- XHTML generated by dict script -->
<html>
<head>
<title>vah</title>
<META HTTP-EQUIV="Content-Type" CONTENT="text/html; charset=utf-8"/>
<!--link rel="stylesheet" href="/Sanskrit/whitney/dict.css" /-->
</head>
<body><p><a href="index.htm">Index</a></p>
<p><table width="100%"><tr><td align="center" width="50%">Previous: <b><a href="vas3.htm">vas3</a></b></td><td align="center" width="50%">Next: <b><a href="vA.htm">vā</a></b></td></tr></table></p><hr />

<h2>&#x221a;vah<i> 'carry'</i></h2><p>
<i>present: </i>[1.] <b>váhati</b> &#xa0;<b>váhate</b> <i>etc. </i><sub>V.+ </sub>&#xa0; -- [2.] <b>vákṣi</b> &#xa0;<b>voḍham</b> &#xa0;<b>voḍhā́m</b> &#xa0;</p><p>
<i>perfect: </i><b>uvāha</b> &#xa0;<b>ūhús</b> <i>etc. </i><sub>V.+ </sub>&#xa0;<b>ūhé</b> <i>etc. </i>&#xa0;<b>vavāha</b> &#xa0;<b>vavāhatus</b> <sub>E.+ </sub>&#xa0;</p><p>
<i>aorist: </i>[1.] <b>avāhi</b> &#xa0;<b>uhyāt</b> &#xa0; -- [3.] <b>avīvahat</b> &#xa0; -- [4.] <b>ávākṣīt</b> <i>etc. </i>&#xa0;<b>ávāṭ</b> &#xa0;<b>vāṭ</b> &#xa0;<b>vákṣat</b> <i>etc. </i>&#xa0;<b>avakṣi</b> &#xa0;</p><p>
<i>future: </i>[1.] <b>vakṣyáti</b> <i>etc. </i><sub>AV.+ </sub>&#xa0;<b>vakṣyáte</b> &#xa0;<b>vahiṣyati</b> <i>etc. </i><sub>E.+ </sub>&#xa0; -- [2.] <b>voḍhā́</b> &#xa0;</p><p>
<i>verbal: </i><b>ūḍhá</b> <sub>V.+ </sub>&#xa0;<b>voḍha</b>? &#xa0;<b>vóḍhum</b> <sub>V.+ </sub>&#xa0;<b>vóḍhave</b> &#xa0;<b>vóḍhavaí</b> &#xa0;<b>ūḍhvā́</b> &#xa0;<b>-úhya</b> <sub>AV.+ </sub>&#xa0;<b>vā́he</b> &#xa0;<b>váhadhyai</b> &#xa0;</p><p>
<i>secondary: </i><i>passive</i>: <b>uhyáte</b> <i>etc. </i><sub>V.+ </sub>&#xa0;<b>uhyant</b> <sub>E.+ </sub>&#xa0; -- <i>intensive</i>: <b>vāvahīti</b> &#xa0;<b>vanīvāhyáte</b> <i>etc. </i>&#xa0; -- <i>desiderative</i>: <b>vivakṣa-</b> &#xa0; -- <i>causative</i>: <b>vāhayati</b> <i>etc. </i><sub>B.+ </sub>&#xa0;<b>vāhayate</b> <i>etc. </i><sub>E.+ </sub>&#xa0;<b>vāhyate</b> <i>etc. </i><sub>E.+ </sub>&#xa0;</p><p>
<i>derivatives: </i><b>-vah</b> <sub>V.+ </sub>&#xa0;<b>-vāh</b> <sub>V.+ </sub>&#xa0;<b>váha</b> <sub>AV.+ </sub>&#xa0;<b>vahín</b> <sub>B.S. </sub>&#xa0;<b>vahyá</b> <sub>V.S. </sub>&#xa0;<b>ogha</b> <sub>U.+ </sub>&#xa0;<b>aughá</b> <sub>B. </sub>&#xa0;<b>vāhá</b> <sub>V.+ </sub>&#xa0;<b>vāhaka</b> <sub>E.+ </sub>&#xa0;<b>vāhín</b> <sub>AV.+ </sub>&#xa0;<b>vāhya</b> <sub>S.+ </sub>&#xa0;<b>vahana</b> <sub>S.+ </sub>&#xa0;<b>vā́hana</b> <sub>V.+ </sub>&#xa0;<b>vāhanīya</b> <sub>C. </sub>&#xa0;<b>vahát</b> <sub>RV. </sub>&#xa0;<b>vāghát</b>? <sub>RV. </sub>&#xa0;<b>vā́has</b> <sub>V.B.S. </sub>&#xa0;<b>ūḍhi</b> <sub>B.+ </sub>&#xa0;<b>vahatú</b> <sub>V.B. </sub>&#xa0;<b>voḍhavya</b> <sub>E.+ </sub>&#xa0;<b>-vāhitavya</b> <sub>E. </sub>&#xa0;<b>voḍhṛ</b> <sub>V.+ </sub>&#xa0;<b>vāhitṛ</b> <sub>E. </sub>&#xa0;<b>-vahitṛ</b> <sub>U. </sub>&#xa0;<b>vahitra</b> <sub>C. </sub>&#xa0;<b>váhiṣṭha</b> <sub>V. </sub>&#xa0;<b>vā́hiṣṭha</b> <sub>V.B. </sub>&#xa0;<b>váhīyas</b> <sub>V.B. </sub>&#xa0;<b>váhni</b> <sub>V.+ </sub>&#xa0;<b>-váhman</b> <sub>RV. </sub>&#xa0;<b>vákṣas</b>? <sub>V. </sub>&#xa0;<b>vakṣáṇa</b>? <sub>V. </sub>&#xa0;<b>vakṣī́</b>? <sub>RV. </sub>&#xa0;<b>vā́vahi</b> <sub>RV. </sub>&#xa0;<b>vīvadhá</b>? <sub>B.+ </sub>&#xa0;<b>-vāhayitṛ</b> <sub>C. </sub>&#xa0;</p><p>
Compare roots 1, 2<b>ūh</b>.</p></body>
</html>
