<!-- XHTML generated by dict script -->
<html>
<head>
<title>vaj</title>
<META HTTP-EQUIV="Content-Type" CONTENT="text/html; charset=utf-8"/>
<!--link rel="stylesheet" href="/Sanskrit/whitney/dict.css" /-->
</head>
<body><p><a href="index.htm">Index</a></p>
<p><table width="100%"><tr><td align="center" width="50%">Previous: <b><a href="vac.htm">vac</a></b></td><td align="center" width="50%">Next: <b><a href="vaYc.htm">vañc</a></b></td></tr></table></p><hr />

<h2>&#x221a;vaj<i> 'be strong'</i></h2><p>
[<i>present: </i><b>vajati</b> <i>etc. </i>&#xa0;]</p><p>
<i>secondary: </i><i>causative</i>: <b>vājáyati</b> <i>etc. </i>&#xa0;<b>vājayánt</b> &#xa0;<b>vājayádhyai</b> &#xa0;</p><p>
<i>derivatives: </i><b>vā́ja</b> <sub>V.+ </sub>&#xa0;<b>-vājana</b> <sub>S. </sub>&#xa0;<b>ójas</b> <sub>V.+ </sub>&#xa0;<b>oja-</b> <sub>RV. </sub>&#xa0;<b>ójiṣṭha</b> <sub>V.B. </sub>&#xa0;<b>ójīyas</b> <sub>V.B. </sub>&#xa0;<b>ojmán</b> <sub>V. </sub>&#xa0;<b>ugrá</b> <sub>V.+ </sub>&#xa0;<b>vájra</b> <sub>V.+ </sub>&#xa0;</p><p>
The verbal forms are really denominative, from <b>vāja</b>.</p></body>
</html>
