<!-- XHTML generated by dict script -->
<html>
<head>
<title>vakz</title>
<META HTTP-EQUIV="Content-Type" CONTENT="text/html; charset=utf-8"/>
<!--link rel="stylesheet" href="/Sanskrit/whitney/dict.css" /-->
</head>
<body><p><a href="index.htm">Index</a></p>
<p><table width="100%"><tr><td align="center" width="50%">Previous: <b><a href="vak.htm">vak</a></b></td><td align="center" width="50%">Next: <b><a href="vac.htm">vac</a></b></td></tr></table></p><hr />

<h2>&#x221a;vakṣ<i> 'increase'</i></h2><p>
<i>present: </i>[6.] <b>úkṣant</b> &#xa0;</p><p>
<i>perfect: </i><b>vavákṣa</b> &#xa0;<b>vavakṣé</b> <i>etc. </i>&#xa0;<b>vavákṣitha</b> &#xa0;</p><p>
<i>aorist: </i>[3.] <b>vavákṣat</b> &#xa0; -- [5.] <b>aúkṣīs</b> &#xa0;</p><p>
[<i>future: </i><b>vakṣiṣyati</b> &#xa0;<b>vakṣitā</b> &#xa0;]</p><p>
<i>verbal: </i><b>ukṣitá</b> &#xa0;</p><p>
<i>secondary: </i><i>causative</i>: <b>ukṣayanta</b> &#xa0;<b>vakṣayam</b> &#xa0;</p><p>
<i>derivatives: </i><b>vákṣaṇa</b> &#xa0;<b>vakṣáṇā</b>? <sub>V. </sub>&#xa0;<b>vakṣáṇi</b> <sub>RV. </sub>&#xa0;<b>vakṣátha</b> <sub>RV. </sub>&#xa0;<b>vákṣas</b>? <sub>V.+ </sub>&#xa0;</p></body>
</html>
