<!-- XHTML generated by dict script -->
<html>
<head>
<title>van</title>
<META HTTP-EQUIV="Content-Type" CONTENT="text/html; charset=utf-8"/>
<!--link rel="stylesheet" href="/Sanskrit/whitney/dict.css" /-->
</head>
<body><p><a href="index.htm">Index</a></p>
<p><table width="100%"><tr><td align="center" width="50%">Previous: <b><a href="vaD.htm">vadh</a></b></td><td align="center" width="50%">Next: <b><a href="vand.htm">vand</a></b></td></tr></table></p><hr />

<h2>&#x221a;van<i> 'win'</i></h2><p>
<i>present: </i>[8.] <b>vanóti</b> &#xa0;<b>vanuté</b> <i>etc. </i>&#xa0; -- [1.] <b>vánati</b> &#xa0;<b>vánate</b> <i>etc. </i>&#xa0; -- [6.] <b>vanā́ti</b> &#xa0;<b>vanéma</b> &#xa0;</p><p>
<i>perfect: </i><b>vāvā́na</b> &#xa0;<b>vavanmá</b> <i>etc. </i>&#xa0;<b>vavné</b> &#xa0;<b>vāvántha</b> &#xa0;</p><p>
<i>aorist: </i>[1.] <b>vanta</b>? &#xa0;<b>váṅsva</b> &#xa0; -- [4.] <b>váṅsat</b> <i>etc. </i>&#xa0;<b>váṅsi</b>  <font color="green">(1s.)</font> &#xa0;<b>vaṅsate</b> &#xa0;<b>vansīmahi</b> &#xa0;<b>vasīmahi</b> &#xa0; -- [5.] <b>vaniṣat</b> &#xa0;<b>vaniṣanta</b> &#xa0;<b>vaniṣīṣṭa</b> &#xa0; -- [6.] <b>vaṅsiṣīya</b>? &#xa0;</p><p>
<i>future: </i>[1.] <b>vaniṣyate</b> &#xa0; -- [2.] <b>vanitā</b> &#xa0;</p><p>
<i>verbal: </i><b>-vāta</b> &#xa0;<b>vanita</b> <sub>E.+ </sub>&#xa0;<b>-vantave</b> &#xa0;</p><p>
<i>secondary: </i><i>intensive</i>: <b>vanīvan-</b> &#xa0; -- <i>desiderative</i>: <b>vívāsati</b> &#xa0;<b>vívāsate</b> <i>etc. </i>&#xa0; -- <i>causative</i>: <b>vānayantu</b> &#xa0;</p><p>
<i>derivatives: </i><b>-van</b>? &#xa0;<b>vana</b> <sub>V.U. </sub>&#xa0;<b>vanín</b> <sub>RV. </sub>&#xa0;<b>-ványa</b> <sub>B. </sub>&#xa0;<b>vanád</b>? <sub>RV. </sub>&#xa0;<b>-vánana</b> <sub>V. </sub>&#xa0;<b>vanánā</b> <sub>RV. </sub>&#xa0;<b>vananīya</b> <sub>C. </sub>&#xa0;<b>vánas</b> <sub>RV. </sub>&#xa0;<b>vaní</b> <sub>V.B. </sub>&#xa0;<b>vanú</b> <sub>RV. </sub>&#xa0;<b>vanús</b> <sub>RV. </sub>&#xa0;<b>vantṛ́</b> <sub>RV. </sub>&#xa0;<b>vánitṛ</b> <sub>RV. </sub>&#xa0;<b>vániṣṭha</b> <sub>RV. </sub>&#xa0;<b>vánīyas</b> <sub>RV. </sub>&#xa0;<b>-vānyà</b> <sub>B.S. </sub>&#xa0;<b>vāmá</b>? <sub>V.+ </sub>&#xa0;<b>vánīvan</b> <sub>RV. </sub>&#xa0;<b>vāvā́ta</b> <sub>V.+ </sub>&#xa0;<b>vāvā́tṛ</b> <sub>RV. </sub>&#xa0;<b>vanayitṛ</b> <sub>C. </sub>&#xa0;</p></body>
</html>
