<!-- XHTML generated by dict script -->
<html>
<head>
<title>vand</title>
<META HTTP-EQUIV="Content-Type" CONTENT="text/html; charset=utf-8"/>
<!--link rel="stylesheet" href="/Sanskrit/whitney/dict.css" /-->
</head>
<body><p><a href="index.htm">Index</a></p>
<p><table width="100%"><tr><td align="center" width="50%">Previous: <b><a href="van.htm">van</a></b></td><td align="center" width="50%">Next: <b><a href="vap.htm">vap</a></b></td></tr></table></p><hr />

<h2>&#x221a;vand<i> 'greet'</i></h2><p>
<i>present: </i>[1.] <b>vándate</b> <i>etc. </i><sub>V.+ </sub>&#xa0;<b>vándati</b> &#xa0;</p><p>
<i>perfect: </i><b>vavanda</b> <i>etc. </i>&#xa0;<b>vavandé</b> <i>etc. </i><sub>V.+ </sub>&#xa0;</p><p>
<i>aorist: </i>[1.] <b>vandi</b> &#xa0; -- [5.] <b>vandiṣīmáhi</b> &#xa0;</p><p>
[<i>future: </i><b>vandiṣyate</b> &#xa0;<b>vanditā</b> &#xa0;]</p><p>
<i>verbal: </i><b>vanditá</b> <sub>AV.+ </sub>&#xa0;<b>vanditum</b> <sub>E.+ </sub>&#xa0;<b>vanditvā</b> <sub>E.+ </sub>&#xa0;<b>-vandya</b> <sub>E.+ </sub>&#xa0;<b>vandádhyai</b> &#xa0;</p><p>
<i>secondary: </i><i>passive</i>: <b>vandyate</b> <i>etc. </i><sub>E.+ </sub>&#xa0; -- <i>desiderative</i>: <b>vivandiṣa-</b> &#xa0; -- <i>causative</i>: <b>vandayati</b> <i>etc. </i>&#xa0;</p><p>
<i>derivatives: </i><b>-vanda</b> &#xa0;<b>vándya</b> <sub>V.+ </sub>&#xa0;<b>vandin</b> <sub>C. </sub>&#xa0;<b>vándana</b> <sub>V.+ </sub>&#xa0;<b>vandanīya</b> <sub>E.+ </sub>&#xa0;<b>vandā́ru</b> <sub>V.+ </sub>&#xa0;<b>vanditavya</b> <sub>E.+ </sub>&#xa0;<b>vanditṛ</b> <sub>V.B. </sub>&#xa0;<b>vivandiṣu</b> <sub>C. </sub>&#xa0;</p><p>
Doubtless the same with &#x221a;<b>vad</b>.</p></body>
</html>
