<!-- XHTML generated by dict script -->
<html>
<head>
<title>vap2</title>
<META HTTP-EQUIV="Content-Type" CONTENT="text/html; charset=utf-8"/>
<!--link rel="stylesheet" href="/Sanskrit/whitney/dict.css" /-->
</head>
<body><p><a href="index.htm">Index</a></p>
<p><table width="100%"><tr><td align="center" width="50%">Previous: <b><a href="vap1.htm">vap1</a></b></td><td align="center" width="50%">Next: <b><a href="vam.htm">vam</a></b></td></tr></table></p><hr />

<h2>&#x221a;vap2<i> 'shear'</i></h2><p>
<i>present: </i>[1.] <b>vapati</b> &#xa0;<b>vapate</b> <i>etc. </i>&#xa0;</p><p>
<i>verbal: </i><b>upta</b> &#xa0;<b>uptvā</b> &#xa0;<b>-upya</b> &#xa0;</p><p>
<i>secondary: </i><b>vāpayati</b> <i>etc. </i>&#xa0;<b>vāpayīta</b> &#xa0;</p><p>
<i>derivatives: </i><b>vápana</b> <sub>B.+ </sub>&#xa0;<b>vāpa</b> <sub>C. </sub>&#xa0;<b>vāpana</b> <sub>S.+ </sub>&#xa0;<b>váptṛ</b> <sub>V.B.S. </sub>&#xa0;</p><p>
Doubtless the same with the preceding root: 'scatter off from one'.</p></body>
</html>
