<!-- XHTML generated by dict script -->
<html>
<head>
<title>vaRw</title>
<META HTTP-EQUIV="Content-Type" CONTENT="text/html; charset=utf-8"/>
<!--link rel="stylesheet" href="/Sanskrit/whitney/dict.css" /-->
</head>
<body><p><a href="index.htm">Index</a></p>
<p><table width="100%"><tr><td align="center" width="50%">Previous: <b><a href="vaYc.htm">vañc</a></b></td><td align="center" width="50%">Next: <b><a href="vat.htm">vat</a></b></td></tr></table></p><hr />

<h2>&#x221a;vaṇṭ<i> 'divide'</i></h2><p>
[<i>present: </i><b>vaṇṭati</b> <i>etc. </i>&#xa0;]</p><p>
<i>secondary: </i><i>passive</i>: <b>vaṇṭyate</b> &#xa0;</p><p>
The single occurrence is doubtless artificial.</p></body>
</html>
