<!-- XHTML generated by dict script -->
<html>
<head>
<title>vas</title>
<META HTTP-EQUIV="Content-Type" CONTENT="text/html; charset=utf-8"/>
<!--link rel="stylesheet" href="/Sanskrit/whitney/dict.css" /-->
</head>
<body><p><a href="index.htm">Index</a></p>
<p><table width="100%"><tr><td align="center" width="50%">Previous: <b><a href="vaS.htm">vaś</a></b></td><td align="center" width="50%">Next: <b><a href="vas1.htm">vas1</a></b></td></tr></table></p><hr />

<h2>Choose a lemma:</h2><ol>
<li/><a href="vas1.htm">vas1</a><li/><a href="vas2.htm">vas2</a><li/><a href="vas3.htm">vas3</a></ol>
</body>
</html>
