<!-- XHTML generated by dict script -->
<html>
<head>
<title>vaS</title>
<META HTTP-EQUIV="Content-Type" CONTENT="text/html; charset=utf-8"/>
<!--link rel="stylesheet" href="/Sanskrit/whitney/dict.css" /-->
</head>
<body><p><a href="index.htm">Index</a></p>
<p><table width="100%"><tr><td align="center" width="50%">Previous: <b><a href="valh.htm">valh</a></b></td><td align="center" width="50%">Next: <b><a href="vas.htm">vas</a></b></td></tr></table></p><hr />

<h2>&#x221a;vaś<i> 'be eager'</i></h2><p>
<i>present: </i>[2.] <b>váṣṭi</b> &#xa0;<b>uśánti</b> <i>etc. </i><sub>V.+ </sub>&#xa0;<b>śmasi</b> &#xa0;<b>vaṣṭa</b> &#xa0; -- [1.] <b>váśanti</b> &#xa0;<b>ávaśat</b> &#xa0;<b>vaśa</b> &#xa0;<b>vaśet</b> &#xa0; -- [3.] <b>vavákṣi</b> &#xa0;<b>vivaṣṭi</b> &#xa0;<b>vivaṣṭu</b> &#xa0; -- [6.] <b>uśámāna</b> &#xa0;</p><p>
<i>perfect: </i><b>vāvaśús</b> &#xa0;<b>vāvaśe</b> &#xa0;<b>vāvaśāná</b> &#xa0;<b>uvāśa</b> &#xa0;<b>ūśus</b> &#xa0;</p><p>
<i>aorist: </i>[1.] <b>uśyāt</b> &#xa0; -- [3.] <b>avīvaśat</b> &#xa0; -- [5.] <b>vaśīs</b> &#xa0;<b>avāśīt</b> &#xa0;</p><p>
[<i>future: </i><b>vaśiṣyati</b> &#xa0;<b>vaśitā</b> &#xa0;<b>uśita</b> &#xa0;]</p><p>
<i>secondary: </i><i>passive</i>: <b>uśyate</b> &#xa0; -- <i>intensive</i>: <b>vāvaś-</b> &#xa0; -- <i>desiderative</i>: <b>vivaśiṣa-</b> &#xa0; -- <i>causative</i>: <b>vaśayati</b> &#xa0;<b>vāśitā́</b>? <sub>AV.+ </sub>&#xa0;</p><p>
<i>derivatives: </i><b>váśa</b> <sub>V.+ </sub>&#xa0;<b>uśá-</b>? <sub>RV. </sub>&#xa0;<b>uśánā</b> <sub>V.+ </sub>&#xa0;<b>uśánas</b> <sub>V.+ </sub>&#xa0;<b>uśénya</b> <sub>RV. </sub>&#xa0;<b>vaśí</b> <sub>B. </sub>&#xa0;<b>uśī-</b>? <sub>V.+ </sub>&#xa0;<b>uśíj</b> <sub>V.B.S. </sub>&#xa0;<b>váṣṭi</b> <sub>RV. </sub>&#xa0;<b>vaśitṛ</b> <sub>C. </sub>&#xa0;<b>váśīyas</b>? <sub>AV. </sub>&#xa0;</p></body>
</html>
