<!-- XHTML generated by dict script -->
<html>
<head>
<title>vas2</title>
<META HTTP-EQUIV="Content-Type" CONTENT="text/html; charset=utf-8"/>
<!--link rel="stylesheet" href="/Sanskrit/whitney/dict.css" /-->
</head>
<body><p><a href="index.htm">Index</a></p>
<p><table width="100%"><tr><td align="center" width="50%">Previous: <b><a href="vas1.htm">vas1</a></b></td><td align="center" width="50%">Next: <b><a href="vas3.htm">vas3</a></b></td></tr></table></p><hr />

<h2>&#x221a;vas2<i> 'clothe'</i></h2><p>
<i>present: </i>[2.] <b>váste</b> <i>etc. </i><sub>V.+ </sub>&#xa0;<b>vásiṣva</b> &#xa0;<b>uṣāṇá</b> &#xa0;<b>vaddhvam</b> &#xa0; -- [6.] <b>uṣámāṇa</b> &#xa0;</p><p>
<i>perfect: </i><b>vavase</b> &#xa0;<b>vāvase</b> &#xa0;<b>vāvasāná</b> &#xa0;</p><p>
<i>aorist: </i>[3.] <b>avīvasat</b> &#xa0; -- [5.] <b>avasiṣṭa</b> <i>etc. </i>&#xa0;</p><p>
<i>future: </i>[1.] <b>vasiṣyate</b> &#xa0;<b>vatsyati</b> &#xa0; -- [2.] <b>vasitā</b> &#xa0;</p><p>
<i>verbal: </i><b>vasita</b> &#xa0;<b>vasitum</b> <sub>E.+ </sub>&#xa0;<b>vasitvā</b> &#xa0;<b>-vasya</b> &#xa0;</p><p>
<i>secondary: </i><i>intensive</i>: <b>vāvas-</b> &#xa0; -- <i>desiderative</i>: <b>vivasiṣa-</b> &#xa0; -- <i>causative</i>: <b>vāsáyati</b> <i>etc. </i><sub>V.+ </sub>&#xa0;<b>vāsáyate</b> &#xa0;<b>vāsyate</b> &#xa0;</p><p>
<i>derivatives: </i><b>-vas</b> &#xa0;<b>vasa-</b> <sub>RV. </sub>&#xa0;<b>vásya</b> <sub>B.S. </sub>&#xa0;<b>-vāsa</b> <sub>V.+ </sub>&#xa0;<b>vāsin</b> <sub>B.+ </sub>&#xa0;<b>vásana</b> <sub>V.+ </sub>&#xa0;<b>vā́sana</b> <sub>AV.+ </sub>&#xa0;<b>vā́sas</b> <sub>V.+ </sub>&#xa0;<b>vasantá</b>? <sub>V.+ </sub>&#xa0;<b>vasitavya</b> <sub>E. </sub>&#xa0;<b>vasitṛ</b> <sub>C. </sub>&#xa0;<b>vastṛ</b> <sub>S. </sub>&#xa0;<b>vástra</b> <sub>V.+ </sub>&#xa0;<b>vásman</b> <sub>RV. </sub>&#xa0;</p></body>
</html>
