<!-- XHTML generated by dict script -->
<html>
<head>
<title>vas3</title>
<META HTTP-EQUIV="Content-Type" CONTENT="text/html; charset=utf-8"/>
<!--link rel="stylesheet" href="/Sanskrit/whitney/dict.css" /-->
</head>
<body><p><a href="index.htm">Index</a></p>
<p><table width="100%"><tr><td align="center" width="50%">Previous: <b><a href="vas2.htm">vas2</a></b></td><td align="center" width="50%">Next: <b><a href="vah.htm">vah</a></b></td></tr></table></p><hr />

<h2>&#x221a;vas3<i> 'dwell'</i></h2><p>
<i>present: </i>[1.] <b>vásati</b> <i>etc. </i><sub>V.+ </sub>&#xa0;<b>vásate</b> <i>etc. </i><sub>B.+ </sub>&#xa0;</p><p>
<i>perfect: </i><b>uvāsa</b> &#xa0;<b>ūṣus</b> <i>etc. </i><sub>V.+ </sub>&#xa0;<b>-vāsāṃ</b> &#xa0;<b>cakre</b> &#xa0;</p><p>
<i>aorist: </i>[1.] <b>vásāna</b>? &#xa0;<b>uṣyāt</b> &#xa0;<b>avāsi</b> &#xa0; -- [3.] <b>avīvasat</b> &#xa0; -- [4.] <b>avātsīt</b> <i>etc. </i><sub>AV.+ </sub>&#xa0;<b>avāksam</b> &#xa0;<b>avāstam</b> &#xa0;</p><p>
<i>future: </i>[1.] <b>vatsyati</b> <i>etc. </i><sub>B.+ </sub>&#xa0;<b>vatsyate</b> <i>etc. </i>&#xa0;<b>vasiṣyati</b> <i>etc. </i>&#xa0; -- [2.] <b>vastā</b> &#xa0;</p><p>
<i>verbal: </i><b>uṣita</b> <sub>S.+ </sub>&#xa0;<b>uṣṭa</b> &#xa0;<b>vasita</b> &#xa0;<b>vastum</b> <sub>E.+ </sub>&#xa0;<b>vastavai</b> &#xa0;<b>vasitum</b> &#xa0;<b>uṣitvā́</b> <sub>B.+ </sub>&#xa0;<b>uṣṭvā</b> <sub>E.+ </sub>&#xa0;<b>-úṣya</b> <sub>B.+ </sub>&#xa0;<b>-vāsam</b> &#xa0;</p><p>
<i>secondary: </i><i>passive</i>: <b>usyate</b> &#xa0; -- <i>intensive</i>: <b>vāvas-</b> &#xa0; -- <i>desiderative</i>: <b>vivatsati</b> &#xa0; -- <i>causative</i>: <b>vāsáyati</b> <i>etc. </i><sub>V.+ </sub>&#xa0;<b>vāsyáte</b> <i>etc. </i><sub>B.+ </sub>&#xa0;<b>vāsyant</b> &#xa0;<b>-vā́sas</b> &#xa0;</p><p>
<i>derivatives: </i><b>vás</b> &#xa0;<b>-vasa</b> <sub>E.+ </sub>&#xa0;<b>-uṣaka</b> <sub>C. </sub>&#xa0;<b>-uṣya</b> <sub>V.+ </sub>&#xa0;<b>vāsá</b> <sub>V.+ </sub>&#xa0;<b>-vāsaka</b> <sub>E.+ </sub>&#xa0;<b>vāsin</b> <sub>AV.+ </sub>&#xa0;<b>vā́sya</b> <sub>B.+ </sub>&#xa0;<b>vásana</b> <sub>V.+ </sub>&#xa0;<b>-uṣaṇa</b> <sub>C. </sub>&#xa0;<b>vāsana</b> <sub>S.+ </sub>&#xa0;<b>-vāsanīya</b> <sub>E.+ </sub>&#xa0;<b>vāsas</b> <sub>U. </sub>&#xa0;<b>-vasu</b>? <sub>V. </sub>&#xa0;<b>vasatí</b> <sub>V.+ </sub>&#xa0;<b>vastu</b> <sub>E.+ </sub>&#xa0;<b>vastavyà</b> <sub>B.+ </sub>&#xa0;<b>uṣitavya</b> <sub>C. </sub>&#xa0;<b>vā́stu</b> <sub>V.+ </sub>&#xa0;<b>vástṛ</b> <sub>B. </sub>&#xa0;<b>-vasatha</b> <sub>V.B.S. </sub>&#xa0;<b>vásman</b> <sub>RV. </sub>&#xa0;<b>vāsayitavya</b> <sub>E. </sub>&#xa0;<b>vāsayitṛ</b> <sub>E.+ </sub>&#xa0;</p><p>
A few <b>vas</b>-forms, occuring in RV. in questionable connection, are referred in BR. to a root 4<b>vas</b> 'aim'.  The causative  forms ascribed by BR. to a root 5<b>vas</b> 'cut off' are also doubtless peculiar technical specializations from 3<b>vas</b>.</p></body>
</html>
