<!-- XHTML generated by dict script -->
<html>
<head>
<title>vell</title>
<META HTTP-EQUIV="Content-Type" CONTENT="text/html; charset=utf-8"/>
<!--link rel="stylesheet" href="/Sanskrit/whitney/dict.css" /-->
</head>
<body><p><a href="index.htm">Index</a></p>
<p><table width="100%"><tr><td align="center" width="50%">Previous: <b><a href="vep.htm">vep</a></b></td><td align="center" width="50%">Next: <b><a href="vezw.htm">veṣṭ</a></b></td></tr></table></p><hr />

<h2>&#x221a;vell<i> 'stagger'</i></h2><p>
<i>present: </i>[1.] <b>vellati</b> <i>etc. </i>&#xa0;</p><p>
<i>verbal: </i><b>vellita</b> <sub>E.+ </sub>&#xa0;</p><p>
<i>derivatives: </i><b>vellana</b> &#xa0;</p></body>
</html>
