<!-- XHTML generated by dict script -->
<html>
<head>
<title>ven</title>
<META HTTP-EQUIV="Content-Type" CONTENT="text/html; charset=utf-8"/>
<!--link rel="stylesheet" href="/Sanskrit/whitney/dict.css" /-->
</head>
<body><p><a href="index.htm">Index</a></p>
<p><table width="100%"><tr><td align="center" width="50%">Previous: <b><a href="vfh.htm">vṛh</a></b></td><td align="center" width="50%">Next: <b><a href="vep.htm">vep</a></b></td></tr></table></p><hr />

<h2>&#x221a;ven<i> 'long'</i></h2><p>
<i>present: </i>[1.] <b>vénati</b> <i>etc. </i>&#xa0;</p><p>
[<i>perfect: </i><b>vivena</b> &#xa0;<b>vivene</b> &#xa0;<b>avivenat</b> &#xa0;<b>avenīt</b> &#xa0;<b>aveniṣṭa</b> &#xa0;<b>veniṣyati</b> &#xa0;<b>veniṣyate</b> &#xa0;<b>venitā</b> &#xa0;<b>veven-</b> &#xa0;<b>viveniṣa-</b> &#xa0;<b>venaya-</b> &#xa0;]</p><p>
<i>derivatives: </i><b>vená</b> &#xa0;<b>venyá</b> <sub>RV. </sub>&#xa0;</p></body>
</html>
