<!-- XHTML generated by dict script -->
<html>
<head>
<title>vfh</title>
<META HTTP-EQUIV="Content-Type" CONTENT="text/html; charset=utf-8"/>
<!--link rel="stylesheet" href="/Sanskrit/whitney/dict.css" /-->
</head>
<body><p><a href="index.htm">Index</a></p>
<p><table width="100%"><tr><td align="center" width="50%">Previous: <b><a href="vfz.htm">vṛṣ</a></b></td><td align="center" width="50%">Next: <b><a href="ven.htm">ven</a></b></td></tr></table></p><hr />

<h2>&#x221a;vṛh<i> 'tear'</i></h2><p>
<i>present: </i>[6.] <b>vṛháti</b> &#xa0;<b>bṛháti</b> <i>etc. </i>&#xa0;</p><p>
<i>perfect: </i><b>vavárha</b> <sub>V.+ </sub>&#xa0;</p><p>
<i>aorist: </i>[1.] <b>varhi</b> &#xa0; -- [3.] <b>avīvṛhat</b> &#xa0;<b>avavarhat</b> &#xa0; -- [5.] <b>barhīs</b> &#xa0;<b>barhīt</b> &#xa0; -- [7.] <b>avṛkṣat</b> <i>etc. </i>&#xa0;</p><p>
[<i>future: </i><b>varkṣyati</b> &#xa0;<b>varhiṣyati</b> &#xa0;<b>varḍhā</b> &#xa0;<b>varhitā</b> &#xa0;]</p><p>
<i>verbal: </i><b>vṛḍhá</b> &#xa0;<b>bṛḍha</b> &#xa0;<b>vṛḍhvā</b> &#xa0;<b>varhitvā</b> &#xa0;<b>-vṛ́hya</b> &#xa0;<b>-vṛhas</b> &#xa0;<b>-várham</b> &#xa0;<b>-barham</b> &#xa0;</p><p>
<i>secondary: </i><i>passive</i>: <b>vṛhyate</b> <i>etc. </i>&#xa0; -- <i>intensive</i>: <b>varīvṛh-</b> &#xa0; -- <i>desiderative</i>: <b>vivṛkṣa-</b> &#xa0;<b>vivarhiṣa-</b> &#xa0; -- <i>causative</i>: <b>barháyati</b> <i>etc. </i>&#xa0;<b>varhita</b> &#xa0;</p><p>
<i>derivatives: </i><b>-vṛha</b> <sub>S.+ </sub>&#xa0;<b>barha</b> <sub>AV.+ </sub>&#xa0;<b>varha</b> <sub>AV.+ </sub>&#xa0;<b>barhin</b> <sub>E. </sub>&#xa0;<b>varhin</b> <sub>E. </sub>&#xa0;<b>bárhaṇa</b> <sub>AV.+ </sub>&#xa0;<b>várhaṇa</b> <sub>AV.+ </sub>&#xa0;<b>barhís</b>? <sub>V.+ </sub>&#xa0;</p><p>
Compare &#x221a;<b>bṛh</b>.  THe confusion of <b>b</b> and <b>v</b> goes back to the oldest time.</p></body>
</html>
