<!-- XHTML generated by dict script -->
<html>
<head>
<title>vfNh</title>
<META HTTP-EQUIV="Content-Type" CONTENT="text/html; charset=utf-8"/>
<!--link rel="stylesheet" href="/Sanskrit/whitney/dict.css" /-->
</head>
<body><p><a href="index.htm">Index</a></p>
<p><table width="100%"><tr><td align="center" width="50%">Previous: <b><a href="vf2.htm">vṛ2</a></b></td><td align="center" width="50%">Next: <b><a href="vfj.htm">vṛj</a></b></td></tr></table></p><hr />

<h2>&#x221a;vṛṅh<i> 'roar'</i></h2><p>
<i>present: </i>[1.] <b>vṛṅhati</b> <i>etc. </i><sub>E.+ </sub>&#xa0;</p><p>
<i>perfect: </i><b>vavṛṅhire</b> &#xa0;</p><p>
<i>verbal: </i><b>vṛṅhita</b> <sub>E.+ </sub>&#xa0;</p></body>
</html>
