<!-- XHTML generated by dict script -->
<html>
<head>
<title>vft</title>
<META HTTP-EQUIV="Content-Type" CONTENT="text/html; charset=utf-8"/>
<!--link rel="stylesheet" href="/Sanskrit/whitney/dict.css" /-->
</head>
<body><p><a href="index.htm">Index</a></p>
<p><table width="100%"><tr><td align="center" width="50%">Previous: <b><a href="vfj.htm">vṛj</a></b></td><td align="center" width="50%">Next: <b><a href="vfD.htm">vṛdh</a></b></td></tr></table></p><hr />

<h2>&#x221a;vṛt<i> 'turn'</i></h2><p>
<i>present: </i>[1.] <b>vártate</b> <i>etc. </i><sub>V.+ </sub>&#xa0;<b>vártati</b> <i>etc. </i><sub>U.+ </sub>&#xa0; -- [3.] <b>vavartti</b> &#xa0;<b>vavṛtyām</b> <i>etc. </i>&#xa0;<b>vavṛtīya</b> <i>etc. </i>&#xa0;<b>vavṛtsva</b> <i>etc. </i>&#xa0;<b>ávavṛtran</b> &#xa0;<b>ávavṛtranta</b> &#xa0;<b>vavártat</b> &#xa0;<b>vavártatati</b> &#xa0;<b>vavṛtat</b> &#xa0; -- [2.] <b>vartti</b> &#xa0;</p><p>
<i>perfect: </i><b>vavarta</b> &#xa0;<b>vavṛtus</b> <i>etc. </i><sub>V.+ </sub>&#xa0;<b>vāvárta</b> &#xa0;<b>vāvṛtús</b> &#xa0;<b>vavṛte</b> <i>etc. </i><sub>U.+ </sub>&#xa0;<b>vāvṛté</b> &#xa0;</p><p>
<i>aorist: </i>[1.] <b>avart</b> <i>etc. </i>&#xa0;<b>vártat</b> &#xa0;<b>vartta</b> &#xa0;<b>avṛtran</b> &#xa0; -- [2.] <b>avṛtat</b> <i>etc. </i>&#xa0; -- [3.] <b>avīvṛtat</b> <i>etc. </i>&#xa0;<b>avavartat</b> &#xa0; -- [4.] <b>avṛtsan</b> &#xa0;<b>avṛtsata</b> &#xa0; -- [5.] <b>vartitā</b> &#xa0;</p><p>
<i>verbal: </i><b>vṛttá</b> <sub>V.+ </sub>&#xa0;<b>vartitum</b> <sub>E.+ </sub>&#xa0;<b>-vṛ́tya</b> <sub>V.+ </sub>&#xa0;<b>-vṛ́te</b> &#xa0;<b>-vṛ́tas</b> &#xa0;<b>-vártam</b> <sub>B.+ </sub>&#xa0;</p><p>
<i>secondary: </i><i>intensive</i>: <b>várvartti</b> <i>etc. </i>&#xa0;<b>várvṛtāna</b> &#xa0;<b>varīvartti</b> <i>etc. </i>&#xa0;<b>avarīvur</b> &#xa0;<b>varīvṛtyate</b> &#xa0; -- <i>desiderative</i>: <b>vívṛtsati</b> <i>etc. </i>&#xa0;<b>vívṛtsate</b> &#xa0;<b>vivartiṣa-</b> &#xa0; -- <i>causative</i>: <b>vartayati</b> &#xa0;<b>vartayate</b> <i>etc. </i><sub>V.+ </sub>&#xa0;<b>vartayádhyai</b> &#xa0;<b>vartyate</b> <i>etc. </i><sub>B.+ </sub>&#xa0;</p><p>
<i>derivatives: </i><b>vṛ́t</b> <sub>V.+ </sub>&#xa0;<b>vṛ/tā</b> <sub>RV. </sub>&#xa0;<b>-varta</b> <sub>V.+ </sub>&#xa0;<b>vartaka</b> <sub>V.+ </sub>&#xa0;<b>vartin</b> <sub>V.+ </sub>&#xa0;<b>-vartya</b> <sub>E.+ </sub>&#xa0;<b>vratá</b> <sub>V.+ </sub>&#xa0;<b>vráta</b> <sub>AV. </sub>&#xa0;<b>vártana</b> <sub>V.+ </sub>&#xa0;<b>vartanīya</b> <sub>E.+ </sub>&#xa0;<b>vartaní</b> <sub>V.B.U. </sub>&#xa0;<b>vártas</b> <sub>VS. </sub>&#xa0;<b>varti</b> <sub>E.+ </sub>&#xa0;<b>vartís</b> <sub>RV. </sub>&#xa0;<b>vṛtti</b> <sub>B.+ </sub>&#xa0;<b>várttu</b> <sub>V.+ </sub>&#xa0;<b>-varttavya</b> <sub>E. </sub>&#xa0;<b>vartitavya</b> <sub>E.+ </sub>&#xa0;<b>-vartitṛ</b> <sub>V.+ </sub>&#xa0;<b>vratáti</b> <sub>V.+ </sub>&#xa0;<b>vártman</b> <sub>V.+ </sub>&#xa0;<b>varīvṛtá</b> <sub>AV. </sub>&#xa0;<b>-vivṛtsu</b> <sub>C. </sub>&#xa0;<b>-vartayitavya</b> <sub>E.+ </sub>&#xa0;<b>-vartayitṛ</b> <sub>C. </sub>&#xa0;</p><p>
Contracted in one or two forms with <b>anu</b> to <b>anvart</b>: see &#x221a;<b>ṛt</b>.</p></body>
</html>
