<!-- XHTML generated by dict script -->
<html>
<head>
<title>vic1</title>
<META HTTP-EQUIV="Content-Type" CONTENT="text/html; charset=utf-8"/>
<!--link rel="stylesheet" href="/Sanskrit/whitney/dict.css" /-->
</head>
<body><p><a href="index.htm">Index</a></p>
<p><table width="100%"><tr><td align="center" width="50%">Previous: <b><a href="vic.htm">vic</a></b></td><td align="center" width="50%">Next: <b><a href="vic2.htm">vic2</a></b></td></tr></table></p><hr />

<h2>&#x221a;vic1<i> 'sift'</i></h2><p>
<i>present: </i>[7.] <b>vinákti</b> <i>etc. </i><sub>V.+ </sub>&#xa0; -- [3.] <b>vivekṣi</b> &#xa0;</p><p>
<i>perfect: </i><b>viveca</b>? &#xa0;<b>viikvā́ṅs</b> &#xa0;</p><p>
[<i>aorist: </i><b>avīvicat</b> &#xa0;<b>avaikṣīt</b> &#xa0;]</p><p>
<i>future: </i>[1.] <b>vekṣyati</b> &#xa0; -- [2.] <b>vektā</b> &#xa0;</p><p>
<i>verbal: </i><b>vikta</b> <sub>B.+ </sub>&#xa0;<b>vektum</b> &#xa0;<b>-vicya</b> <sub>S.+ </sub>&#xa0;<b>-vecam</b> &#xa0;</p><p>
<i>secondary: </i><i>passive</i>: <b>vicyáte</b> <i>etc. </i><sub>AV.+ </sub>&#xa0; -- <i>intensive</i>: <b>vevekti</b> &#xa0; -- <i>causative</i>: <b>vecayati</b> <i>etc. </i>&#xa0;</p><p>
<i>derivatives: </i><b>-veka</b> <sub>U.+ </sub>&#xa0;<b>-vekin</b> <sub>C. </sub>&#xa0;<b>-vekya</b> <sub>C. </sub>&#xa0;<b>-vecaka</b> <sub>C. </sub>&#xa0;<b>-vecana</b> <sub>E.+ </sub>&#xa0;<b>-vikti</b> <sub>B.+ </sub>&#xa0;<b>-vektavya</b> <sub>C. </sub>&#xa0;<b>-vektṛ</b> <sub>C. </sub>&#xa0;<b>vívici</b> <sub>V.B.S. </sub>&#xa0;</p></body>
</html>
