<!-- XHTML generated by dict script -->
<html>
<head>
<title>vij</title>
<META HTTP-EQUIV="Content-Type" CONTENT="text/html; charset=utf-8"/>
<!--link rel="stylesheet" href="/Sanskrit/whitney/dict.css" /-->
</head>
<body><p><a href="index.htm">Index</a></p>
<p><table width="100%"><tr><td align="center" width="50%">Previous: <b><a href="vic2.htm">vic2</a></b></td><td align="center" width="50%">Next: <b><a href="vid.htm">vid</a></b></td></tr></table></p><hr />

<h2>&#x221a;vij<i> 'tremble'</i></h2><p>
<i>present: </i>[6.] <b>vijáte</b> <i>etc. </i><sub>V.+ </sub>&#xa0;<b>vijáti</b> <i>etc. </i><sub>E.+ </sub>&#xa0; -- [1.] <b>vejate</b> &#xa0;</p><p>
<i>perfect: </i><b>vivije</b> <i>etc. </i><sub>V.+ </sub>&#xa0;</p><p>
<i>aorist: </i><b>vikthās</b> &#xa0;<b>vikta</b> &#xa0; -- [3.] <b>vīvijas</b> &#xa0; -- [5.] <b>avijiṣṭa</b> &#xa0;</p><p>
<i>future: </i>[1.] <b>vijiṣyati</b> &#xa0;<b>vejiṣyati</b> &#xa0; -- [2.] <b>vijitā</b> &#xa0;</p><p>
<i>verbal: </i><b>vikta</b> &#xa0;<b>vigna</b> <sub>E.+ </sub>&#xa0;<b>vijitum</b> &#xa0;</p><p>
<i>secondary: </i><i>intensive</i>: <b>vevijyáte</b> &#xa0;<b>vévijāna</b> &#xa0; -- <i>desiderative</i>: <b>vivijiṣa-</b> &#xa0; -- <i>causative</i>: <b>vejayati</b> <i>etc. </i><sub>B.+ </sub>&#xa0;<b>vejayate</b> &#xa0;</p><p>
<i>derivatives: </i><b>víj</b> &#xa0;<b>véga</b> <sub>V.+ </sub>&#xa0;<b>-vejaka</b> <sub>C. </sub>&#xa0;<b>-vejin</b> <sub>C. </sub>&#xa0;<b>-vejana</b> <sub>C. </sub>&#xa0;<b>vigrá</b>? <sub>RV. </sub>&#xa0;<b>vevijá</b> <sub>RV. </sub>&#xa0;<b>vijitavya</b> <sub>C. </sub>&#xa0;</p></body>
</html>
