<!-- XHTML generated by dict script -->
<html>
<head>
<title>vrAD</title>
<META HTTP-EQUIV="Content-Type" CONTENT="text/html; charset=utf-8"/>
<!--link rel="stylesheet" href="/Sanskrit/whitney/dict.css" /-->
</head>
<body><p><a href="index.htm">Index</a></p>
<p><table width="100%"><tr><td align="center" width="50%">Previous: <b><a href="vraSc.htm">vraśc</a></b></td><td align="center" width="50%">Next: <b><a href="vrIq.htm">vrīḍ</a></b></td></tr></table></p><hr />

<h2>&#x221a;vrādh<i> 'stir up'</i></h2><p>
<i>present: </i>[1.] <b>vrādhanta</b> &#xa0;<b>vrā́dhant</b> &#xa0;</p></body>
</html>
