<!-- XHTML generated by dict script -->
<html>
<head>
<title>vrad</title>
<META HTTP-EQUIV="Content-Type" CONTENT="text/html; charset=utf-8"/>
<!--link rel="stylesheet" href="/Sanskrit/whitney/dict.css" /-->
</head>
<body><p><a href="index.htm">Index</a></p>
<p><table width="100%"><tr><td align="center" width="50%">Previous: <b><a href="vraj.htm">vraj</a></b></td><td align="center" width="50%">Next: <b><a href="vran.htm">vran</a></b></td></tr></table></p><hr />

<h2>&#x221a;vrad<i> 'weaken'</i></h2><p>
<i>present: </i>[1.] <b>avradanta</b> &#xa0;</p><p>
<i>derivatives: </i><b>vrandín</b> &#xa0;</p></body>
</html>
