<!-- XHTML generated by dict script -->
<html>
<head>
<title>vraj</title>
<META HTTP-EQUIV="Content-Type" CONTENT="text/html; charset=utf-8"/>
<!--link rel="stylesheet" href="/Sanskrit/whitney/dict.css" /-->
</head>
<body><p><a href="index.htm">Index</a></p>
<p><table width="100%"><tr><td align="center" width="50%">Previous: <b><a href="vyA.htm">vyā</a></b></td><td align="center" width="50%">Next: <b><a href="vrad.htm">vrad</a></b></td></tr></table></p><hr />

<h2>&#x221a;vraj<i> 'proceed'</i></h2><p>
<i>present: </i>[1.] <b>vrájati</b> <i>etc. </i><sub>V.+ </sub>&#xa0;<b>vrájate</b> &#xa0;</p><p>
<i>perfect: </i><b>vavrā́ja</b> <i>etc. </i><sub>V.+ </sub>&#xa0;</p><p>
<i>aorist: </i>[5.] <b>avrājīt</b> <i>etc. </i>&#xa0;</p><p>
<i>future: </i>[1.] <b>vrajiṣyati</b> <i>etc. </i><sub>B.+ </sub>&#xa0; -- [2.] <b>vrajitā</b> &#xa0;</p><p>
<i>verbal: </i><b>vrajita</b> <sub>B.+ </sub>&#xa0;<b>vrajitum</b> &#xa0;<b>vrajitvā</b> <sub>S.+ </sub>&#xa0;<b>-vrájya</b> <sub>B.+ </sub>&#xa0;<b>-vrājam</b> &#xa0;</p><p>
<i>secondary: </i><i>passive</i>: <b>vrajyate</b> &#xa0; -- <i>intensive</i>: <b>vāvraj-</b> &#xa0; -- <i>desiderative</i>: <b>vivrajiṣa-</b> &#xa0; -- <i>causative</i>: <b>vrājayati</b> <i>etc. </i><sub>B.+ </sub>&#xa0;<b>vrājyate</b> &#xa0;</p><p>
<i>derivatives: </i><b>-vrāj</b> <sub>E.+ </sub>&#xa0;<b>-vrajya</b> <sub>E.+ </sub>&#xa0;<b>vrajyā</b> <sub>E.+ </sub>&#xa0;<b>-vrāja</b> <sub>V.+ </sub>&#xa0;<b>-vrājaka</b> <sub>E.+ </sub>&#xa0;<b>-vrājin</b> <sub>B.+ </sub>&#xa0;<b>vrájana</b> <sub>V.+ </sub>&#xa0;<b>-vrājana</b> <sub>E. </sub>&#xa0;<b>-vivrajiṣu</b> <sub>C. </sub>&#xa0;</p></body>
</html>
