<!-- XHTML generated by dict script -->
<html>
<head>
<title>vrIq</title>
<META HTTP-EQUIV="Content-Type" CONTENT="text/html; charset=utf-8"/>
<!--link rel="stylesheet" href="/Sanskrit/whitney/dict.css" /-->
</head>
<body><p><a href="index.htm">Index</a></p>
<p><table width="100%"><tr><td align="center" width="50%">Previous: <b><a href="vrAD.htm">vrādh</a></b></td><td align="center" width="50%">Next: <b><a href="vruq.htm">vruḍ</a></b></td></tr></table></p><hr />

<h2>&#x221a;vrīḍ<i> 'be abashed'</i></h2><p>
<i>present: </i>[1.] <b>vrīḍate</b> <i>etc. </i><sub>E.+ </sub>&#xa0; -- [4.] <b>vrīḍyati</b> &#xa0;</p><p>
[<i>perfect: </i><b>vivrīḍa</b> &#xa0;<b>avrīḍīt</b> &#xa0;<b>vrīḍiṣyati</b> &#xa0;<b>vrīḍitā</b> &#xa0;]</p><p>
<i>verbal: </i><b>vrīḍita</b> <sub>E.+ </sub>&#xa0;</p><p>
<i>secondary: </i><i>causative</i>: <b>vrīḍayati</b> &#xa0;</p><p>
<i>derivatives: </i><b>vrīḍa</b> <sub>E.+ </sub>&#xa0;<b>vrīḍā</b> <sub>E.+ </sub>&#xa0;<b>vrīḍana</b> <sub>C. </sub>&#xa0;</p></body>
</html>
