<!-- XHTML generated by dict script -->
<html>
<head>
<title>vyA</title>
<META HTTP-EQUIV="Content-Type" CONTENT="text/html; charset=utf-8"/>
<!--link rel="stylesheet" href="/Sanskrit/whitney/dict.css" /-->
</head>
<body><p><a href="index.htm">Index</a></p>
<p><table width="100%"><tr><td align="center" width="50%">Previous: <b><a href="vyay.htm">vyay</a></b></td><td align="center" width="50%">Next: <b><a href="vraj.htm">vraj</a></b></td></tr></table></p><hr />

<h2>&#x221a;vyā<i> 'envelop'</i></h2><p>
<i>present: </i><b>vyáyati</b> &#xa0;<b>vyáyate</b> <i>etc. </i><sub>V.+ </sub>&#xa0;</p><p>
<i>perfect: </i><b>vivyathus</b> &#xa0;<b>vivyé</b> <i>etc. </i>&#xa0;<b>vivyāya</b> &#xa0;<b>vivyayitha</b> <i>etc. </i>&#xa0;<b>-vyayā́ṃ</b> &#xa0;<b>cakāra</b> &#xa0;</p><p>
<i>aorist: </i>[1.] <b>vīyāt</b> &#xa0; -- [2.] <b>ávyat</b> <i>etc. </i>&#xa0;<b>avyata</b> <i>etc. </i>&#xa0; -- [4.] <b>avyāsta</b> &#xa0;<b>vyāsīṣṭa</b> &#xa0; -- [6.] <b>avyāsīt</b> &#xa0;</p><p>
<i>future: </i>[1.] <b>vyāsyati</b> &#xa0;<b>vyāsyate</b> &#xa0;<b>vyayiṣye</b> &#xa0; -- [2.] <b>vyātā</b> &#xa0;</p><p>
<i>verbal: </i><b>vītá</b> <sub>V.+ </sub>&#xa0;<b>-vī́ya</b> &#xa0;<b>-vyāya</b> &#xa0;</p><p>
<i>secondary: </i><i>passive</i>: <b>vīyáte</b> &#xa0; -- <i>intensive</i>: <b>vāvyā-</b> &#xa0;<b>vevī-</b> &#xa0; -- <i>desiderative</i>: <b>vivyāsa-</b> &#xa0; -- <i>causative</i>: <b>vyāyaya-</b> &#xa0;</p><p>
<i>derivatives: </i><b>-vī</b> <sub>V.+ </sub>&#xa0;<b>-vyāya</b> <sub>B.S. </sub>&#xa0;<b>-vyāna</b> <sub>C. </sub>&#xa0;<b>-vyayana</b> <sub>B.S. </sub>&#xa0;</p></body>
</html>
