<!-- XHTML generated by dict script -->
<html>
<head>
<title>vyaT</title>
<META HTTP-EQUIV="Content-Type" CONTENT="text/html; charset=utf-8"/>
<!--link rel="stylesheet" href="/Sanskrit/whitney/dict.css" /-->
</head>
<body><p><a href="index.htm">Index</a></p>
<p><table width="100%"><tr><td align="center" width="50%">Previous: <b><a href="vyaj.htm">vyaj</a></b></td><td align="center" width="50%">Next: <b><a href="vyaD.htm">vyadh</a></b></td></tr></table></p><hr />

<h2>&#x221a;vyath<i> 'waver'</i></h2><p>
<i>present: </i>[1.] <b>vyáthate</b> <i>etc. </i><sub>V.+ </sub>&#xa0;<b>vyáthati</b> <i>etc. </i><sub>E.+ </sub>&#xa0;</p><p>
<i>perfect: </i><b>vivyathe</b> <sub>E.+ </sub>&#xa0;<b>vivyathus</b> &#xa0;</p><p>
<i>aorist: </i>[1.] <b>avyathi</b> &#xa0;<b>avyāthi</b> &#xa0; -- [3.] <b>vivyathas</b> &#xa0; -- [5.] <b>vyathiṣi</b> <i>etc. </i><sub>AV.+ </sub>&#xa0;<b>vyathiṣat</b> &#xa0;</p><p>
[<i>future: </i><b>vyathiṣyate</b> &#xa0;<b>vyathitā</b> &#xa0;]</p><p>
<i>verbal: </i><b>vyathitá</b> <sub>AV.+ </sub>&#xa0;<b>vyathiṣyai</b> &#xa0;</p><p>
<i>secondary: </i><i>intensive</i>: <b>vāvyath-</b> &#xa0; -- <i>desiderative</i>: <b>vivyathiṣa-</b> &#xa0; -- <i>causative</i>: <b>vyatháyati</b> <i>etc. </i><sub>V.+ </sub>&#xa0;<b>vyathayīs</b> &#xa0;<b>vyathyate</b> &#xa0;</p><p>
<i>derivatives: </i><b>vyathā</b> <sub>B.+ </sub>&#xa0;<b>vyathaka</b> <sub>C. </sub>&#xa0;<b>-vyathya</b> <sub>V.B. </sub>&#xa0;<b>vyathana</b> <sub>E.+ </sub>&#xa0;<b>vyáthi</b> <sub>V. </sub>&#xa0;<b>vyathí</b>? <sub>AV. </sub>&#xa0;<b>vyáthis</b> <sub>RV. </sub>&#xa0;<b>-vyātha</b> <sub>B. </sub>&#xa0;<b>vithurá</b> <sub>V.B.S. </sub>&#xa0;<b>vyathayitṛ</b> <sub>C. </sub>&#xa0;<b>-vyathin</b> <sub>C. </sub>&#xa0;</p></body>
</html>
