<!-- XHTML generated by dict script -->
<html>
<head>
<title>vyay</title>
<META HTTP-EQUIV="Content-Type" CONTENT="text/html; charset=utf-8"/>
<!--link rel="stylesheet" href="/Sanskrit/whitney/dict.css" /-->
</head>
<body><p><a href="index.htm">Index</a></p>
<p><table width="100%"><tr><td align="center" width="50%">Previous: <b><a href="vyaD.htm">vyadh</a></b></td><td align="center" width="50%">Next: <b><a href="vyA.htm">vyā</a></b></td></tr></table></p><hr />

<h2>&#x221a;vyay<i> 'expend'</i></h2><p>
<i>present: </i>[1.] <b>vyayati</b> &#xa0;<b>vyayate</b> <i>etc. </i>&#xa0;</p><p>
[<i>perfect: </i><b>vavyāya</b> &#xa0;<b>vavyaye</b> <i>etc. </i>&#xa0;]</p><p>
<i>verbal: </i><b>vyayita</b> &#xa0;</p><p>
Is only a conjugation of &#x221a;<b>i</b> + <b>vi</b>, or denominative of <b>vyaya</b>.</p></body>
</html>
