<!-- XHTML generated by dict script -->
<html>
<head>
<title>wIk</title>
<META HTTP-EQUIV="Content-Type" CONTENT="text/html; charset=utf-8"/>
<!--link rel="stylesheet" href="/Sanskrit/whitney/dict.css" /-->
</head>
<body><p><a href="index.htm">Index</a></p>
<p><table width="100%"><tr><td align="center" width="50%">Previous: <b><a href="wal.htm">ṭal</a></b></td><td align="center" width="50%">Next: <b><a href="wup.htm">ṭup</a></b></td></tr></table></p><hr />

<h2>&#x221a;ṭīk<i> 'trip'</i></h2><p>
<i>present: </i>[1.] <b>ṭīkate</b> &#xa0;</p><p>
A single late and doubtless artificial occurrence.  B&#246;. gives also <b>uṭṭīkita</b>, but without statement of authority.</p></body>
</html>
