<!-- XHTML generated by dict script -->
<html>
<head>
<title>yah</title>
<META HTTP-EQUIV="Content-Type" CONTENT="text/html; charset=utf-8"/>
<!--link rel="stylesheet" href="/Sanskrit/whitney/dict.css" /-->
</head>
<body><p><a href="index.htm">Index</a></p>
<p><table width="100%"><tr><td align="center" width="50%">Previous: <b><a href="yas.htm">yas</a></b></td><td align="center" width="50%">Next: <b><a href="yA.htm">yā</a></b></td></tr></table></p><hr />

<h2>&#x221a;yah</h2><p>
Such a root, of questionable meanng, is assumable for the derivatives:</p><b>yahú</b> <sub>RV. </sub>&#xa0;<b>yahvá</b> <sub>V. </sub>&#xa0;<b>yahvánt</b> <sub>RV. </sub>&#xa0;</body>
</html>
