<!-- XHTML generated by dict script -->
<html>
<head>
<title>yam</title>
<META HTTP-EQUIV="Content-Type" CONTENT="text/html; charset=utf-8"/>
<!--link rel="stylesheet" href="/Sanskrit/whitney/dict.css" /-->
</head>
<body><p><a href="index.htm">Index</a></p>
<p><table width="100%"><tr><td align="center" width="50%">Previous: <b><a href="yaB.htm">yabh</a></b></td><td align="center" width="50%">Next: <b><a href="yas.htm">yas</a></b></td></tr></table></p><hr />

<h2>&#x221a;yam<i> 'reach'</i></h2><p>
<i>present: </i>[1.] <b>yáchati</b> &#xa0;<b>yáchate</b> <i>etc. </i><sub>V.+ </sub>&#xa0; -- <b>yamati</b> &#xa0;<b>yamate</b> <i>etc. </i><sub>E.+ </sub>&#xa0; -- [2.] <b>yáṃsi</b> &#xa0;<b>yamiti</b>? &#xa0;</p><p>
<i>perfect: </i><b>yayāma</b> &#xa0;<b>yemús</b> <i>etc. </i>&#xa0;<b>yayaṃtha</b> &#xa0;<b>yamátus</b> &#xa0;<b>yamus</b> &#xa0;<b>yeme</b> <i>etc. </i><sub>V.+ </sub>&#xa0;</p><p>
<i>aorist: </i>[1.] <b>áyamus</b> <i>etc. </i>&#xa0;<b>yámati</b> &#xa0;<b>yámat</b> <i>etc. </i>&#xa0;<b>yamate</b> <i>etc. </i>&#xa0;<b>yamyās</b>  <font color="green">(3s.)</font> &#xa0;<b>yamīmahi</b> &#xa0;<b>yaṃdhí</b> <i>etc. </i>&#xa0;<b>áyāmi</b> &#xa0; -- [3.] <b>ayīyamat</b> &#xa0; -- [4.] <b>áyāṃsam</b> <i>etc. </i>&#xa0;<b>áyān</b> &#xa0;<b>yaṃsat</b> <i>etc. </i>&#xa0;<b>yaṃsatas</b> &#xa0;<b>áyaṃsta</b> <i>etc. </i>&#xa0;<b>ayāṃsi</b> &#xa0;<b>yaṃsate</b> &#xa0; -- [5.] <b>yámiṣṭa</b>  <font color="green">(3s.)</font> &#xa0; -- [6.] <b>ayaṃsiṣam</b> &#xa0;</p><p>
<i>future: </i>[1.] <b>yaṃsyáti</b> &#xa0;<b>yamiṣyati</b> &#xa0; -- [2.] <b>yaṃtā</b> &#xa0;</p><p>
<i>verbal: </i><b>yatá</b> <sub>V.+ </sub>&#xa0;<b>yáṃtum</b> <sub>B.+ </sub>&#xa0;<b>yáṃtave</b> &#xa0;<b>yamitum</b> &#xa0;<b>yámitavaí</b> &#xa0;<b>yatvā</b> &#xa0;<b>yamitvā</b> &#xa0;<b>-yátya</b> &#xa0;<b>-yamya</b> <sub>S.+ </sub>&#xa0;<b>-yámam</b> &#xa0;</p><p>
<i>secondary: </i><i>passive</i>: <b>yamyáte</b> <i>etc. </i><sub>V.+ </sub>&#xa0; -- <i>intensive</i>: <b>yaṅyamīti</b> &#xa0; -- <i>desiderative</i>: <b>yiyaṃsati</b> &#xa0; -- <i>causative</i>: <b>yāmáyati</b> <i>etc. </i>&#xa0;<b>yamayati</b> <i>etc. </i><sub>B.+ </sub>&#xa0;<b>yamayate</b> &#xa0;</p><p>
<i>derivatives: </i><b>yáma</b> <sub>V.+ </sub>&#xa0;<b>yamá</b>? <sub>V.+ </sub>&#xa0;<b>-yamaka</b> <sub>C. </sub>&#xa0;<b>yamin</b> <sub>B.+ </sub>&#xa0;<b>-yamya</b> <sub>E.+ </sub>&#xa0;<b>yámana</b> <sub>B.+ </sub>&#xa0;<b>yáti</b> <sub>V.+ </sub>&#xa0;<b>-yáṃtu</b> <sub>RV. </sub>&#xa0;<b>yaṃtavyà</b> <sub>B.+ </sub>&#xa0;<b>yaṃtúr</b> <sub>RV. </sub>&#xa0;<b>yaṃtṛ</b> <sub>V.+ </sub>&#xa0;<b>yaṃtrá</b> <sub>V.+ </sub>&#xa0;<b>yamúnā</b> <sub>V.+ </sub>&#xa0;<b>-yamīyas</b> <sub>RV. </sub>&#xa0;<b>yámiṣṭha</b> <sub>RV. </sub>&#xa0;<b>yamasāná</b> <sub>RV. </sub>&#xa0;<b>yā́ma</b> <sub>V.+ </sub>&#xa0;<b>yāmaka</b> <sub>B.+ </sub>&#xa0;<b>-yāmin</b> <sub>B.+ </sub>&#xa0;<b>-yāmana</b> <sub>C. </sub>&#xa0;<b>-yaṃsénya</b> <sub>RV. </sub>&#xa0;<b>-yachana</b> <sub>E. </sub>&#xa0;<b>yaṣṭí</b>? <sub>B.+ </sub>&#xa0;</p><p>
Compare &#x221a;<b>yaj</b> and &#x221a;<b>yat</b>.</p></body>
</html>
