<!-- XHTML generated by dict script -->
<html>
<head>
<title>yuj</title>
<META HTTP-EQUIV="Content-Type" CONTENT="text/html; charset=utf-8"/>
<!--link rel="stylesheet" href="/Sanskrit/whitney/dict.css" /-->
</head>
<body><p><a href="index.htm">Index</a></p>
<p><table width="100%"><tr><td align="center" width="50%">Previous: <b><a href="yuC.htm">yuch</a></b></td><td align="center" width="50%">Next: <b><a href="yuD.htm">yudh</a></b></td></tr></table></p><hr />

<h2>&#x221a;yuj<i> 'join'</i></h2><p>
<i>present: </i>[7.] <b>yunákti</b> &#xa0;<b>yuṅkté</b> <i>etc. </i><sub>V.+ </sub>&#xa0;<b>yunaṅkṣi</b>? &#xa0;<b>yuñjīyāt</b> &#xa0; -- <b>yuñjati</b> &#xa0;<b>yuñjate</b> <i>etc. </i>&#xa0; -- [2.] <b>yujé</b> &#xa0;<b>yujmahe</b> &#xa0;<b>yujata</b>  <font color="green">(3p.)</font> &#xa0;<b>yukṣvá</b> &#xa0;</p><p>
<i>perfect: </i><b>yuyója</b> &#xa0;<b>yuyujé</b> <i>etc. </i><sub>V.+ </sub>&#xa0;<b>yuyujma</b> &#xa0;<b>yuyujré</b> &#xa0;<b>niniyoja</b> &#xa0;<b>yuyójate</b> &#xa0;</p><p>
<i>aorist: </i>[1.] <b>áyuji</b> <i>etc. </i>&#xa0;<b>yojate</b> &#xa0;<b>yujāná</b> &#xa0;<b>yojam</b> <i>etc. </i>&#xa0;<b>áyoji</b> &#xa0; -- [2.] <b>yujanta</b> &#xa0;<b>ayujat</b> &#xa0;<b>ayujanta</b> &#xa0; -- [3.] <b>ayūyujat</b> <i>etc. </i><sub>E.+ </sub>&#xa0; -- [4.] <b>ayokṣīt</b> &#xa0;<b>ayaukṣīt</b> &#xa0;<b>ayukṣi</b> <i>etc. </i><sub>V.+ </sub>&#xa0;<b>ayuṅkṣmahi</b> &#xa0;</p><p>
<i>future: </i>[1.] <b>yokṣyati</b> <i>etc. </i><sub>B.+ </sub>&#xa0;<b>yokṣyate</b> <i>etc. </i><sub>AV.+ </sub>&#xa0; -- [2.] <b>yoktā́</b> &#xa0;</p><p>
<i>verbal: </i><b>yuktá</b> <sub>V.+ </sub>&#xa0;<b>yoktum</b> <sub>B.+ </sub>&#xa0;<b>yuktvā́</b> <sub>V.+ </sub>&#xa0;<b>yuktvā́ya</b> &#xa0;<b>-yujya</b> <sub>E.+ </sub>&#xa0;<b>yujé</b> &#xa0;</p><p>
<i>secondary: </i><i>passive</i>: <b>yujyáte</b> <i>etc. </i><sub>V.+ </sub>&#xa0;<b>yujyáti</b> <i>etc. </i><sub>E.+ </sub>&#xa0; -- <i>intensive</i>: <b>yoyuj-</b> &#xa0; -- <i>desiderative</i>: <b>yuyukṣati</b> <i>etc. </i><sub>E.+ </sub>&#xa0; -- <i>causative</i>: <b>yojayati</b> <i>etc. </i><sub>E.+ </sub>&#xa0;<b>yojayate</b> <i>etc. </i><sub>E.+ </sub>&#xa0;<b>yojyate</b> <i>etc. </i>&#xa0;</p><p>
<i>derivatives: </i><b>yúj</b> <sub>V.+ </sub>&#xa0;<b>-yuja</b> <sub>V.S. </sub>&#xa0;<b>yújya</b> <sub>V.B. </sub>&#xa0;<b>yugá</b> <sub>V.+ </sub>&#xa0;<b>yugya</b> <sub>E.+ </sub>&#xa0;<b>-yuṅga</b> <sub>B. </sub>&#xa0;<b>yuñjaka</b> <sub>E.+ </sub>&#xa0;<b>yóga</b> <sub>V.+ </sub>&#xa0;<b>yógya</b> <sub>AV.+ </sub>&#xa0;<b>yogyā́</b> <sub>RV. </sub>&#xa0;<b>yogin</b> <sub>S.+ </sub>&#xa0;<b>yojaka</b> <sub>E. </sub>&#xa0;<b>yojya</b> <sub>E.+ </sub>&#xa0;<b>yójana</b> <sub>V.+ </sub>&#xa0;<b>yojanīya</b> <sub>C. </sub>&#xa0;<b>yukti</b> <sub>V.+ </sub>&#xa0;<b>yoktavyà</b> <sub>B.+ </sub>&#xa0;<b>yoktṛ́</b> <sub>B.+ </sub>&#xa0;<b>yóktra</b> <sub>V.+ </sub>&#xa0;<b>yojitṛ</b> <sub>C. </sub>&#xa0;<b>yugma</b> <sub>S.+ </sub>&#xa0;<b>yugmán</b> <sub>B. </sub>&#xa0;<b>-yúgvan</b> <sub>V.B.S. </sub>&#xa0;<b>yuyukṣu</b> <sub>C. </sub>&#xa0;<b>yojayitavya</b> <sub>C. </sub>&#xa0;<b>yojayitṛ</b> <sub>S.C. </sub>&#xa0;</p></body>
</html>
