<!-- XHTML generated by dict script -->
<html>
<head>
<title>zWIv</title>
<META HTTP-EQUIV="Content-Type" CONTENT="text/html; charset=utf-8"/>
<!--link rel="stylesheet" href="/Sanskrit/whitney/dict.css" /-->
</head>
<body><p><a href="index.htm">Index</a></p>
<p><table width="100%"><tr><td align="center" width="50%">Previous: <b><a href="Svit.htm">śvit</a></b></td><td align="center" width="50%">Next: <b><a href="sakz.htm">sakṣ</a></b></td></tr></table></p><hr />

<h2>&#x221a;ṣṭhīv<i> 'spew'</i></h2><p>
<i>present: </i>[1.] <b>ṣṭhīvati</b> <i>etc. </i><sub>AV.+ </sub>&#xa0; -- [4.] <b>ṣṭhīvyati</b> &#xa0;</p><p>
<i>perfect: </i><b>tiṣṭheva</b> &#xa0;<b>ṭiṣṭheva</b> &#xa0;</p><p>
<i>aorist: </i>[5.] <b>aṣṭhaviṣam</b>? &#xa0;<b>aṣṭhevīt</b> &#xa0;</p><p>
[<i>future: </i><b>ṣṭheviṣyati</b> &#xa0;<b>ṣṭhevitā</b> &#xa0;]</p><p>
<i>verbal: </i><b>ṣṭhyūta</b> <sub>B.+ </sub>&#xa0;<b>ṣṭhīvita</b> &#xa0;<b>ṣṭhutvā</b> &#xa0;<b>-ṣṭhīvya</b> &#xa0;</p><p>
[<i>secondary: </i><i>intensive</i>: <b>teṣṭhīv-</b> &#xa0;<b>ṭeṣṭhīv-</b> &#xa0; -- <i>desiderative</i>: <b>tiṣṭhīviṣa-</b> &#xa0;<b>ṭiṣ-</b> &#xa0;<b>tuṣṭhyūṣaṭuṣ-</b> &#xa0; -- <i>causative</i>: <b>ṣṭhevayati</b> &#xa0;]</p></body>
</html>
