<?xml version="1.0"?>
<xml>
<n>FkAra</n>
<u>
<r><d><b>(H3) <f c="b">ṝ--kāra</f><f s="-1"> [p= <c h="0227-RSikalpa">227</c>,2]</f><f s="-1"> [L=39135]</f></b></d>
<d> <em><f c="1">m.</f></em> the letter or sound <f c="b">ṝ</f> <f c="1" s="-1"><a> TPra1t. </a></f>    </d></r>
</u>
<n>F</n>
<u>
<r><d><b>(H1) <f c="b">ṝ</f><f c="r"> 1</f><f s="-1"> [p= <c h="0227-RSikalpa">227</c>,2]</f><f s="-1"> [L=39134]</f></b></d>
<d> the eighth vowel of the alphabet  (the corresponding long vowel to <f c="b">ṛ</f> and resembling the sound of <f c="b">ri</f> in <f c="b">marine</f> , but after labials more like <f c="b">ru</f> ; it generally only appears in some forms of nouns in <f c="b">ṛ</f> , viz. in the  <q><f s="-1" c="1">gen.</f></q>  <q><f s="-1" c="1">pl.</f></q> of all genders , in the  <q><f s="-1" c="1">acc.</f></q>  <q><f s="-1" c="1">pl.</f></q>  <em><f c="1">m.</f></em> and  <em><f c="1">f.</f></em> and in  <q><f s="-1" c="1">nom.</f></q>  <q><f s="-1" c="1">acc.</f></q> and  <q><f s="-1" c="1">voc.</f></q>  <q><f s="-1" c="1">pl.</f></q>  <em><f c="1">n.</f></em>)   </d></r>
<r><d><b>(H1) <f c="b">ṝ</f><f c="r"> 2</f><f s="-1"> [L=39136]</f></b></d>
<d>  <em><f c="1">ind.</f></em> an interjection of terror <f c="1" s="-1"><a> L. </a></f>      </d></r>
<r><d><b><f s="-1"> [L=39136.1]</f></b></d>
<d>  a particle implying reproach      </d></r>
<r><d><b><f s="-1"> [L=39136.2]</f></b></d>
<d>  warding off <f c="1" s="-1"><a> L. </a></f>      </d></r>
<r><d><b><f s="-1"> [L=39136.3]</f></b></d>
<d>  a particle used at the beginning of a sentence <f c="1" s="-1"><a> L. </a></f>      </d></r>
<r><d><b>(H1) <f c="b">ṝ</f><f c="r"> 3</f><f s="-1"> [L=39137]</f></b></d>
<d> <em><f c="1">m.</f></em> a <f c="t">bhairava</f> <f c="1" s="-1"><a> L. </a></f>   </d></r>
<r><d><b><f s="-1"> [L=39138]</f></b></d>
<d>  a <f c="t">dānava</f> <f c="1" s="-1"><a> L. </a></f>   </d></r>
<r><d><b>(H1B) <f c="b">ṝ</f><f c="r"> 3</f><f s="-1"> [L=39139]</f></b></d>
<d> <em><f c="1">f.</f></em> the mother of the gods   </d></r>
<r><d><b>(H1B) <f c="b">ṝ</f><f c="r"> 3</f><f s="-1"> [L=39140]</f></b></d>
<d> <em><f c="1">f.</f></em> of the demons <f c="1" s="-1"><a> L. </a></f>    </d></r>
<r><d><b>(H1B) <f c="b">ṝ</f><f c="r"> 3</f><f s="-1"> [L=39141]</f></b></d>
<d> <em><f c="1">f.</f></em> recollection    </d></r>
<r><d><b>(H1B) <f c="b">ṝ</f><f c="r"> 3</f><f s="-1"> [L=39142]</f></b></d>
<d> <em><f c="1">f.</f></em> going , motion <f c="1" s="-1"><a> L. </a></f>    </d></r>
<r><d><b>(H1B) <f c="b">ṝ</f><f c="r"> 3</f><f s="-1"> [L=39143]</f></b></d>
<d> <em><f c="1">n.</f></em> a breast <f c="1" s="-1"><a> L. </a></f>     </d></r>
<r><d><b>(H1) <f c="b">ṝ</f><f c="r"> 4</f><f s="-1"> [L=39144]</f></b></d>
<d> for 4. <f c="b">ṛ</f> <q><f s="-1" c="1">q.v.</f></q>     </d></r>
</u>
</xml>
