<?xml version="1.0"?>
<xml>
<n>JAbuka</n>
<u>
<r><d><b>(H1) <f c="b">jhābuka</f><f s="-1"> [p= <c h="0429-jhallakaNTha">429</c>,1]</f><f s="-1"> [L=81090]</f></b></d>
<d> <em><f c="1">m.</f></em> <f c="p">=</f> <f c="b">jhāvuka</f> <f c="1" s="-1"><a> L. </a></f>    </d></r>
</u>
<n>JagaJagAya</n>
<u>
<r><d><b>(H1) <f c="b">jhagajhagāya</f><f s="-1"> [p= <c h="0428-jyotsnAkAlI">428</c>,3]</f><f s="-1"> [L=80963]</f></b></d>
<d> <em><f c="1">Nom.</f></em> <em><f c="1">A1.</f></em> (<q><f s="-1" c="1">p.</f></q> <f c="r">°</f><f c="b">yamāna</f>) to sparkle , flash <f c="1" s="-1"> Devi1P. ??</f>    </d></r>
</u>
<n>Jagiti</n>
<u>
<r><d><b>(H1) <f c="b">jhag-iti</f><f s="-1"> [p= <c h="0428-jyotsnAkAlI">428</c>,3]</f><f s="-1"> [L=80964]</f></b></d>
<d> <f c="p">=</f> <f c="b">jhaṭ-</f> <f c="1" s="-1"><a> Prasannar. </a></f>    </d></r>
</u>
<n>JakAra</n>
<u>
<r><d><b>(H3) <f c="b">jha--kāra</f><f s="-1"> [p= <c h="0428-jyotsnAkAlI">428</c>,2]</f><f s="-1"> [L=80953]</f></b></d>
<d> <em><f c="1">m.</f></em> the sound <f c="b">jha</f> <f c="1" s="-1"><a> W. </a></f>    </d></r>
</u>
<n>JalajJalA</n>
<u>
<r><d><b>(H1) <f c="b">jhalajjhalā</f><f s="-1"> [p= <c h="0428-jyotsnAkAlI">428</c>,3]</f><f s="-1"> [L=81034]</f></b></d>
<d> <em><f c="1">f.</f></em> (<q><f s="-1" c="1">onomat.</f></q>) the sound of falling drops <f c="1" s="-1"><a> Amar. </a></f> (<q><f s="-1" c="1">v.l.</f></q>)  </d></r>
<r><d><b><f s="-1"> [L=81035]</f></b></d>
<d>  the flapping of an elephant's ears (or of flaccid breasts <f s="-1"> &amp;c </f>) <f c="1" s="-1"><a> Ka1m. </a></f>     </d></r>
</u>
<n>JalakkA</n>
<u>
<r><d><b>(H1) <f c="b">jhalakkā</f><f s="-1"> [p= <c h="0428-jyotsnAkAlI">428</c>,3]</f><f s="-1"> [L=81033]</f></b></d>
<d> <f c="p">»</f> <f c="b">jvalakā</f>.    </d></r>
</u>
<n>JalarI</n>
<u>
<r><d><b>(H1) <f c="b">jhalarī</f><f s="-1"> [p= <c h="0428-jyotsnAkAlI">428</c>,3]</f><f s="-1"> [L=81036]</f></b></d>
<d> <em><f c="1">f.</f></em> <f c="p">=</f> <f c="b">jhallakī</f> <f c="1" s="-1"><a> L. </a></f> a curl <f c="1" s="-1"><a> L. </a></f>    </d></r>
</u>
<n>JAlarI</n>
<u>
<r><d><b>(H1) <f c="b">jhālarī</f><f s="-1"> [p= <c h="0429-jhallakaNTha">429</c>,1]</f><f s="-1"> [L=81094]</f></b></d>
<d> for <f c="b">jhāl</f> , a kind of drum <f c="1" s="-1"><a> W. </a></f>    </d></r>
</u>
<n>JalA</n>
<u>
<r><d><b>(H1) <f c="b">jhalā</f><f s="-1"> [p= <c h="0428-jyotsnAkAlI">428</c>,3]</f><f s="-1"> [L=81037]</f></b></d>
<d> <em><f c="1">f.</f></em> a girl <f c="1" s="-1"><a> L. </a></f>  </d></r>
<r><d><b><f s="-1"> [L=81038]</f></b></d>
<d>  sun-heat <f c="1" s="-1"><a> L. </a></f>   </d></r>
<r><d><b><f s="-1"> [L=81039]</f></b></d>
<d>   (<f c="p">=</f> <f c="b">jhillī</f>) a cricket (also <f c="b">jhālā</f> <f c="1" s="-1"><a> W. </a></f>) <f c="1" s="-1"><a> L. </a></f>     </d></r>
</u>
<n>JAlA</n>
<u>
<r><d><b>(H1) <f c="b">jhālā</f><f s="-1"> [p= <c h="0429-jhallakaNTha">429</c>,1]</f><f s="-1"> [L=81095]</f></b></d>
<d> <em><f c="1">f.</f></em> <f c="p">=</f> <f c="b">jhalā</f> , a cricket <f c="1" s="-1"><a> W. </a></f>    </d></r>
</u>
<n>Jali</n>
<u>
<r><d><b>(H1) <f c="b">jhali</f><f s="-1"> [p= <c h="0428-jyotsnAkAlI">428</c>,3]</f><f s="-1"> [L=81040]</f></b></d>
<d> <em><f c="1">f.</f></em> the areca-nut <f c="1" s="-1"><a> W. </a></f>    </d></r>
</u>
<n>JAli</n>
<u>
<r><d><b>(H1) <f c="b">jhāli</f><f s="-1"> [p= <c h="0429-jhallakaNTha">429</c>,1]</f><f s="-1"> [L=81096]</f></b></d>
<d> <em><f c="1">f.</f></em> sour or unripe mango fried with salt , mustard , and <f c="b" s="-1">Asa</f> <f c="b" s="-1">foetida</f> <f c="1" s="-1"><a> Bhpr. </a> v , 11 , 155.</f>    </d></r>
</u>
<n>JallakaRWa</n>
<u>
<r><d><b>(H3) <f c="b">jhalla--kaṇṭha</f><f s="-1"> [p= <c h="0429-jhallakaNTha">429</c>,1]</f><f s="-1"> [L=81043]</f></b></d>
<d> <em><f c="1">m.</f></em> <f c="p">=</f> <f c="b">jhillī-k</f><f c="r">°</f> <f c="1" s="-1"><a> L. </a></f>   </d></r>
</u>
<n>Jallaka</n>
<u>
<r><d><b>(H3) <f c="b">jhallaka</f><f s="-1"> [p= <c h="0429-jhallakaNTha">429</c>,1]</f><f s="-1"> [L=81044]</f></b></d>
<d> <em><f c="1">n.</f></em> cymbals <f c="1" s="-1"><a> Tithya1d. </a></f>  </d></r>
<r><d><b>(H3B) <f c="b">jhallakī</f><f s="-1"> [L=81045]</f></b></d>
<d> <em><f c="1">f.</f></em> a kind of drum <f c="1" s="-1"><a> L. </a></f>     </d></r>
</u>
<n>JallakI</n>
<u>
<r><d><b>(H3) <f c="b">jhallaka</f><f s="-1"> [p= <c h="0429-jhallakaNTha">429</c>,1]</f><f s="-1"> [L=81044]</f></b></d>
<d> <em><f c="1">n.</f></em> cymbals <f c="1" s="-1"><a> Tithya1d. </a></f>  </d></r>
<r><d><b>(H3B) <f c="b">jhallakī</f><f s="-1"> [L=81045]</f></b></d>
<d> <em><f c="1">f.</f></em> a kind of drum <f c="1" s="-1"><a> L. </a></f>     </d></r>
</u>
<n>JallanA</n>
<u>
<r><d><b>(H1) <f c="b">jhallanā</f><f s="-1"> [p= <c h="0429-jhallakaNTha">429</c>,1]</f><f s="-1"> [L=81046]</f></b></d>
<d> <em><f c="1">f.</f></em> <q><f s="-1" c="1">N.</f></q> of a Prakrit metre.    </d></r>
</u>
<n>JallarI</n>
<u>
<r><d><b>(H1) <f c="b">jhallarī</f><f s="-1"> [p= <c h="0429-jhallakaNTha">429</c>,1]</f><f s="-1"> [L=81047]</f></b></d>
<d> <em><f c="1">f.</f></em> a kind of musical instrument , sort of drum or cymbal (<q><f s="-1" c="1">cf.</f></q> <f c="b">jhalarī</f> , <f c="b">jharjharī</f>) <f c="1" s="-1"><a> Hariv. </a> iii , 52 , 2</f> <f c="1" s="-1"><a> Jain. </a></f> <f c="1" s="-1"><a> Ka1d. </a></f>  </d></r>
<r><d><b><f s="-1"> [L=81048]</f></b></d>
<d>  (<q><f s="-1" c="1">ifc.</f></q> <f c="r">°</f><f c="b">rīka</f>) <f c="1" s="-1"><a> Hcar. </a></f>   </d></r>
<r><d><b><f s="-1"> [L=81049]</f></b></d>
<d>  a curl <f c="1" s="-1"><a> L. </a></f>   </d></r>
<r><d><b><f s="-1"> [L=81050]</f></b></d>
<d>  moisture <f c="1" s="-1"><a> L. </a></f>   </d></r>
<r><d><b><f s="-1"> [L=81051]</f></b></d>
<d>  a ball <f s="-1"> &amp;c </f> of perfumed substances used for cleaning the hair <f c="1" s="-1"><a> L. </a> </f><q><f c="1" s="-1">Sch.</f></q>   </d></r>
<r><d><b><f s="-1"> [L=81052]</f></b></d>
<d>  <f c="p">=</f> <f c="b">śuddha</f> <f c="1" s="-1"><a> L. </a></f>     </d></r>
</u>
<n>Jalla</n>
<u>
<r><d><b>(H1) <f c="b">jhalla</f><f s="-1"> [p= <c h="0429-jhallakaNTha">429</c>,1]</f><f s="-1"> [L=81041]</f></b></d>
<d> <em><f c="1">m.</f></em> a prize-fighter , cudgel-player (offspring of an outcast <f c="t">kṣatriya</f>) <f c="1" s="-1"><a> Mn. </a> x , 22 ; xii , 45</f> <f c="1" s="-1"><a> MBh. </a> ii , 102</f>  </d></r>
<r><d><b>(H1B) <f c="b">jhallī</f><f s="-1"> [L=81042]</f></b></d>
<d> <em><f c="1">f.</f></em> <f c="p">=</f> <f c="r">°</f><f c="b">llakī</f> <f c="1" s="-1"><a> L. </a></f>    </d></r>
</u>
<n>JallikA</n>
<u>
<r><d><b>(H1) <f c="b">jhallikā</f><f s="-1"> [p= <c h="0429-jhallakaNTha">429</c>,1]</f><f s="-1"> [L=81053]</f></b></d>
<d> <em><f c="1">f.</f></em> a cloth used for applying colour or perfumes <f c="1" s="-1"><a> L. </a></f> (also <f c="b">jhill</f><f c="r">°</f> <f c="1" s="-1"><a> W. </a></f> ; <f c="b">jhillī</f> <f c="1" s="-1"><a> L. </a></f>)  </d></r>
<r><d><b><f s="-1"> [L=81054]</f></b></d>
<d>  dirt rubbed off the body by the application of perfumes  (also <f c="b">jhillakā</f> and <f c="b">jhillīkā</f>) <f c="1" s="-1"><a> L. </a></f>   </d></r>
<r><d><b><f s="-1"> [L=81055]</f></b></d>
<d>  light , sunshine  (also <f c="b">jhill</f><f c="r">°</f> , <f c="b">jhillī</f> and <f c="b">jhillīkā</f> ; <q><f s="-1" c="1">cf.</f></q> <f c="b">jhalā</f>) <f c="1" s="-1"><a> L. </a></f>     </d></r>
</u>
<n>JallIkA</n>
<u>
<r><d><b>(H1) <f c="b">jhallīkā</f><f s="-1"> [p= <c h="0429-jhallakaNTha">429</c>,1]</f><f s="-1"> [L=81056]</f></b></d>
<d> <em><f c="1">f.</f></em> <f c="p">=</f> <f c="b">jhillīka</f> <f c="1" s="-1"><a> Svapnac. </a></f>    </d></r>
</u>
<n>JallI</n>
<u>
<r><d><b>(H1) <f c="b">jhalla</f><f s="-1"> [p= <c h="0429-jhallakaNTha">429</c>,1]</f><f s="-1"> [L=81041]</f></b></d>
<d> <em><f c="1">m.</f></em> a prize-fighter , cudgel-player (offspring of an outcast <f c="t">kṣatriya</f>) <f c="1" s="-1"><a> Mn. </a> x , 22 ; xii , 45</f> <f c="1" s="-1"><a> MBh. </a> ii , 102</f>  </d></r>
<r><d><b>(H1B) <f c="b">jhallī</f><f s="-1"> [L=81042]</f></b></d>
<d> <em><f c="1">f.</f></em> <f c="p">=</f> <f c="r">°</f><f c="b">llakī</f> <f c="1" s="-1"><a> L. </a></f>    </d></r>
</u>
<n>JallIzaka</n>
<u>
<r><d><b>(H1) <f c="b">jhallīṣaka</f><f s="-1"> [p= <c h="0429-jhallakaNTha">429</c>,1]</f><f s="-1"> [L=81057]</f></b></d>
<d> a kind of musical instrument <f c="1" s="-1"><a> Hariv. </a> 8450.</f>    </d></r>
</u>
<n>Jallola</n>
<u>
<r><d><b>(H1) <f c="b">jhallola</f><f s="-1"> [p= <c h="0429-jhallakaNTha">429</c>,1]</f><f s="-1"> [L=81058]</f></b></d>
<d> <em><f c="1">m.</f></em> a ball at the lower end of a spindle <f c="1" s="-1"><a> L. </a></f>    </d></r>
</u>
<n>JAmaka</n>
<u>
<r><d><b>(H1) <f c="b">jhāmaka</f><f s="-1"> [p= <c h="0429-jhallakaNTha">429</c>,1]</f><f s="-1"> [L=81091]</f></b></d>
<d> <em><f c="1">n.</f></em> (fr. <f c="b">kṣāmá</f>) a burnt or vitrified brick <f c="1" s="-1"><a> L. </a></f>    </d></r>
</u>
<n>JAmara</n>
<u>
<r><d><b>(H1) <f c="b">jhāmara</f><f s="-1"> [p= <c h="0429-jhallakaNTha">429</c>,1]</f><f s="-1"> [L=81092]</f></b></d>
<d> <em><f c="1">m.</f></em> a small whetstone (used for sharpening spindles , needles , <f s="-1"> &amp;c </f>) <f c="1" s="-1"><a> L. </a></f>    </d></r>
</u>
<n>JAMkAra</n>
<u>
<r><d><b>(H3) <f c="b">jhāṃ--kāra</f><f s="-1"> [p= <c h="0429-jhallakaNTha">429</c>,1]</f><f s="-1"> [L=81076]</f></b></d>
<d> <em><f c="1">m.</f></em> a low murmuring (of kettle-drums) , <f c="1" s="-1"><a> Alam2ka1rat. </a></f> ,   </d></r>
</u>
<n>JAMkArin</n>
<u>
<r><d><b>(H3) <f c="b">jhāṃ--kārin</f><f s="-1"> [p= <c h="0429-jhallakaNTha">429</c>,1]</f><f s="-1"> [L=81077]</f></b></d>
<d> <em><f c="1">mfn.</f></em> <f c="p">=</f> <f c="b">jhaṃ-k</f><f c="r">°</f> <f c="1" s="-1"><a> Mcar. </a> iii , 48.</f>   </d></r>
</u>
<n>JAMkfta</n>
<u>
<r><d><b>(H3) <f c="b">jhāṃ--kṛta</f><f s="-1"> [p= <c h="0429-jhallakaNTha">429</c>,1]</f><f s="-1"> [L=81078]</f></b></d>
<d> <em><f c="1">n.</f></em> (<q><f s="-1" c="1">cf.</f></q> <f c="b">jhaṃ.k</f><f c="r">°</f>) a tinkling ornament worn round the toes or feet <f c="1" s="-1"><a> L. </a></f>    </d></r>
</u>
<n>JampAka</n>
<u>
<r><d><b>(H2) <f c="b">jhampāka</f><f s="-1"> [p= <c h="0428-jyotsnAkAlI">428</c>,3]</f><f s="-1"> [L=81006]</f></b></d>
<d> <em><f c="1">m.</f></em> " leaper " , an ape <f c="1" s="-1"><a> L. </a></f>    </d></r>
</u>
<n>JampAnritya</n>
<u>
<r><d><b>(H3) <f c="b">jhampā--nritya</f><f s="-1"> [p= <c h="0428-jyotsnAkAlI">428</c>,3]</f><f s="-1"> [L=81004]</f></b></d>
<d> <em><f c="1">n.</f></em> a kind of dance.   </d></r>
</u>
<n>Jampaqa</n>
<u>
<r><d><b>(H2) <f c="b">jhampaḍa</f><f s="-1"> [p= <c h="0428-jyotsnAkAlI">428</c>,3]</f><f s="-1"> [L=81000]</f></b></d>
<d> <em><f c="1">n.</f></em> (in music)  a kind of measure.    </d></r>
</u>
<n>JampAru</n>
<u>
<r><d><b>(H3) <f c="b">jham</f><f c="r">°</f> <f c="b">pāru</f><f s="-1"> [p= <c h="0428-jyotsnAkAlI">428</c>,3]</f><f s="-1"> [L=81007]</f></b></d>
<d> <em><f c="1">m.</f></em> " leaper " , an ape <f c="1" s="-1"><a> L. </a></f>    </d></r>
</u>
<n>JampASin</n>
<u>
<r><d><b>(H3) <f c="b">jhampā</f><f c="r">*</f> <f c="b">śin</f><f s="-1"> [p= <c h="0428-jyotsnAkAlI">428</c>,3]</f><f s="-1"> [L=81005]</f></b></d>
<d> <em><f c="1">m.</f></em> a kingfisher <f c="1" s="-1"><a> L. </a></f>    </d></r>
</u>
<n>JampAtAla</n>
<u>
<r><d><b>(H3) <f c="b">jhampā--tāla</f><f s="-1"> [p= <c h="0428-jyotsnAkAlI">428</c>,3]</f><f s="-1"> [L=81002]</f></b></d>
<d> <em><f c="1">m.</f></em> (in music)  a kind of measure  </d></r>
<r><d><b><f s="-1"> [L=81003]</f></b></d>
<d>  a kind of cymbal.    </d></r>
</u>
<n>Jampa</n>
<u>
<r><d><b>(H1) <f c="b">jhampa</f><f s="-1"> [p= <c h="0428-jyotsnAkAlI">428</c>,3]</f><f s="-1"> [L=80999]</f></b></d>
<d>  <em>mf.</em> a jump (<f c="r">°</f><f c="b">pam</f> , [<f c="1" s="-1"><a> Hit. </a></f>] or <f c="r">°</f><f c="b">pāṃ</f> [<f c="1" s="-1"><a> HParis3. </a></f> <f c="1" s="-1"><a> Ra1jat. </a> vii</f> <f c="1" s="-1"><a> Sin6ha7s. </a> xv , 4</f><f c="r">÷</f><f c="1" s="-1">5 xxi , 1</f><f c="r">÷</f><f c="1" s="-1">2</f>]  √ <f c="b">dā</f> , to make a jump  <q><f s="-1" c="1">ifc.</f></q> <f c="1" s="-1"><a> Katha1s. </a> lxi , 91 </f>) <f c="1" s="-1"><a> Vcar. </a> xvi.</f>     </d></r>
</u>
<n>JampA</n>
<u>
<r><d><b>(H2) <f c="b">jhampā</f><f s="-1"> [p= <c h="0428-jyotsnAkAlI">428</c>,3]</f><f s="-1"> [L=81001]</f></b></d>
<d> <em><f c="1">f.</f></em> of <f c="r">°</f><f c="b">pa</f> <q><f s="-1" c="1">q.v.</f></q>   </d></r>
</u>
<n>Jampin</n>
<u>
<r><d><b>(H2) <f c="b">jhampin</f><f s="-1"> [p= <c h="0428-jyotsnAkAlI">428</c>,3]</f><f s="-1"> [L=81008]</f></b></d>
<d> <em><f c="1">m.</f></em> <q><f s="-1" c="1">id.</f></q> <f c="1" s="-1"><a> L. </a></f>    </d></r>
</u>
<n>Jam</n>
<u>
<r><d><b>(H1) <f c="b">jham</f><f s="-1"> [p= <c h="0428-jyotsnAkAlI">428</c>,3]</f><f s="-1"> [L=80998]</f></b></d>
<d>  <em>cl.1 P.</em> =  √<f c="b">cham</f> , <f c="b">jam</f> <f c="1" s="-1"><a> Dha1tup. </a></f>    </d></r>
</u>
<n>JAM</n>
<u>
<r><d><b>(H2) <f c="b">jhāṃ</f><f s="-1"> [p= <c h="0429-jhallakaNTha">429</c>,1]</f><f s="-1"> [L=81075]</f></b></d>
<d> <em><f c="1">ind.</f></em> (<q><f s="-1" c="1">onomat.</f></q>) in <q><f s="-1" c="1">comp.</f></q>   </d></r>
</u>
<n>JanatkAra</n>
<u>
<r><d><b>(H1) <f c="b">jhanat-kāra</f><f s="-1"> [p= <c h="0428-jyotsnAkAlI">428</c>,3]</f><f s="-1"> [L=80997]</f></b></d>
<d> <f c="p">=</f> <f c="b">jhaṇat-</f> <f c="1" s="-1"><a> W. </a></f>    </d></r>
</u>
<n>JaNkAra</n>
<u>
<r><d><b>(H3) <f c="b">jhaṅ--kāra</f><f s="-1"> [p= <c h="0428-jyotsnAkAlI">428</c>,3]</f><f s="-1"> [L=80966]</f></b></d>
<d> <em><f c="1">m.</f></em> a low murmuring (buzzing of bees <f s="-1"> &amp;c </f>) , jingling , clanking <f c="1" s="-1"><a> Pan5cat. </a></f> <f c="1" s="-1"><a> Vikr. </a></f> <f c="1" s="-1"><a> Ka1d. </a></f> <f c="1" s="-1"><a> Bhartr2. </a> </f><f s="-1"> &amp;c </f>   </d></r>
</u>
<n>JaNkArin</n>
<u>
<r><d><b>(H3) <f c="b">jhaṅ--kārin</f><f s="-1"> [p= <c h="0428-jyotsnAkAlI">428</c>,3]</f><f s="-1"> [L=80968]</f></b></d>
<d> <em><f c="1">mfn.</f></em> murmuring , humming , <f s="-1"> &amp;c </f> <f c="1" s="-1"><a> Ka1d. </a> i , 251</f> <f c="1" s="-1"><a> Ma1lati1m. </a></f>   </d></r>
</u>
<n>JaNkArita</n>
<u>
<r><d><b>(H3) <f c="b">jhaṅ--kārita</f><f s="-1"> [p= <c h="0428-jyotsnAkAlI">428</c>,3]</f><f s="-1"> [L=80967]</f></b></d>
<d> <em><f c="1">n.</f></em> <q><f s="-1" c="1">id.</f></q> <f c="1" s="-1">i , 97</f> (<q><f s="-1" c="1">v.l.</f></q> <f c="b">ṭaṃ-k</f><f c="r">°</f>).   </d></r>
</u>
<n>JaNkfta</n>
<u>
<r><d><b>(H3) <f c="b">jhaṅ--kṛta</f><f s="-1"> [p= <c h="0428-jyotsnAkAlI">428</c>,3]</f><f s="-1"> [L=80969]</f></b></d>
<d>  <em><f c="1">n.</f></em> <q><f s="-1" c="1">pl.</f></q> <f c="p">=</f> <f c="b">-kāra</f> , <f c="1" s="-1"> Caitany. ??</f>     </d></r>
</u>
<n>JaNki</n>
<u>
<r><d><b>(H2) <f c="b">jhaṅki</f><f s="-1"> [p= <c h="1327">1327</c>,3]</f><f s="-1"> [p= <c h="1328">1328</c>,1]</f><f s="-1"> [L=332180]</f></b></d>
<d> <em><f c="1">f.</f></em> <q><f s="-1" c="1">N.</f></q> of a kind of <q><f s="-1" c="1">dram.</f></q>  entertainment (tableaux vivants).</d></r>
</u>
<n>JaNkI</n>
<u>
<r><d><b>(H2) <f c="b">jhaṅkī</f><f s="-1"> [p= <c h="1328">1328</c>,1]</f><f s="-1"> [p= <c h="1328">1328</c>,1]</f><f s="-1"> [L=332181]</f></b></d>
<d>  <em><f c="1">f.</f></em> <q><f s="-1" c="1">N.</f></q> of a kind of <q><f s="-1" c="1">dram.</f></q>  entertainment (tableaux vivants).</d></r>
</u>
<n>JaN</n>
<u>
<r><d><b>(H1) <f c="b">jhaṅ</f><f s="-1"> [p= <c h="0428-jyotsnAkAlI">428</c>,3]</f><f s="-1"> [L=80965]</f></b></d>
<d> <em><f c="1">ind.</f></em> (<q><f s="-1" c="1">onomat.</f></q>) in <q><f s="-1" c="1">comp.</f></q> (<q><f s="-1" c="1">cf.</f></q> 2. <f c="b">jha</f>).   </d></r>
</u>
<n>JaRaJaRArava</n>
<u>
<r><d><b>(H2) <f c="b">jhaṇajhaṇā-rava</f><f s="-1"> [p= <c h="0428-jyotsnAkAlI">428</c>,3]</f><f s="-1"> [L=80986]</f></b></d>
<d> <em><f c="1">m. </f></em><em><f c="1">pl.</f></em> tinkling <f c="1" s="-1"><a> Katha1s. </a> xxv.</f>    </d></r>
</u>
<n>JaRaJaRAya</n>
<u>
<r><d><b>(H2) <f c="b">jhaṇajhaṇāya</f><f s="-1"> [p= <c h="0428-jyotsnAkAlI">428</c>,3]</f><f s="-1"> [L=80984]</f></b></d>
<d> <em><f c="1">Nom.</f></em> <em><f c="1">A1.</f></em> (<q><f s="-1" c="1">p.</f></q> <f c="r">°</f><f c="b">yamāna</f>) to tinkle , jingle , rattle <f c="1" s="-1"><a> Ma1lati1m. </a> i , 25</f><f c="r">÷</f><f c="1" s="-1">26</f> <f c="1" s="-1"><a> Ka1d. </a></f> <f c="1" s="-1"><a> Hcar. </a></f>    </d></r>
</u>
<n>JaRaJaRAyita</n>
<u>
<r><d><b>(H2) <f c="b">jhaṇajhaṇāyita</f><f s="-1"> [p= <c h="0428-jyotsnAkAlI">428</c>,3]</f><f s="-1"> [L=80985]</f></b></d>
<d> <em><f c="1">mfn.</f></em> tinkling <f c="1" s="-1"><a> Uttarar. </a> v , 5.</f>    </d></r>
</u>
<n>JaRaJaRIBUta</n>
<u>
<r><d><b>(H2) <f c="b">jhaṇajhaṇī-bhūta</f><f s="-1"> [p= <c h="0428-jyotsnAkAlI">428</c>,3]</f><f s="-1"> [L=80987]</f></b></d>
<d> <em><f c="1">mfn.</f></em> rattling <f c="1" s="-1"><a> MBh. </a> vi.</f>    </d></r>
</u>
<n>JaRajJaRatkArin</n>
<u>
<r><d><b>(H2) <f c="b">jhaṇajjhaṇatkārin</f><f s="-1"> [p= <c h="1328">1328</c>,1]</f><f s="-1"> [L=332200]</f></b></d>
<d> <em><f c="1">mfn.</f></em> making a rattling or tisikling, <f c="1" s="-1"><a> Pracan2d2. </a></f></d></r>
</u>
<n>JaRajJaRita</n>
<u>
<r><d><b>(H2) <f c="b">jhaṇaj-jhaṇita</f><f s="-1"> [p= <c h="0428-jyotsnAkAlI">428</c>,3]</f><f s="-1"> [L=80983]</f></b></d>
<d> <em><f c="1">mfn.</f></em> tinkling <f c="1" s="-1"><a> Viddh. </a></f> <f c="1" s="-1"><a> HParis3. </a></f>    </d></r>
</u>
<n>JaraRodaka</n>
<u>
<r><d><b>(H2) <f c="b">jharaṇo</f><f c="r">*</f> <f c="b">daka</f><f s="-1"> [p= <c h="0428-jyotsnAkAlI">428</c>,3]</f><f s="-1"> [L=81014]</f></b></d>
<d> <em><f c="1">n.</f></em> water from a cascade <f c="1" s="-1"><a> Npr. </a></f>    </d></r>
</u>
<n>JarasI</n>
<u>
<r><d><b>(H1) <f c="b">jharasī</f><f s="-1"> [p= <c h="0428-jyotsnAkAlI">428</c>,3]</f><f s="-1"> [L=81016]</f></b></d>
<d> <em><f c="1">f.</f></em> <q><f s="-1" c="1">N.</f></q> of a pot-herb <f c="1" s="-1"><a> Npr. </a></f>    </d></r>
</u>
<n>JaRatkAra</n>
<u>
<r><d><b>(H2) <f c="b">jhaṇat-kāra</f><f s="-1"> [p= <c h="0428-jyotsnAkAlI">428</c>,3]</f><f s="-1"> [L=80988]</f></b></d>
<d> <em><f c="1">m.</f></em> jingling <f c="1" s="-1"><a> Prab. </a> ii , 34.</f>    </d></r>
</u>
<n>Jarat</n>
<u>
<r><d><b>(H2) <f c="b">jharat</f><f s="-1"> [p= <c h="0428-jyotsnAkAlI">428</c>,3]</f><f s="-1"> [L=81015]</f></b></d>
<d> <em><f c="1">mfn.</f></em> flowing or falling down (<q><f s="-1" c="1">cf.</f></q>  √ <f c="b">kṣar</f>) <f c="1" s="-1"><a> S3atr. </a> i , 41 and </f>(<f c="1" s="-1">?</f>)<f c="1" s="-1"> 44.</f>    </d></r>
</u>
<n>JaravAhalA</n>
<u>
<r><d><b>(H3) <f c="b">jhara--vāhalā</f><f s="-1"> [p= <c h="0428-jyotsnAkAlI">428</c>,3]</f><f s="-1"> [L=81013]</f></b></d>
<d> <em><f c="1">f.</f></em> <q><f s="-1" c="1">N.</f></q> of a river.    </d></r>
</u>
<n>Jara</n>
<u>
<r><d><b>(H1) <f c="b">jhara</f><f s="-1"> [p= <c h="0428-jyotsnAkAlI">428</c>,3]</f><f s="-1"> [L=81009]</f></b></d>
<d> <em><f c="1">m.</f></em> a water-fall <f c="1" s="-1"><a> L. </a></f>  </d></r>
<r><d><b>(H1B) <f c="b">jhara</f><f s="-1"> [L=81010]</f></b></d>
<d>  <em>f</em>(<f c="b">ā</f><em> , </em><f c="b">ī</f>)<em>.</em> id. <f c="1" s="-1"><a> Prab. </a> iv , 12</f>   </d></r>
<r><d><b>(H1B) <f c="b">jharī</f><f s="-1"> [L=81011]</f></b></d>
<d> <em><f c="1">f.</f></em> a river <f c="1" s="-1"><a> W. </a></f>   </d></r>
<r><d><b>(H1B) <f c="b">jhara</f><f s="-1"> [L=81012]</f></b></d>
<d> <em><f c="1">f.</f></em>  <q><f s="-1" c="1">cf.</f></q> <f c="b">mir-</f>.    </d></r>
</u>
<n>Jarc</n>
<u>
<r><d><b>(H1) <f c="b">jharc</f><f s="-1"> [p= <c h="0428-jyotsnAkAlI">428</c>,3]</f><f s="-1"> [L=81017]</f></b></d>
<d><p>  <f c="b">jharch</f>,<f c="b">jharjh</f> <em>cl.1.</em> <f c="r">°</f><f c="b">cati</f>,<f c="r">°</f><f c="b">chati</f>,<f c="r">°</f><f c="b">jhati</f> , to blame  (fr.  √ <f c="b">bharts</f>?) <f c="1" s="-1"><a> Dha1tup. </a> xvii , 66 and xxviii , 17</f> (<q><f s="-1" c="1">v.l.</f></q>) <f c="p"> ; </f></p><p> to injure <f c="1" s="-1">ib.</f>    </p></d></r>
</u>
<n>JarC</n>
<u>
<r><d><b>(H1) <f c="b">jharch</f><f s="-1"> [p= <c h="0428-jyotsnAkAlI">428</c>,3]</f><f s="-1"> [L=81017.1]</f></b></d>
<d><p>  <f c="b">jharc</f>,<f c="b">jharjh</f> <em>cl.1.</em> <f c="r">°</f><f c="b">cati</f>,<f c="r">°</f><f c="b">chati</f>,<f c="r">°</f><f c="b">jhati</f> , to blame  (fr.  √ <f c="b">bharts</f>?) <f c="1" s="-1"><a> Dha1tup. </a> xvii , 66 and xxviii , 17</f> (<q><f s="-1" c="1">v.l.</f></q>) <f c="p"> ; </f></p><p> to injure <f c="1" s="-1">ib.</f>    </p></d></r>
</u>
<n>JaRiti</n>
<u>
<r><d><b>(H2) <f c="b">jhaṇ-iti</f><f s="-1"> [p= <c h="0428-jyotsnAkAlI">428</c>,3]</f><f s="-1"> [L=80989]</f></b></d>
<d> <q><f s="-1" c="1">v.l.</f></q> for <f c="b">jhaṭ-</f> <f c="1" s="-1"><a> Ka1d. </a> viii , 15.</f>    </d></r>
</u>
<n>JarI</n>
<u>
<r><d><b>(H1) <f c="b">jhara</f><f s="-1"> [p= <c h="0428-jyotsnAkAlI">428</c>,3]</f><f s="-1"> [L=81009]</f></b></d>
<d> <em><f c="1">m.</f></em> a water-fall <f c="1" s="-1"><a> L. </a></f>  </d></r>
<r><d><b>(H1B) <f c="b">jhara</f><f s="-1"> [L=81010]</f></b></d>
<d>  <em>f</em>(<f c="b">ā</f><em> , </em><f c="b">ī</f>)<em>.</em> id. <f c="1" s="-1"><a> Prab. </a> iv , 12</f>   </d></r>
<r><d><b>(H1B) <f c="b">jharī</f><f s="-1"> [L=81011]</f></b></d>
<d> <em><f c="1">f.</f></em> a river <f c="1" s="-1"><a> W. </a></f>   </d></r>
<r><d><b>(H1B) <f c="b">jhara</f><f s="-1"> [L=81012]</f></b></d>
<d> <em><f c="1">f.</f></em>  <q><f s="-1" c="1">cf.</f></q> <f c="b">mir-</f>.    </d></r>
</u>
<n>JarJaraka</n>
<u>
<r><d><b>(H2) <f c="b">jharjharaka</f><f s="-1"> [p= <c h="0428-jyotsnAkAlI">428</c>,3]</f><f s="-1"> [L=81027]</f></b></d>
<d> <em><f c="1">m.</f></em> the <f c="t">kali-yuga</f> <f c="1" s="-1"><a> L. </a></f>  </d></r>
<r><d><b>(H2B) <f c="b">jharjharikā</f><f s="-1"> [L=81028]</f></b></d>
<d>  <em><f c="1">f.</f></em> bean-cake <f c="1" s="-1"><a> Bhpr. </a> v , 11 , 36.</f>      </d></r>
</u>
<n>JarJara</n>
<u>
<r><d><b>(H1) <f c="b">jharjhara</f><f s="-1"> [p= <c h="0428-jyotsnAkAlI">428</c>,3]</f><f s="-1"> [L=81018]</f></b></d>
<d> <em><f c="1">m.</f></em> a kind of drum <f c="1" s="-1"><a> MBh. </a> vi ff.</f> <f c="1" s="-1"><a> Pa1n2. </a> 4-4 , 56</f> <f c="1" s="-1"><a> Hariv. </a></f> <f c="1" s="-1"><a> R. </a> vi , 99 , 23</f>  </d></r>
<r><d><b><f s="-1"> [L=81019]</f></b></d>
<d>  a strainer <f c="1" s="-1"><a> Bhpr. </a> v , 11 , 125</f>   </d></r>
<r><d><b><f s="-1"> [L=81020]</f></b></d>
<d>   <f c="p">=</f> <f c="r">°</f><f c="b">raka</f> <f c="1" s="-1"><a> L. </a></f>   </d></r>
<r><d><b><f s="-1"> [L=81021]</f></b></d>
<d>  <q><f s="-1" c="1">N.</f></q> of a <f c="t">daitya</f> (son of <f c="t">hiraṇyā</f><f c="r">*</f><f c="t">kṣa</f>) <f c="1" s="-1"><a> Hariv. </a> 194</f>   </d></r>
<r><d><b><f s="-1"> [L=81022]</f></b></d>
<d>  of a river <f c="1" s="-1"><a> L. </a></f>   </d></r>
<r><d><b>(H1B) <f c="b">jharjhara</f><f s="-1"> [L=81023]</f></b></d>
<d> <em><f c="1">n.</f></em> a sound as of splashing or dropping <f c="1" s="-1"><a> W. </a></f>   </d></r>
<r><d><b>(H1B) <f c="b">jharjharā</f><f s="-1"> [L=81024]</f></b></d>
<d> <em><f c="1">f.</f></em> a harlot (<q><f s="-1" c="1">cf.</f></q> <f c="b">ṛccharā</f>) <f c="1" s="-1"><a> L. </a></f>    </d></r>
<r><d><b>(H1B) <f c="b">jharjharī</f><f s="-1"> [L=81025]</f></b></d>
<d> <em><f c="1">f.</f></em> a kind of drum <f c="1" s="-1"><a> Hariv. </a> 13212 and 15885</f>    </d></r>
<r><d><b>(H1B) <f c="b">jharjhara</f><f s="-1"> [L=81026]</f></b></d>
<d> <em><f c="1">n.</f></em> <f c="p">=</f> <f c="r">°</f><f c="b">rikā</f> <f c="1" s="-1"><a> Bhpr. </a> v , 11 , 37.</f>      </d></r>
</u>
<n>JarJarA</n>
<u>
<r><d><b>(H1) <f c="b">jharjhara</f><f s="-1"> [p= <c h="0428-jyotsnAkAlI">428</c>,3]</f><f s="-1"> [L=81018]</f></b></d>
<d> <em><f c="1">m.</f></em> a kind of drum <f c="1" s="-1"><a> MBh. </a> vi ff.</f> <f c="1" s="-1"><a> Pa1n2. </a> 4-4 , 56</f> <f c="1" s="-1"><a> Hariv. </a></f> <f c="1" s="-1"><a> R. </a> vi , 99 , 23</f>  </d></r>
<r><d><b><f s="-1"> [L=81019]</f></b></d>
<d>  a strainer <f c="1" s="-1"><a> Bhpr. </a> v , 11 , 125</f>   </d></r>
<r><d><b><f s="-1"> [L=81020]</f></b></d>
<d>   <f c="p">=</f> <f c="r">°</f><f c="b">raka</f> <f c="1" s="-1"><a> L. </a></f>   </d></r>
<r><d><b><f s="-1"> [L=81021]</f></b></d>
<d>  <q><f s="-1" c="1">N.</f></q> of a <f c="t">daitya</f> (son of <f c="t">hiraṇyā</f><f c="r">*</f><f c="t">kṣa</f>) <f c="1" s="-1"><a> Hariv. </a> 194</f>   </d></r>
<r><d><b><f s="-1"> [L=81022]</f></b></d>
<d>  of a river <f c="1" s="-1"><a> L. </a></f>   </d></r>
<r><d><b>(H1B) <f c="b">jharjhara</f><f s="-1"> [L=81023]</f></b></d>
<d> <em><f c="1">n.</f></em> a sound as of splashing or dropping <f c="1" s="-1"><a> W. </a></f>   </d></r>
<r><d><b>(H1B) <f c="b">jharjharā</f><f s="-1"> [L=81024]</f></b></d>
<d> <em><f c="1">f.</f></em> a harlot (<q><f s="-1" c="1">cf.</f></q> <f c="b">ṛccharā</f>) <f c="1" s="-1"><a> L. </a></f>    </d></r>
<r><d><b>(H1B) <f c="b">jharjharī</f><f s="-1"> [L=81025]</f></b></d>
<d> <em><f c="1">f.</f></em> a kind of drum <f c="1" s="-1"><a> Hariv. </a> 13212 and 15885</f>    </d></r>
<r><d><b>(H1B) <f c="b">jharjhara</f><f s="-1"> [L=81026]</f></b></d>
<d> <em><f c="1">n.</f></em> <f c="p">=</f> <f c="r">°</f><f c="b">rikā</f> <f c="1" s="-1"><a> Bhpr. </a> v , 11 , 37.</f>      </d></r>
</u>
<n>JArJara</n>
<u>
<r><d><b>(H1) <f c="b">jhārjhara</f><f s="-1"> [p= <c h="0429-jhallakaNTha">429</c>,1]</f><f s="-1"> [L=81093]</f></b></d>
<d>  <em><f c="1">m.</f></em> (fr. <f c="b">jharjhara</f>) a drummer , tabor-player <f c="1" s="-1"><a> Pa1n2. </a> 4-4 , 56.</f>    </d></r>
</u>
<n>JarJarikA</n>
<u>
<r><d><b>(H2) <f c="b">jharjharaka</f><f s="-1"> [p= <c h="0428-jyotsnAkAlI">428</c>,3]</f><f s="-1"> [L=81027]</f></b></d>
<d> <em><f c="1">m.</f></em> the <f c="t">kali-yuga</f> <f c="1" s="-1"><a> L. </a></f>  </d></r>
<r><d><b>(H2B) <f c="b">jharjharikā</f><f s="-1"> [L=81028]</f></b></d>
<d>  <em><f c="1">f.</f></em> bean-cake <f c="1" s="-1"><a> Bhpr. </a> v , 11 , 36.</f>      </d></r>
</u>
<n>JarJarIka</n>
<u>
<r><d><b>(H1) <f c="b">jharjharīka</f><f s="-1"> [p= <c h="0428-jyotsnAkAlI">428</c>,3]</f><f s="-1"> [L=81030]</f></b></d>
<d> <em>mn.</em> the body <f c="1" s="-1"><a> Un2. </a> iv , 20 </f><q><f c="1" s="-1">Sch.</f></q>  </d></r>
<r><d><b>(H1B) <f c="b">jharjharīka</f><f s="-1"> [L=81031]</f></b></d>
<d> <em><f c="1">m.</f></em> a region <f c="1" s="-1"><a> Un2vr2. </a></f>   </d></r>
<r><d><b>(H1B) <f c="b">jharjharīka</f><f s="-1"> [L=81032]</f></b></d>
<d> <em><f c="1">m.</f></em> a picture <f c="1" s="-1">ib.</f>      </d></r>
</u>
<n>JArJarika</n>
<u>
<r><d><b>(H1) <f c="b">jhārjharika</f><f s="-1"> [p= <c h="0429-jhallakaNTha">429</c>,1]</f><f s="-1"> [L=81093.1]</f></b></d>
<d>  <em><f c="1">m.</f></em> (fr. <f c="b">jharjhara</f>) a drummer , tabor-player <f c="1" s="-1"><a> Pa1n2. </a> 4-4 , 56.</f>     </d></r>
</u>
<n>JarJarin</n>
<u>
<r><d><b>(H3) <f c="b">jharjharin</f><f s="-1"> [p= <c h="0428-jyotsnAkAlI">428</c>,3]</f><f s="-1"> [L=81028.1]</f></b></d>
<d>  <em><f c="1">mfn.</f></em> furnished with a drum (<f c="t">śiva</f>) <f c="1" s="-1"><a> MBh. </a> xii , 10406.</f>     </d></r>
</u>
<n>JarJarita</n>
<u>
<r><d><b>(H1) <f c="b">jharjharita</f><f s="-1"> [p= <c h="0428-jyotsnAkAlI">428</c>,3]</f><f s="-1"> [L=81029]</f></b></d>
<d> <em><f c="1">mfn.</f></em> ( √ <f c="b">jhṝ</f>) worn , wasted , withered <f c="1" s="-1"><a> R. </a> iii , 16 , 26</f> <f c="1" s="-1"><a> Sarvad. </a></f> <f c="1" s="-1"><a> Priy. </a> i , 10.</f>    </d></r>
</u>
<n>JarJarI</n>
<u>
<r><d><b>(H1) <f c="b">jharjhara</f><f s="-1"> [p= <c h="0428-jyotsnAkAlI">428</c>,3]</f><f s="-1"> [L=81018]</f></b></d>
<d> <em><f c="1">m.</f></em> a kind of drum <f c="1" s="-1"><a> MBh. </a> vi ff.</f> <f c="1" s="-1"><a> Pa1n2. </a> 4-4 , 56</f> <f c="1" s="-1"><a> Hariv. </a></f> <f c="1" s="-1"><a> R. </a> vi , 99 , 23</f>  </d></r>
<r><d><b><f s="-1"> [L=81019]</f></b></d>
<d>  a strainer <f c="1" s="-1"><a> Bhpr. </a> v , 11 , 125</f>   </d></r>
<r><d><b><f s="-1"> [L=81020]</f></b></d>
<d>   <f c="p">=</f> <f c="r">°</f><f c="b">raka</f> <f c="1" s="-1"><a> L. </a></f>   </d></r>
<r><d><b><f s="-1"> [L=81021]</f></b></d>
<d>  <q><f s="-1" c="1">N.</f></q> of a <f c="t">daitya</f> (son of <f c="t">hiraṇyā</f><f c="r">*</f><f c="t">kṣa</f>) <f c="1" s="-1"><a> Hariv. </a> 194</f>   </d></r>
<r><d><b><f s="-1"> [L=81022]</f></b></d>
<d>  of a river <f c="1" s="-1"><a> L. </a></f>   </d></r>
<r><d><b>(H1B) <f c="b">jharjhara</f><f s="-1"> [L=81023]</f></b></d>
<d> <em><f c="1">n.</f></em> a sound as of splashing or dropping <f c="1" s="-1"><a> W. </a></f>   </d></r>
<r><d><b>(H1B) <f c="b">jharjharā</f><f s="-1"> [L=81024]</f></b></d>
<d> <em><f c="1">f.</f></em> a harlot (<q><f s="-1" c="1">cf.</f></q> <f c="b">ṛccharā</f>) <f c="1" s="-1"><a> L. </a></f>    </d></r>
<r><d><b>(H1B) <f c="b">jharjharī</f><f s="-1"> [L=81025]</f></b></d>
<d> <em><f c="1">f.</f></em> a kind of drum <f c="1" s="-1"><a> Hariv. </a> 13212 and 15885</f>    </d></r>
<r><d><b>(H1B) <f c="b">jharjhara</f><f s="-1"> [L=81026]</f></b></d>
<d> <em><f c="1">n.</f></em> <f c="p">=</f> <f c="r">°</f><f c="b">rikā</f> <f c="1" s="-1"><a> Bhpr. </a> v , 11 , 37.</f>      </d></r>
</u>
<n>JarJ</n>
<u>
<r><d><b>(H1) <f c="b">jharjh</f><f s="-1"> [p= <c h="0428-jyotsnAkAlI">428</c>,3]</f><f s="-1"> [L=81017.2]</f></b></d>
<d><p>  <f c="b">jharc</f>,<f c="b">jharch</f> <em>cl.1.</em> <f c="r">°</f><f c="b">cati</f>,<f c="r">°</f><f c="b">chati</f>,<f c="r">°</f><f c="b">jhati</f> , to blame  (fr.  √ <f c="b">bharts</f>?) <f c="1" s="-1"><a> Dha1tup. </a> xvii , 66 and xxviii , 17</f> (<q><f s="-1" c="1">v.l.</f></q>) <f c="p"> ; </f></p><p> to injure <f c="1" s="-1">ib.</f>    </p></d></r>
</u>
<n>JaRqI</n>
<u>
<r><d><b>(H3) <f c="b">jha</f><f c="r">°</f> <f c="b">ṇḍī</f><f s="-1"> [p= <c h="0428-jyotsnAkAlI">428</c>,3]</f><f s="-1"> [L=80993]</f></b></d>
<d> <em><f c="1">f.</f></em> a kind of grass <f c="1" s="-1"><a> L. </a></f>    </d></r>
</u>
<n>JaRquka</n>
<u>
<r><d><b>(H1) <f c="b">jhaṇḍuka</f><f s="-1"> [p= <c h="0428-jyotsnAkAlI">428</c>,3]</f><f s="-1"> [L=80994]</f></b></d>
<d> <em><f c="1">m.</f></em> <f c="p">=</f> <f c="r">°</f><f c="b">dū</f> <f c="1" s="-1"><a> L. </a></f>    </d></r>
</u>
<n>JaRqUka</n>
<u>
<r><d><b>(H3) <f c="b">jhaṇ</f><f c="r">°</f> <f c="b">ḍūka</f><f s="-1"> [p= <c h="0428-jyotsnAkAlI">428</c>,3]</f><f s="-1"> [L=80996]</f></b></d>
<d> <em><f c="1">m.</f></em> <f c="b" s="-1">Gomphrena</f> globosa <f c="1" s="-1"><a> L. </a></f>    </d></r>
</u>
<n>JaRqU</n>
<u>
<r><d><b>(H2) <f c="b">jhaṇḍū</f><f s="-1"> [p= <c h="0428-jyotsnAkAlI">428</c>,3]</f><f s="-1"> [L=80995]</f></b></d>
<d> <em><f c="1">f.</f></em>   </d></r>
</u>
<n>JaRwISa</n>
<u>
<r><d><b>(H3) <f c="b">jhaṇṭī</f><f c="r">*</f> <f c="b">śa</f><f s="-1"> [p= <c h="0428-jyotsnAkAlI">428</c>,3]</f><f s="-1"> [L=80991]</f></b></d>
<d> <em><f c="1">m.</f></em> = <f c="b">jha</f>2 <q><f s="-1" c="1">q.v.</f></q> <f c="1" s="-1"><a> L. </a></f>   </d></r>
</u>
<n>JaRwi</n>
<u>
<r><d><b>(H1) <f c="b">jhaṇṭi</f><f s="-1"> [p= <c h="0428-jyotsnAkAlI">428</c>,3]</f><f s="-1"> [L=80990]</f></b></d>
<d> <f c="p">»</f> <f c="b">hima-</f>.   </d></r>
</u>
<n>JaRwI</n>
<u>
<r><d><b>(H3) <f c="b">jhaṇṭī</f><f s="-1"> [p= <c h="0428-jyotsnAkAlI">428</c>,3]</f><f s="-1"> [L=80992]</f></b></d>
<d> <em><f c="1">f.</f></em> a kind of grass <f c="1" s="-1"><a> L. </a></f>    </d></r>
</u>
<n>JaR</n>
<u>
<r><d><b>(H1) <f c="b">jhaṇ</f><f s="-1"> [p= <c h="0428-jyotsnAkAlI">428</c>,3]</f><f s="-1"> [L=80982]</f></b></d>
<d>  <em>cl.1.</em> <f c="r">°</f><f c="b">ṇati</f> , to sound <f c="1" s="-1"><a> Hcar. </a> iv.</f>    </d></r>
</u>
<n>JAvuka</n>
<u>
<r><d><b>(H2) <f c="b">jhāvuka</f><f s="-1"> [p= <c h="0429-jhallakaNTha">429</c>,1]</f><f s="-1"> [L=81098]</f></b></d>
<d> <em><f c="1">m.</f></em>   </d></r>
</u>
<n>JAvu</n>
<u>
<r><d><b>(H1) <f c="b">jhāvu</f><f s="-1"> [p= <c h="0429-jhallakaNTha">429</c>,1]</f><f s="-1"> [L=81097]</f></b></d>
<d> <em><f c="1">m.</f></em> <f c="b" s="-1">Tamarix</f> <f c="b" s="-1">indica</f> <f c="1" s="-1"><a> L. </a></f>    </d></r>
</u>
<n>JAvU</n>
<u>
<r><d><b>(H3) <f c="b">jhā</f><f c="r">°</f> <f c="b">vū</f><f s="-1"> [p= <c h="0429-jhallakaNTha">429</c>,1]</f><f s="-1"> [L=81099]</f></b></d>
<d> <em><f c="1">f.</f></em> <q><f s="-1" c="1">id.</f></q> <f c="1" s="-1"><a> L. </a></f>    </d></r>
</u>
<n>JAwala</n>
<u>
<r><d><b>(H2) <f c="b">jhāṭala</f><f s="-1"> [p= <c h="0429-jhallakaNTha">429</c>,1]</f><f s="-1"> [L=81086]</f></b></d>
<d>   <em><f c="1">m.</f></em> <f c="b" s="-1">Bignonia suaveolens</f> <f c="1" s="-1"><a> L. </a></f>    </d></r>
</u>
<n>JAwali</n>
<u>
<r><d><b>(H2) <f c="b">jhāṭali</f><f s="-1"> [p= <c h="0429-jhallakaNTha">429</c>,1]</f><f s="-1"> [L=81086.1]</f></b></d>
<d>  <em><f c="1">m.</f></em> <f c="b" s="-1">Bignonia suaveolens</f> <f c="1" s="-1"><a> L. </a></f>     </d></r>
</u>
<n>JAwAmalA</n>
<u>
<r><d><b>(H3) <f c="b">jhāṭā</f><f c="r">*</f> <f c="b">malā</f><f s="-1"> [p= <c h="0429-jhallakaNTha">429</c>,1]</f><f s="-1"> [L=81084]</f></b></d>
<d> <em><f c="1">f.</f></em> <f c="p">=</f> <f c="r">°</f><f c="b">ṭikā</f> <f c="1" s="-1"><a> L. </a></f>   </d></r>
</u>
<n>JAwAstraka</n>
<u>
<r><d><b>(H3) <f c="b">jhāṭā</f><f c="r">*</f> <f c="b">straka</f><f s="-1"> [p= <c h="0429-jhallakaNTha">429</c>,1]</f><f s="-1"> [L=81085]</f></b></d>
<d> <em><f c="1">m.</f></em> the water-melon <f c="1" s="-1"><a> W. </a></f>    </d></r>
</u>
<n>JAwa</n>
<u>
<r><d><b>(H1) <f c="b">jhāṭa</f><f s="-1"> [p= <c h="0429-jhallakaNTha">429</c>,1]</f><f s="-1"> [L=81079]</f></b></d>
<d> <em><f c="1">m.</f></em> an arbour <f c="1" s="-1"><a> L. </a></f>  </d></r>
<r><d><b><f s="-1"> [L=81080]</f></b></d>
<d>  a forest (also  <em><f c="1">n.</f></em> <f c="1" s="-1"><a> W. </a></f>) <f c="1" s="-1"><a> L. </a></f>   </d></r>
<r><d><b><f s="-1"> [L=81081]</f></b></d>
<d>  cleaning sores <f c="1" s="-1"><a> L. </a></f>   </d></r>
<r><d><b>(H1B) <f c="b">jhāṭā</f><f s="-1"> [L=81082]</f></b></d>
<d> <em><f c="1">f.</f></em> <f c="p">=</f> <f c="r">°</f><f c="b">ṭikā</f> <f c="1" s="-1"><a> L. </a></f>   </d></r>
<r><d><b>(H1B) <f c="b">jhāṭā</f><f s="-1"> [L=81083]</f></b></d>
<d>  <em><f c="1">f.</f></em> a kind of jasmine <f c="1" s="-1"><a> L. </a></f>     </d></r>
</u>
<n>JAwA</n>
<u>
<r><d><b>(H1) <f c="b">jhāṭa</f><f s="-1"> [p= <c h="0429-jhallakaNTha">429</c>,1]</f><f s="-1"> [L=81079]</f></b></d>
<d> <em><f c="1">m.</f></em> an arbour <f c="1" s="-1"><a> L. </a></f>  </d></r>
<r><d><b><f s="-1"> [L=81080]</f></b></d>
<d>  a forest (also  <em><f c="1">n.</f></em> <f c="1" s="-1"><a> W. </a></f>) <f c="1" s="-1"><a> L. </a></f>   </d></r>
<r><d><b><f s="-1"> [L=81081]</f></b></d>
<d>  cleaning sores <f c="1" s="-1"><a> L. </a></f>   </d></r>
<r><d><b>(H1B) <f c="b">jhāṭā</f><f s="-1"> [L=81082]</f></b></d>
<d> <em><f c="1">f.</f></em> <f c="p">=</f> <f c="r">°</f><f c="b">ṭikā</f> <f c="1" s="-1"><a> L. </a></f>   </d></r>
<r><d><b>(H1B) <f c="b">jhāṭā</f><f s="-1"> [L=81083]</f></b></d>
<d>  <em><f c="1">f.</f></em> a kind of jasmine <f c="1" s="-1"><a> L. </a></f>     </d></r>
</u>
<n>JAwikA</n>
<u>
<r><d><b>(H2) <f c="b">jhāṭikā</f><f s="-1"> [p= <c h="0429-jhallakaNTha">429</c>,1]</f><f s="-1"> [L=81087]</f></b></d>
<d>   <em><f c="1">f.</f></em> <f c="b" s="-1">Flacourtia cataphracta</f> <f c="1" s="-1"><a> L. </a></f>    </d></r>
</u>
<n>JAwIkA</n>
<u>
<r><d><b>(H2) <f c="b">jhāṭīkā</f><f s="-1"> [p= <c h="0429-jhallakaNTha">429</c>,1]</f><f s="-1"> [L=81087.1]</f></b></d>
<d>  <em><f c="1">f.</f></em> <f c="b" s="-1">Flacourtia cataphracta</f> <f c="1" s="-1"><a> L. </a></f>     </d></r>
</u>
<n>Jawiti</n>
<u>
<r><d><b>(H1) <f c="b">jhaṭ-iti</f><f s="-1"> [p= <c h="0428-jyotsnAkAlI">428</c>,3]</f><f s="-1"> [L=80981]</f></b></d>
<d>  <em><f c="1">ind.</f></em> <q><f s="-1" c="1">onomat.</f></q> (<q><f s="-1" c="1">g.</f></q> <f c="b">svar-ādi</f> , not in <f c="1" s="-1"><a> Ka1s3. </a></f>) instantly , at once <f c="1" s="-1"><a> Bhartr2. </a> i , 69 and 95</f> <f c="1" s="-1"><a> Ratna7v. </a> i , 6</f> <f c="1" s="-1"><a> S3r2in3ga1r. </a></f> <f c="1" s="-1"><a> Katha1s. </a> vi , 118 ; ix</f> <f c="1" s="-1"><a> Ra1jat. </a> </f><f s="-1"> &amp;c </f>    </d></r>
<r><d><b>(H2) <f c="b">jhaṭiti</f><f s="-1"> [p= <c h="1328">1328</c>,1]</f><f s="-1"> [L=332190]</f></b></d>
<d> (repeated = "no sooner-than", <f c="1" s="-1"><a> Ma1lati1m. </a></f>).</d></r>
</u>
<n>Jawi</n>
<u>
<r><d><b>(H1) <f c="b">jhaṭi</f><f s="-1"> [p= <c h="0428-jyotsnAkAlI">428</c>,3]</f><f s="-1"> [L=80980]</f></b></d>
<d> <em><f c="1">m.</f></em> a shrub <f c="1" s="-1"><a> Un2. </a> iv , 117 </f><q><f c="1" s="-1">Sch.</f></q>    </d></r>
</u>
<n>JAwkArin</n>
<u>
<r><d><b>(H1) <f c="b">jhāṭ-kārin</f><f s="-1"> [p= <c h="0429-jhallakaNTha">429</c>,1]</f><f s="-1"> [L=81088]</f></b></d>
<d> <em><f c="1">mfn.</f></em> whistling (the wind) , <f c="1" s="-1"><a> Ven2is. </a> ii , 18</f>  </d></r>
<r><d><b><f s="-1"> [L=81089]</f></b></d>
<d>   <q><f s="-1" c="1">cf.</f></q> <f c="b">jhaṅ-k</f><f c="r">°</f><f c="b">ārin</f> and <f c="b">jhaṃ-k</f><f c="r">°</f>     </d></r>
</u>
<n>Jaw</n>
<u>
<r><d><b>(H1) <f c="b">jhaṭ</f><f s="-1"> [p= <c h="0428-jyotsnAkAlI">428</c>,3]</f><f s="-1"> [L=80979]</f></b></d>
<d><p>  <em>cl.1.</em> <f c="r">°</f><f c="b">ṭati</f> , to become entangled or intermixed <f c="1" s="-1"><a> Dha1tup. </a> ix , 19</f> <f c="p"> ; </f></p><p> <q><f s="-1" c="1">cf.</f></q> <f c="b">uj-jhaṭita</f>.    </p></d></r>
</u>
<n>Ja</n>
<u>
<r><d><b>(H1) <f c="b">jha</f><f c="r"> 1</f><f s="-1"> [p= <c h="0428-jyotsnAkAlI">428</c>,2]</f><f s="-1"> [L=80952]</f></b></d>
<d> the 9th consonant (aspirate of the preceding). =   </d></r>
<r><d><b>(H1) <f c="b">jha</f><f c="r"> 2</f><f s="-1"> [L=80954]</f></b></d>
<d> <em><f c="1">mfn.</f></em> asleep <f c="1" s="-1"><a> L. </a></f>   </d></r>
<r><d><b>(H1B) <f c="b">jha</f><f c="r"> 2</f><f s="-1"> [L=80955]</f></b></d>
<d> <em><f c="1">m.</f></em> playing a tune , beating time <f c="1" s="-1"><a> L. </a></f>   </d></r>
<r><d><b>(H1B) <f c="b">jha</f><f c="r"> 2</f><f s="-1"> [L=80956]</f></b></d>
<d> <em><f c="1">m.</f></em> a sound like the splashing of water or clashing of symbols , jingling , clanking <f c="1" s="-1"><a> L. </a></f>    </d></r>
<r><d><b>(H1B) <f c="b">jha</f><f c="r"> 2</f><f s="-1"> [L=80957]</f></b></d>
<d> <em><f c="1">m.</f></em> wind accompanied by rain <f c="1" s="-1"><a> L. </a></f>    </d></r>
<r><d><b>(H1B) <f c="b">jha</f><f c="r"> 2</f><f s="-1"> [L=80958]</f></b></d>
<d> <em><f c="1">m.</f></em> anything lost or mislaid <f c="1" s="-1"><a> L. </a></f>    </d></r>
<r><d><b>(H1B) <f c="b">jha</f><f c="r"> 2</f><f s="-1"> [L=80959]</f></b></d>
<d> <em><f c="1">m.</f></em> <f c="t">bṛhaspati</f> <f c="1" s="-1"><a> L. </a></f>    </d></r>
<r><d><b>(H1B) <f c="b">jha</f><f c="r"> 2</f><f s="-1"> [L=80960]</f></b></d>
<d> <em><f c="1">m.</f></em> <q><f s="-1" c="1">N.</f></q> of a chief of the <f c="t">daitya</f>s <f c="1" s="-1"><a> L. </a></f>    </d></r>
<r><d><b>(H1B) <f c="b">jha</f><f c="r"> 2</f><f s="-1"> [L=80961]</f></b></d>
<d> <em><f c="1">m.</f></em> <f c="p">=</f> <f c="b">jhaṇṭī</f><f c="r">*</f><f c="b">śa</f> <f c="1" s="-1"><a> L. </a></f>    </d></r>
<r><d><b>(H1B) <f c="b">jhā</f><f c="r"> 2</f><f s="-1"> [L=80962]</f></b></d>
<d> <em><f c="1">f.</f></em> a water-fall <f c="1" s="-1"><a> L. </a></f>      </d></r>
</u>
<n>JA</n>
<u>
<r><d><b>(H1) <f c="b">jha</f><f c="r"> 2</f><f s="-1"> [p= <c h="0428-jyotsnAkAlI">428</c>,2]</f><f s="-1"> [L=80954]</f></b></d>
<d> <em><f c="1">mfn.</f></em> asleep <f c="1" s="-1"><a> L. </a></f>  </d></r>
<r><d><b>(H1B) <f c="b">jha</f><f c="r"> 2</f><f s="-1"> [L=80955]</f></b></d>
<d> <em><f c="1">m.</f></em> playing a tune , beating time <f c="1" s="-1"><a> L. </a></f>   </d></r>
<r><d><b>(H1B) <f c="b">jha</f><f c="r"> 2</f><f s="-1"> [L=80956]</f></b></d>
<d> <em><f c="1">m.</f></em> a sound like the splashing of water or clashing of symbols , jingling , clanking <f c="1" s="-1"><a> L. </a></f>    </d></r>
<r><d><b>(H1B) <f c="b">jha</f><f c="r"> 2</f><f s="-1"> [L=80957]</f></b></d>
<d> <em><f c="1">m.</f></em> wind accompanied by rain <f c="1" s="-1"><a> L. </a></f>    </d></r>
<r><d><b>(H1B) <f c="b">jha</f><f c="r"> 2</f><f s="-1"> [L=80958]</f></b></d>
<d> <em><f c="1">m.</f></em> anything lost or mislaid <f c="1" s="-1"><a> L. </a></f>    </d></r>
<r><d><b>(H1B) <f c="b">jha</f><f c="r"> 2</f><f s="-1"> [L=80959]</f></b></d>
<d> <em><f c="1">m.</f></em> <f c="t">bṛhaspati</f> <f c="1" s="-1"><a> L. </a></f>    </d></r>
<r><d><b>(H1B) <f c="b">jha</f><f c="r"> 2</f><f s="-1"> [L=80960]</f></b></d>
<d> <em><f c="1">m.</f></em> <q><f s="-1" c="1">N.</f></q> of a chief of the <f c="t">daitya</f>s <f c="1" s="-1"><a> L. </a></f>    </d></r>
<r><d><b>(H1B) <f c="b">jha</f><f c="r"> 2</f><f s="-1"> [L=80961]</f></b></d>
<d> <em><f c="1">m.</f></em> <f c="p">=</f> <f c="b">jhaṇṭī</f><f c="r">*</f><f c="b">śa</f> <f c="1" s="-1"><a> L. </a></f>    </d></r>
<r><d><b>(H1B) <f c="b">jhā</f><f c="r"> 2</f><f s="-1"> [L=80962]</f></b></d>
<d> <em><f c="1">f.</f></em> a water-fall <f c="1" s="-1"><a> L. </a></f>      </d></r>
</u>
<n>JaYJAmAruta</n>
<u>
<r><d><b>(H3) <f c="b">jhañjhā--māruta</f><f s="-1"> [p= <c h="0428-jyotsnAkAlI">428</c>,3]</f><f s="-1"> [L=80977]</f></b></d>
<d> <em><f c="1">m.</f></em> <q><f s="-1" c="1">id.</f></q> <f c="1" s="-1"><a> Pa1rs3van. </a> vi , 52.</f>   </d></r>
</u>
<n>JaYJAmarut</n>
<u>
<r><d><b>(H3) <f c="b">jhañjhā--marut</f><f s="-1"> [p= <c h="0428-jyotsnAkAlI">428</c>,3]</f><f s="-1"> [L=80976]</f></b></d>
<d> <em><f c="1">m.</f></em> <q><f s="-1" c="1">id.</f></q> <f c="1" s="-1"><a> Amar. </a></f>   </d></r>
</u>
<n>JaYJana</n>
<u>
<r><d><b>(H2) <f c="b">jhañjhana</f><f s="-1"> [p= <c h="0428-jyotsnAkAlI">428</c>,3]</f><f s="-1"> [L=80970]</f></b></d>
<d> <em><f c="1">n.</f></em> jingling , clanking <f c="1" s="-1"><a> W. </a></f>    </d></r>
</u>
<n>JaYJAnila</n>
<u>
<r><d><b>(H3) <f c="b">jhañjhā--</f><f c="r">°</f> <f c="b">nila</f><f s="-1"> [p= <c h="0428-jyotsnAkAlI">428</c>,3]</f><f s="-1"> [L=80975]</f></b></d>
<d> (<f c="r">°</f><f c="b">jhā</f><f c="r">*</f><f c="b">n</f><f c="r">°</f>) <em><f c="1">m.</f></em> wind with rain , high wind in the rainy season <f c="1" s="-1"><a> Ka1s3i1Kh. </a> lxxxviii , 98.</f>   </d></r>
</u>
<n>JaYJAvAta</n>
<u>
<r><d><b>(H3) <f c="b">jhañjhā--vāta</f><f s="-1"> [p= <c h="0428-jyotsnAkAlI">428</c>,3]</f><f s="-1"> [L=80978]</f></b></d>
<d> <em><f c="1">m.</f></em> <q><f s="-1" c="1">id.</f></q> <f c="1" s="-1"><a> L. </a></f>    </d></r>
</u>
<n>JaYJA</n>
<u>
<r><d><b>(H2) <f c="b">jhañjhā</f><f s="-1"> [p= <c h="0428-jyotsnAkAlI">428</c>,3]</f><f s="-1"> [L=80971]</f></b></d>
<d> <em><f c="1">f.</f></em> the noise of the wind or of falling rain <f c="1" s="-1"><a> L. </a></f>  </d></r>
<r><d><b><f s="-1"> [L=80972]</f></b></d>
<d>  wind and rain , hurricane <f c="1" s="-1"><a> L. </a></f>   </d></r>
<r><d><b><f s="-1"> [L=80973]</f></b></d>
<d>  raining in large drops <f c="1" s="-1"><a> W. </a></f>   </d></r>
<r><d><b><f s="-1"> [L=80974]</f></b></d>
<d>  a stray <f c="1" s="-1"><a> W. </a></f>    </d></r>
</u>
<n>JazaDvaja</n>
<u>
<r><d><b>(H3) <f c="b">jhaṣá--dhvaja</f><f s="-1"> [p= <c h="0429-jhallakaNTha">429</c>,1]</f><f s="-1"> [L=81069]</f></b></d>
<d> <em><f c="1">m.</f></em> " fish-symboled " , the god of love , love , <f c="1" s="-1"><a> Bhat2t2. </a> viii , 48.</f>   </d></r>
</u>
<n>Jazaketana</n>
<u>
<r><d><b>(H3) <f c="b">jhaṣá--ketana</f><f s="-1"> [p= <c h="0429-jhallakaNTha">429</c>,1]</f><f s="-1"> [L=81067]</f></b></d>
<d> <em><f c="1">m.</f></em> <f c="p">=</f> <f c="b">-dhvaja</f> <f c="1" s="-1"><a> Bhartr2. </a></f> <f c="1" s="-1">Ratna7v</f> ,  </d></r>
<r><d><b><f s="-1"> [L=81068]</f></b></d>
<d>  " the god of love " and " the sea " <f c="1" s="-1"><a> Kuval. </a> 33.</f>    </d></r>
</u>
<n>Jazapitta</n>
<u>
<r><d><b>(H3) <f c="b">jhaṣá--pitta</f><f s="-1"> [p= <c h="0429-jhallakaNTha">429</c>,1]</f><f s="-1"> [L=81070]</f></b></d>
<d> <em><f c="1">n.</f></em> fish-bile <f c="1" s="-1"><a> VarBr2S. </a> l , 24.</f>   </d></r>
</u>
<n>JazarAja</n>
<u>
<r><d><b>(H3) <f c="b">jhaṣá--rāja</f><f s="-1"> [p= <c h="0429-jhallakaNTha">429</c>,1]</f><f s="-1"> [L=81071]</f></b></d>
<d> <em><f c="1">m.</f></em> a large fish <f c="1" s="-1"><a> BhP. </a> viii , 18 , 2.</f>   </d></r>
</u>
<n>JazASana</n>
<u>
<r><d><b>(H3) <f c="b">jhaṣā</f><f c="r">*</f> <f c="b">śana</f><f s="-1"> [p= <c h="0429-jhallakaNTha">429</c>,1]</f><f s="-1"> [L=81073]</f></b></d>
<d> <em><f c="1">m.</f></em> " fish-eater " , the Gangetic porpoise <f c="1" s="-1"><a> L. </a></f>   </d></r>
</u>
<n>JazaSrezWa</n>
<u>
<r><d><b>(H3) <f c="b">jhaṣá--śreṣṭha</f><f s="-1"> [p= <c h="0429-jhallakaNTha">429</c>,1]</f><f s="-1"> [L=81072]</f></b></d>
<d> <em><f c="1">m.</f></em> " most excellent fish " , the fish <f c="b" s="-1">Rohita</f> <f c="1" s="-1"><a> Bhpr. </a></f>   </d></r>
</u>
<n>Jaza</n>
<u>
<r><d><b>(H1) <f c="b">jhaṣá</f><f s="-1"> [p= <c h="0429-jhallakaNTha">429</c>,1]</f><f s="-1"> [L=81060]</f></b></d>
<d> <em><f c="1">m.</f></em> a large fish <f c="1" s="-1"><a> S3Br. </a> i , 8 , 14</f>  </d></r>
<r><d><b><f s="-1"> [L=81061]</f></b></d>
<d>  a fish <f c="1" s="-1"><a> MBh. </a></f> <f c="1" s="-1"><a> R. </a></f> <f c="1" s="-1"><a> VarBr2S. </a></f> <f c="1" s="-1"><a> BhP. </a></f>   </d></r>
<r><d><b><f s="-1"> [L=81062]</f></b></d>
<d>  the sign Pisces <f c="1" s="-1"><a> VarBr2S. </a></f> <f c="1" s="-1"><a> VarBr2. </a></f>   </d></r>
<r><d><b><f s="-1"> [L=81063]</f></b></d>
<d>  a forest , forest overgrown with grass <f c="1" s="-1"><a> L. </a></f>   </d></r>
<r><d><b><f s="-1"> [L=81064]</f></b></d>
<d>  sun-heat <f c="1" s="-1"><a> L. </a></f>   </d></r>
<r><d><b>(H1B) <f c="b">jhaṣá</f><f s="-1"> [L=81065]</f></b></d>
<d> <em><f c="1">n.</f></em> a desert <f c="1" s="-1"><a> L. </a></f>   </d></r>
<r><d><b>(H1B) <f c="b">jhaṣā</f><f s="-1"> [L=81066]</f></b></d>
<d> <em><f c="1">f.</f></em> <f c="b" s="-1">Uraria</f> lagopodioides <f c="1" s="-1"><a> L. </a></f>     </d></r>
</u>
<n>JazA</n>
<u>
<r><d><b>(H1) <f c="b">jhaṣá</f><f s="-1"> [p= <c h="0429-jhallakaNTha">429</c>,1]</f><f s="-1"> [L=81060]</f></b></d>
<d> <em><f c="1">m.</f></em> a large fish <f c="1" s="-1"><a> S3Br. </a> i , 8 , 14</f>  </d></r>
<r><d><b><f s="-1"> [L=81061]</f></b></d>
<d>  a fish <f c="1" s="-1"><a> MBh. </a></f> <f c="1" s="-1"><a> R. </a></f> <f c="1" s="-1"><a> VarBr2S. </a></f> <f c="1" s="-1"><a> BhP. </a></f>   </d></r>
<r><d><b><f s="-1"> [L=81062]</f></b></d>
<d>  the sign Pisces <f c="1" s="-1"><a> VarBr2S. </a></f> <f c="1" s="-1"><a> VarBr2. </a></f>   </d></r>
<r><d><b><f s="-1"> [L=81063]</f></b></d>
<d>  a forest , forest overgrown with grass <f c="1" s="-1"><a> L. </a></f>   </d></r>
<r><d><b><f s="-1"> [L=81064]</f></b></d>
<d>  sun-heat <f c="1" s="-1"><a> L. </a></f>   </d></r>
<r><d><b>(H1B) <f c="b">jhaṣá</f><f s="-1"> [L=81065]</f></b></d>
<d> <em><f c="1">n.</f></em> a desert <f c="1" s="-1"><a> L. </a></f>   </d></r>
<r><d><b>(H1B) <f c="b">jhaṣā</f><f s="-1"> [L=81066]</f></b></d>
<d> <em><f c="1">f.</f></em> <f c="b" s="-1">Uraria</f> lagopodioides <f c="1" s="-1"><a> L. </a></f>     </d></r>
</u>
<n>JazodarI</n>
<u>
<r><d><b>(H3) <f c="b">jhaṣo</f><f c="r">*</f> <f c="b">darī</f><f s="-1"> [p= <c h="0429-jhallakaNTha">429</c>,1]</f><f s="-1"> [L=81074]</f></b></d>
<d> <em><f c="1">f.</f></em> <q><f s="-1" c="1">N.</f></q> of <f c="t">vyāsa</f>'s mother <f c="t">satyavatī</f> <f c="1" s="-1"><a> L. </a></f>    </d></r>
</u>
<n>Jaz</n>
<u>
<r><d><b>(H1) <f c="b">jhaṣ</f><f s="-1"> [p= <c h="0429-jhallakaNTha">429</c>,1]</f><f s="-1"> [L=81059]</f></b></d>
<d><p>  <em>cl.1.</em> <f c="r">°</f><f c="b">ṣati</f> , to hurt <f c="1" s="-1"><a> Dha1tup. </a> xvii , 38</f> <f c="p"> ; </f></p><p> (also  <em><f c="1">A1.</f></em>) to take ,  <f c="1" s="-1">xxi , 26</f> <f c="p"> ; </f></p><p> to cover <f c="1" s="-1">ib.</f>    </p></d></r>
</u>
<n>JF</n>
<u>
<r><d><b>(H1) <f c="b">jhṝ</f><f s="-1"> [p= <c h="0429-jhallakaNTha">429</c>,2]</f><f s="-1"> [L=81147]</f></b></d>
<d><p>  (=  √ <f c="b">jṝ</f>) <em>cl.4.9.</em> <f c="b">jhiryati</f> , <f c="b">jhriṇāti</f> , to become old <f c="1" s="-1"><a> Dha1tup. </a> xxvi , xxxi</f> <f c="p"> ; </f></p><p> <q><f s="-1" c="1">cf.</f></q> <f c="b">jharjharita</f>.    </p></d></r>
</u>
<n>JijjI</n>
<u>
<r><d><b>(H1) <f c="b">jhijjī</f><f s="-1"> [p= <c h="0429-jhallakaNTha">429</c>,1]</f><f s="-1"> [L=81103]</f></b></d>
<d> <em><f c="1">f.</f></em> <f c="p">=</f> <f c="b">jiñihī</f> <f c="1" s="-1"><a> W. </a></f>    </d></r>
</u>
<n>JillarI</n>
<u>
<r><d><b>(H3) <f c="b">jhillarī</f><f s="-1"> [p= <c h="0429-jhallakaNTha">429</c>,1]</f><f s="-1"> [L=81116]</f></b></d>
<d> <em><f c="1">f.</f></em> <q><f s="-1" c="1">id.</f></q> (? , or <f c="p">=</f> <f c="b">jhall</f><f c="r">°</f>) <f c="1" s="-1"><a> L. </a></f>   </d></r>
</u>
<n>JillIkaRWa</n>
<u>
<r><d><b>(H3) <f c="b">jhillī--kaṇṭha</f><f s="-1"> [p= <c h="0429-jhallakaNTha">429</c>,2]</f><f s="-1"> [L=81133]</f></b></d>
<d> <em><f c="1">m.</f></em> a domestic pigeon <f c="1" s="-1"><a> L. </a></f>   </d></r>
</u>
<n>Jillika</n>
<u>
<r><d><b>(H2) <f c="b">jhillika</f><f s="-1"> [p= <c h="0429-jhallakaNTha">429</c>,1]</f><f s="-1"> [L=81120]</f></b></d>
<d> <em><f c="1">m. </f></em><em><f c="1">pl.</f></em> <q><f s="-1" c="1">v.l.</f></q> for <f c="b">jill</f><f c="r">°</f> <q><f s="-1" c="1">q.v.</f></q>  </d></r>
<r><d><b>(H2B) <f c="b">jhillikā</f><f s="-1"> [p= <c h="0429-jhallakaNTha">429</c>,2]</f><f s="-1"> [L=81121]</f></b></d>
<d> <em><f c="1">f.</f></em> a cricket <f c="1" s="-1"><a> Nal. </a> xii , 1</f> <f c="1" s="-1"><a> R. </a></f>  </d></r>
<r><d><b>(H2B) <f c="b">jhillikā</f><f s="-1"> [L=81122]</f></b></d>
<d>  <em><f c="1">f.</f></em> a cricket's chirp <f c="1" s="-1"><a> L. </a></f>    </d></r>
<r><d><b>(H2B) <f c="b">jhillikā</f><f s="-1"> [L=81123]</f></b></d>
<d>  <em><f c="1">f.</f></em> a kind of vehicle <f c="1" s="-1"><a> Hariv. </a> ii , 88 , 63</f>    </d></r>
<r><d><b>(H2B) <f c="b">jhillikā</f><f s="-1"> [L=81124]</f></b></d>
<d>  <em><f c="1">f.</f></em>  <f c="p">=</f> <f c="b">jhall</f><f c="r">°</f> <q><f s="-1" c="1">q.v.</f></q> <f c="1" s="-1"><a> L. </a></f>    </d></r>
<r><d><b>(H2B) <f c="b">jhillikā</f><f s="-1"> [L=81125]</f></b></d>
<d>  <em><f c="1">f.</f></em>  <f c="p">=</f> <f c="b">jhiṇṭikā</f> <f c="1" s="-1"><a> L. </a></f>    </d></r>
<r><d><b>(H2B) <f c="b">jhillikā</f><f s="-1"> [L=81126]</f></b></d>
<d>  <em><f c="1">f.</f></em> membrane , parchment <f c="1" s="-1"><a> W. </a></f>      </d></r>
</u>
<n>JillikA</n>
<u>
<r><d><b>(H2) <f c="b">jhillika</f><f s="-1"> [p= <c h="0429-jhallakaNTha">429</c>,1]</f><f s="-1"> [L=81120]</f></b></d>
<d> <em><f c="1">m. </f></em><em><f c="1">pl.</f></em> <q><f s="-1" c="1">v.l.</f></q> for <f c="b">jill</f><f c="r">°</f> <q><f s="-1" c="1">q.v.</f></q>  </d></r>
<r><d><b>(H2B) <f c="b">jhillikā</f><f s="-1"> [p= <c h="0429-jhallakaNTha">429</c>,2]</f><f s="-1"> [L=81121]</f></b></d>
<d> <em><f c="1">f.</f></em> a cricket <f c="1" s="-1"><a> Nal. </a> xii , 1</f> <f c="1" s="-1"><a> R. </a></f>  </d></r>
<r><d><b>(H2B) <f c="b">jhillikā</f><f s="-1"> [L=81122]</f></b></d>
<d>  <em><f c="1">f.</f></em> a cricket's chirp <f c="1" s="-1"><a> L. </a></f>    </d></r>
<r><d><b>(H2B) <f c="b">jhillikā</f><f s="-1"> [L=81123]</f></b></d>
<d>  <em><f c="1">f.</f></em> a kind of vehicle <f c="1" s="-1"><a> Hariv. </a> ii , 88 , 63</f>    </d></r>
<r><d><b>(H2B) <f c="b">jhillikā</f><f s="-1"> [L=81124]</f></b></d>
<d>  <em><f c="1">f.</f></em>  <f c="p">=</f> <f c="b">jhall</f><f c="r">°</f> <q><f s="-1" c="1">q.v.</f></q> <f c="1" s="-1"><a> L. </a></f>    </d></r>
<r><d><b>(H2B) <f c="b">jhillikā</f><f s="-1"> [L=81125]</f></b></d>
<d>  <em><f c="1">f.</f></em>  <f c="p">=</f> <f c="b">jhiṇṭikā</f> <f c="1" s="-1"><a> L. </a></f>    </d></r>
<r><d><b>(H2B) <f c="b">jhillikā</f><f s="-1"> [L=81126]</f></b></d>
<d>  <em><f c="1">f.</f></em> membrane , parchment <f c="1" s="-1"><a> W. </a></f>      </d></r>
</u>
<n>JillIka</n>
<u>
<r><d><b>(H3) <f c="b">jhillīka</f><f s="-1"> [p= <c h="0429-jhallakaNTha">429</c>,2]</f><f s="-1"> [L=81134]</f></b></d>
<d> <em><f c="1">m.</f></em> a cricket <f c="1" s="-1"><a> MBh. </a> i , 2849</f>  </d></r>
<r><d><b>(H3B) <f c="b">jhillīkā</f><f s="-1"> [L=81135]</f></b></d>
<d> <em><f c="1">f.</f></em> <q><f s="-1" c="1">id.</f></q> <f c="1" s="-1"><a> L. </a></f>   </d></r>
<r><d><b>(H3B) <f c="b">jhillīka</f><f s="-1"> [L=81136]</f></b></d>
<d> <em><f c="1">f.</f></em>  <f c="p">=</f> <f c="b">jhallīkā</f> <q><f s="-1" c="1">q.v.</f></q> <f c="1" s="-1"><a> L. </a></f>     </d></r>
</u>
<n>JillIkA</n>
<u>
<r><d><b>(H3) <f c="b">jhillīka</f><f s="-1"> [p= <c h="0429-jhallakaNTha">429</c>,2]</f><f s="-1"> [L=81134]</f></b></d>
<d> <em><f c="1">m.</f></em> a cricket <f c="1" s="-1"><a> MBh. </a> i , 2849</f>  </d></r>
<r><d><b>(H3B) <f c="b">jhillīkā</f><f s="-1"> [L=81135]</f></b></d>
<d> <em><f c="1">f.</f></em> <q><f s="-1" c="1">id.</f></q> <f c="1" s="-1"><a> L. </a></f>   </d></r>
<r><d><b>(H3B) <f c="b">jhillīka</f><f s="-1"> [L=81136]</f></b></d>
<d> <em><f c="1">f.</f></em>  <f c="p">=</f> <f c="b">jhallīkā</f> <q><f s="-1" c="1">q.v.</f></q> <f c="1" s="-1"><a> L. </a></f>     </d></r>
</u>
<n>Jillin</n>
<u>
<r><d><b>(H1) <f c="b">jhillin</f><f s="-1"> [p= <c h="0429-jhallakaNTha">429</c>,2]</f><f s="-1"> [L=81137]</f></b></d>
<d> <q><f s="-1" c="1">N.</f></q> of a <f c="t">vṛṣṇi</f> <f c="1" s="-1"><a> MBh. </a> i , vii.</f>    </d></r>
</u>
<n>Jilli</n>
<u>
<r><d><b>(H3) <f c="b">jhilli</f><f s="-1"> [p= <c h="0429-jhallakaNTha">429</c>,1]</f><f s="-1"> [L=81117]</f></b></d>
<d> <em><f c="1">f.</f></em> <q><f s="-1" c="1">id.</f></q> <f c="1" s="-1"><a> Hariv. </a> 3497</f>  </d></r>
<r><d><b><f s="-1"> [L=81118]</f></b></d>
<d>  a kind of musical instrument <f c="1" s="-1"><a> L. </a></f>   </d></r>
<r><d><b><f s="-1"> [L=81119]</f></b></d>
<d>  parchment <f c="1" s="-1"><a> W. </a></f>     </d></r>
</u>
<n>JillI</n>
<u>
<r><d><b>(H2) <f c="b">jhillī</f><f s="-1"> [p= <c h="0429-jhallakaNTha">429</c>,2]</f><f s="-1"> [L=81127]</f></b></d>
<d> <em><f c="1">f.</f></em> a cricket <f c="1" s="-1"><a> BhP. </a> v</f>  </d></r>
<r><d><b><f s="-1"> [L=81128]</f></b></d>
<d>  the wick of a lamp <f c="1" s="-1"><a> L. </a></f>   </d></r>
<r><d><b><f s="-1"> [L=81129]</f></b></d>
<d>   <f c="p">=</f> <f c="b">jhallikā</f> <q><f s="-1" c="1">q.v.</f></q> <f c="1" s="-1"><a> L. </a></f>   </d></r>
<r><d><b><f s="-1"> [L=81130]</f></b></d>
<d>  rice burnt by cooking in a saucepan <f c="1" s="-1"><a> L. </a></f>   </d></r>
<r><d><b><f s="-1"> [L=81131]</f></b></d>
<d>  cymbals <f c="1" s="-1"><a> W. </a></f>   </d></r>
<r><d><b><f s="-1"> [L=81132]</f></b></d>
<d>  parchment <f c="1" s="-1"><a> W. </a></f>    </d></r>
</u>
<n>JiNgAka</n>
<u>
<r><d><b>(H1) <f c="b">jhiṅgāka</f><f s="-1"> [p= <c h="0429-jhallakaNTha">429</c>,1]</f><f s="-1"> [L=81100]</f></b></d>
<d> <em><f c="1">m.</f></em> <f c="b" s="-1">Luffa</f> acutang. <f c="1" s="-1"><a> L. </a></f>    </d></r>
</u>
<n>JiNginI</n>
<u>
<r><d><b>(H1) <f c="b">jhiṅginī</f><f s="-1"> [p= <c h="0429-jhallakaNTha">429</c>,1]</f><f s="-1"> [L=81101]</f></b></d>
<d>  <em><f c="1">f.</f></em> <f c="p">=</f> <f c="r">°</f><f c="b">gī</f> <f c="1" s="-1"><a> Bhpr. </a></f>     </d></r>
<r><d><b><f s="-1"> [L=81101.1]</f></b></d>
<d>  a torch <f c="1" s="-1"><a> L. </a></f>      </d></r>
</u>
<n>JiNgI</n>
<u>
<r><d><b>(H2) <f c="b">jhiṅgī</f><f s="-1"> [p= <c h="0429-jhallakaNTha">429</c>,1]</f><f s="-1"> [L=81102]</f></b></d>
<d> <em><f c="1">f.</f></em> <f c="p">=</f> <f c="b">jiṅginī</f> <f c="1" s="-1"><a> Bhpr. </a> v , 5 , 42.</f>    </d></r>
</u>
<n>JirikA</n>
<u>
<r><d><b>(H1) <f c="b">jhirikā</f><f s="-1"> [p= <c h="0429-jhallakaNTha">429</c>,1]</f><f s="-1"> [L=81113]</f></b></d>
<d>   <em><f c="1">f.</f></em> a cricket <f c="1" s="-1"><a> L. </a></f>    </d></r>
</u>
<n>JirIkA</n>
<u>
<r><d><b>(H2) <f c="b">jhirīkā</f><f s="-1"> [p= <c h="0429-jhallakaNTha">429</c>,1]</f><f s="-1"> [L=81114]</f></b></d>
<d> <em><f c="1">f.</f></em> <q><f s="-1" c="1">id.</f></q> <f c="1" s="-1"><a> W. </a></f>   </d></r>
</u>
<n>JIrikA</n>
<u>
<r><d><b>(H1) <f c="b">jhīrikā</f><f s="-1"> [p= <c h="0429-jhallakaNTha">429</c>,2]</f><f s="-1"> [L=81138]</f></b></d>
<d>   <em><f c="1">f.</f></em> <f c="p">=</f> <f c="b">jhir</f><f c="r">°</f> <f c="1" s="-1"><a> L. </a></f>    </d></r>
</u>
<n>JirI</n>
<u>
<r><d><b>(H1) <f c="b">jhirī</f><f s="-1"> [p= <c h="0429-jhallakaNTha">429</c>,1]</f><f s="-1"> [L=81113.1]</f></b></d>
<d>  <em><f c="1">f.</f></em> a cricket <f c="1" s="-1"><a> L. </a></f>     </d></r>
</u>
<n>JiRkA</n>
<u>
<r><d><b>(H2) <f c="b">jhiṇkā</f><f s="-1"> [p= <c h="1328">1328</c>,1]</f><f s="-1"> [L=332210]</f></b></d>
<d> <em><f c="1">f.</f></em> hiccough, <f c="1" s="-1"><a> L. </a></f></d></r>
</u>
<n>JirukA</n>
<u>
<r><d><b>(H3) <f c="b">jhi</f><f c="r">°</f> <f c="b">rukā</f><f s="-1"> [p= <c h="0429-jhallakaNTha">429</c>,1]</f><f s="-1"> [L=81115]</f></b></d>
<d> <em><f c="1">f.</f></em> <q><f s="-1" c="1">id.</f></q> <f c="1" s="-1"><a> W. </a></f>   </d></r>
</u>
<n>JIrukA</n>
<u>
<r><d><b>(H1) <f c="b">jhīrukā</f><f s="-1"> [p= <c h="0429-jhallakaNTha">429</c>,2]</f><f s="-1"> [L=81138.1]</f></b></d>
<d>  <em><f c="1">f.</f></em> <f c="p">=</f> <f c="b">jhir</f><f c="r">°</f> <f c="1" s="-1"><a> L. </a></f>     </d></r>
</u>
<n>JiRwikA</n>
<u>
<r><d><b>(H2) <f c="b">jhiṇṭikā</f><f s="-1"> [p= <c h="0429-jhallakaNTha">429</c>,1]</f><f s="-1"> [L=81111]</f></b></d>
<d> <em><f c="1">f.</f></em> <f c="b" s="-1">Barleria</f> <f c="b" s="-1">cristata</f> <f c="1" s="-1"><a> L. </a></f>    </d></r>
</u>
<n>JiRwi</n>
<u>
<r><d><b>(H1) <f c="b">jhiṇṭi</f><f s="-1"> [p= <c h="0429-jhallakaNTha">429</c>,1]</f><f s="-1"> [L=81110]</f></b></d>
<d> <em><f c="1">f.</f></em> <f c="p">=</f> <f c="r">°</f><f c="b">ṭī</f> <f c="1" s="-1"><a> Pan5car. </a> i , 7 , 19.</f>    </d></r>
</u>
<n>JiRwI</n>
<u>
<r><d><b>(H3) <f c="b">jhiṇ</f><f c="r">°</f> <f c="b">ṭī</f><f s="-1"> [p= <c h="0429-jhallakaNTha">429</c>,1]</f><f s="-1"> [L=81112]</f></b></d>
<d> <em><f c="1">f.</f></em> <f c="b" s="-1">Barleria</f> <f c="b" s="-1">cristata</f> <f c="1" s="-1"><a> L. </a></f>    </d></r>
</u>
<n>JiYJima</n>
<u>
<r><d><b>(H1) <f c="b">jhiñjhima</f><f s="-1"> [p= <c h="0429-jhallakaNTha">429</c>,1]</f><f s="-1"> [L=81104]</f></b></d>
<d> <em><f c="1">m.</f></em> a forest on fire <f c="1" s="-1"><a> L. </a></f>    </d></r>
</u>
<n>JiYJirA</n>
<u>
<r><d><b>(H1) <f c="b">jhiñjhirā</f><f s="-1"> [p= <c h="0429-jhallakaNTha">429</c>,1]</f><f s="-1"> [L=81105]</f></b></d>
<d> <em><f c="1">f.</f></em> <q><f s="-1" c="1">N.</f></q> of a shrub <f c="1" s="-1"><a> L. </a></f>    </d></r>
</u>
<n>JiYJiriwA</n>
<u>
<r><d><b>(H2) <f c="b">jhiñjhiriṭā</f><f s="-1"> [p= <c h="0429-jhallakaNTha">429</c>,1]</f><f s="-1"> [L=81106]</f></b></d>
<d> <em><f c="1">f.</f></em> <q><f s="-1" c="1">id.</f></q> <f c="1" s="-1"><a> L. </a></f>    </d></r>
</u>
<n>JiYJirIwA</n>
<u>
<r><d><b>(H3) <f c="b">jhiñjhi</f><f c="r">°</f> <f c="b">rīṭā</f><f s="-1"> [p= <c h="0429-jhallakaNTha">429</c>,1]</f><f s="-1"> [L=81108]</f></b></d>
<d> <em><f c="1">f.</f></em> <q><f s="-1" c="1">id.</f></q> <f c="1" s="-1"><a> L. </a></f>    </d></r>
</u>
<n>JiYJirizwA</n>
<u>
<r><d><b>(H3) <f c="b">jhiñjhi</f><f c="r">°</f> <f c="b">riṣṭā</f><f s="-1"> [p= <c h="0429-jhallakaNTha">429</c>,1]</f><f s="-1"> [L=81107]</f></b></d>
<d> <em><f c="1">f.</f></em> <q><f s="-1" c="1">id.</f></q> <f c="1" s="-1"><a> L. </a></f>    </d></r>
</u>
<n>JiYJI</n>
<u>
<r><d><b>(H1) <f c="b">jhiñjhī</f><f s="-1"> [p= <c h="0429-jhallakaNTha">429</c>,1]</f><f s="-1"> [L=81109]</f></b></d>
<d> <em><f c="1">f.</f></em> <f c="p">=</f> <f c="b">jhillī</f> , a cricket <f c="1" s="-1"><a> W. </a></f>    </d></r>
</u>
<n>JOlika</n>
<u>
<r><d><b>(H1) <f c="b">jhaulika</f><f s="-1"> [p= <c h="0429-jhallakaNTha">429</c>,2]</f><f s="-1"> [L=81150]</f></b></d>
<d> a small bag <f c="1" s="-1"><a> Dhu1rtas. </a> ii.</f>    </d></r>
</u>
<n>Jombaka</n>
<u>
<r><d><b>(H1) <f c="b">jhombaka</f><f s="-1"> [p= <c h="0429-jhallakaNTha">429</c>,2]</f><f s="-1"> [L=81149]</f></b></d>
<d> <em><f c="1">mfn.</f></em> making grimaces when singing.    </d></r>
</u>
<n>Joqa</n>
<u>
<r><d><b>(H1) <f c="b">jhoḍa</f><f s="-1"> [p= <c h="0429-jhallakaNTha">429</c>,2]</f><f s="-1"> [L=81148]</f></b></d>
<d> <em><f c="1">m.</f></em> the betel-nut tree <f c="1" s="-1"><a> L. </a></f>    </d></r>
</u>
<n>Jumari</n>
<u>
<r><d><b>(H1) <f c="b">jhumari</f><f s="-1"> [p= <c h="0429-jhallakaNTha">429</c>,2]</f><f s="-1"> [L=81141]</f></b></d>
<d> <em><f c="1">f.</f></em> <q><f s="-1" c="1">N.</f></q> of a <f c="t">rāgiṇī</f>.    </d></r>
</u>
<n>Jumbari</n>
<u>
<r><d><b>(H1) <f c="b">jhumbarí</f><f s="-1"> [p= <c h="0429-jhallakaNTha">429</c>,2]</f><f s="-1"> [L=81142]</f></b></d>
<d> <em><f c="1">f.</f></em> a kind of lute <f c="1" s="-1"><a> HParis3. </a> viii , 359ff.</f>    </d></r>
</u>
<n>JURi</n>
<u>
<r><d><b>(H1) <f c="b">jhūṇi</f><f s="-1"> [p= <c h="0429-jhallakaNTha">429</c>,2]</f><f s="-1"> [L=81143]</f></b></d>
<d> <em><f c="1">f.</f></em> a kind of betel-nut <f c="1" s="-1"><a> L. </a></f>  </d></r>
<r><d><b><f s="-1"> [L=81144]</f></b></d>
<d>  a voice boding ill-luck , evil omen <f c="1" s="-1"><a> L. </a></f>   </d></r>
<r><d><b><f s="-1"> [L=81145]</f></b></d>
<d>   <f c="p">=</f> <f c="b">kaṭhina</f> <f c="1" s="-1"><a> L. </a></f>     </d></r>
</u>
<n>JuRwa</n>
<u>
<r><d><b>(H1) <f c="b">jhuṇṭa</f><f s="-1"> [p= <c h="0429-jhallakaNTha">429</c>,2]</f><f s="-1"> [L=81140]</f></b></d>
<d> <em><f c="1">m.</f></em> a shrub <f c="1" s="-1"><a> L. </a></f>    </d></r>
</u>
<n>Ju</n>
<u>
<r><d><b>(H1) <f c="b">jhu</f><f s="-1"> [p= <c h="0429-jhallakaNTha">429</c>,2]</f><f s="-1"> [L=81139]</f></b></d>
<d>  <em>cl.1 A1.</em> <q><f s="-1" c="1">v.l.</f></q> for  √<f c="b">jyu</f>.    </d></r>
</u>
<n>JUz</n>
<u>
<r><d><b>(H1) <f c="b">jhūṣ</f><f s="-1"> [p= <c h="0429-jhallakaNTha">429</c>,2]</f><f s="-1"> [L=81146]</f></b></d>
<d>  <em>cl.1 P.</em> , <q><f s="-1" c="1">v.l.</f></q> for  √<f c="b">yūṣ</f>.    </d></r>
</u>
<n>Jyu</n>
<u>
<r><d><b>(H1) <f c="b">jhyu</f><f s="-1"> [p= <c h="0429-jhallakaNTha">429</c>,2]</f><f s="-1"> [L=81151]</f></b></d>
<d>  <em>cl.1 A1.</em> <q><f s="-1" c="1">v.l.</f></q> for  √<f c="b">jyu</f>.    </d></r>
</u>
</xml>
