<?xml version="1.0"?>
<xml>
<n>NakAra</n>
<u>
<r><d><b>(H3) <f c="b">ṅa--kāra</f><f s="-1"> [p= <c h="0380-ghrANacakSuz">380</c>,1]</f><f s="-1"> [L=70276]</f></b></d>
<d> <em><f c="1">m.</f></em> the letter or sound <f c="b">ṅa</f>.    </d></r>
</u>
<n>Na</n>
<u>
<r><d><b>(H1) <f c="b">ṅa</f><f c="r"> 1</f><f s="-1"> [p= <c h="0380-ghrANacakSuz">380</c>,1]</f><f s="-1"> [L=70275]</f></b></d>
<d>  the 5th consonant of the Sanskrit alphabet , nasal of the 1st class. No word in use begins with this letter    </d></r>
<r><d><b><f s="-1"> [L=70275.1]</f></b></d>
<d> it is usually found as the 1st member of a conjunct consonant preceded by a vowel.     
</d></r>
<r><d><b>(H1) <f c="b">ṅa</f><f c="r"> 2</f><f s="-1"> [L=70277]</f></b></d>
<d> <em><f c="1">m.</f></em> an object of sense <f c="1" s="-1"><a> L. </a></f>   </d></r>
<r><d><b><f s="-1"> [L=70278]</f></b></d>
<d>  desire for any sensual object <f c="1" s="-1"><a> L. </a></f>   </d></r>
<r><d><b><f s="-1"> [L=70279]</f></b></d>
<d>  <f c="t">śiva</f> (<f c="b">bhairava</f>) <f c="1" s="-1"><a> L. </a></f>     </d></r>
</u>
<n>Nu</n>
<u>
<r><d><b>(H1) <f c="b">ṅu</f><f s="-1"> [p= <c h="0380-ghrANacakSuz">380</c>,1]</f><f s="-1"> [L=70280]</f></b></d>
<d>  <em>cl.1 A1.</em> <f c="b">ṅavate</f> , to sound <f c="1" s="-1"><a> Dha1tup. </a> xxii , 57</f> :  <q><f s="-1" c="1">Desid.</f></q> <f c="b">ñuṅūṣate</f> <f c="1" s="-1"><a> Pa1n2. </a> 7-4 , 62 </f><q><f c="1" s="-1">Sch.</f></q>    </d></r>
</u>
</xml>
