<?xml version="1.0"?>
<xml>
<n>odaka</n>
<u>
<r><d><b>(H1) <f c="b">odaká</f><f s="-1"> [p= <c h="0235-aizvaryavivaraNa">235</c>,3]</f><f s="-1"> [L=40676]</f></b></d>
<d> <em><f c="1">n.</f></em> (probably  <q><f s="-1" c="1">irr.</f></q> for <f c="b">audaka</f>) an animal living in water <f c="1" s="-1"><a> TA1r. </a> i , 26 , 7.</f>    </d></r>
</u>
<n>odanaBojikA</n>
<u>
<r><d><b>(H3) <f c="b">odaná--bhojikā</f><f s="-1"> [p= <c h="0235-aizvaryavivaraNa">235</c>,3]</f><f s="-1"> [L=40684]</f></b></d>
<d> <em><f c="1">f.</f></em> eating boiled rice <f c="1" s="-1"><a> Ka1s3. </a></f> on <f c="1" s="-1"><a> Pa1n2. </a> 3-3 , 111.</f>   </d></r>
</u>
<n>odanAhvA</n>
<u>
<r><d><b>(H3) <f c="b">odanā</f><f c="r">*</f> <f c="b">hvā</f><f s="-1"> [p= <c h="0235-aizvaryavivaraNa">235</c>,3]</f><f s="-1"> [L=40688]</f></b></d>
<d> <em><f c="1">f.</f></em> <q><f s="-1" c="1">N.</f></q> of a plant <f c="1" s="-1"><a> L. </a></f>    </d></r>
</u>
<n>odanAhvayA</n>
<u>
<r><d><b>(H3) <f c="b">odanā</f><f c="r">*</f> <f c="b">hvayā</f><f s="-1"> [p= <c h="0235-aizvaryavivaraNa">235</c>,3]</f><f s="-1"> [L=40687]</f></b></d>
<d>  <em><f c="1">f.</f></em> <q><f s="-1" c="1">N.</f></q> of a plant <f c="1" s="-1"><a> L. </a></f>   </d></r>
</u>
<n>odanapacana</n>
<u>
<r><d><b>(H3) <f c="b">odaná--pacana</f><f s="-1"> [p= <c h="0235-aizvaryavivaraNa">235</c>,3]</f><f s="-1"> [L=40681]</f></b></d>
<d> <em><f c="1">m.</f></em> <q><f s="-1" c="1">N.</f></q> of the fire on the southern altar <f c="1" s="-1"><a> Ka1t2h. </a></f>   </d></r>
</u>
<n>odanapac</n>
<u>
<r><d><b>(H3) <f c="b">odana--pac</f><f s="-1"> [p= <c h="1323">1323</c>,2]</f><f s="-1"> [L=325790.1]</f></b></d>
<d> <em><f c="1">mfn.</f></em> (<q><f s="-1" c="1">nom.</f></q> -<f c="b">pak</f>), <f c="1" s="-1"><a> Pa1n2. </a> vi, 4, 15, </f>Sch.</d></r>
</u>
<n>odanapAkI</n>
<u>
<r><d><b>(H3) <f c="b">odaná--pākī</f><f s="-1"> [p= <c h="0235-aizvaryavivaraNa">235</c>,3]</f><f s="-1"> [L=40682]</f></b></d>
<d> <em><f c="1">f.</f></em> (<f c="1" s="-1"><a> Pa1n2. </a> 4-1 , 64</f>)  <f c="b" s="-1">Barleria</f> <f c="b" s="-1">Caerulea</f> <f c="1" s="-1"><a> Bhpr. </a></f> <f c="1" s="-1"><a> Nigh. </a></f>   </d></r>
</u>
<n>odanapARinIya</n>
<u>
<r><d><b>(H3) <f c="b">odaná--pāṇinīya</f><f s="-1"> [p= <c h="0235-aizvaryavivaraNa">235</c>,3]</f><f s="-1"> [L=40683]</f></b></d>
<d> <em><f c="1">m.</f></em> one who becomes a pupil of or studies the work of <f c="t">pāṇini</f> only for the sake of getting boiled rice <f c="1" s="-1"><a> Ka1s3. </a></f> on <f c="1" s="-1"><a> Pa1n2. </a> 6-2 , 69</f> <f c="1" s="-1"><a> Pat. </a></f> on <f c="1" s="-1"><a> Pa1n2. </a> 1-1 , 73.</f>   </d></r>
</u>
<n>odanapiRqa</n>
<u>
<r><d><b>(H3) <f c="b">odana--piṇḍa</f><f s="-1"> [p= <c h="1323">1323</c>,2]</f><f s="-1"> [L=325790.2]</f></b></d>
<d> <em><f c="1">m.</f></em> a ball of boiled rice, <f c="1" s="-1"><a> A1pGr2. </a></f></d></r>
</u>
<n>odanaprati</n>
<u>
<r><d><b>(H3) <f c="b">odana--prati</f><f s="-1"> [p= <c h="1323">1323</c>,2]</f><f s="-1"> [L=325790.3]</f></b></d>
<d> <em><f c="1">ind.</f></em> <f c="1" s="-1"><a> Pat. </a></f> on <f c="1" s="-1"><a> Pa1n2. </a> ii, 1, 9</f>.</d></r>
</u>
<n>odanasava</n>
<u>
<r><d><b>(H3) <f c="b">odaná--sava</f><f s="-1"> [p= <c h="0235-aizvaryavivaraNa">235</c>,3]</f><f s="-1"> [L=40686]</f></b></d>
<d> <em><f c="1">m.</f></em> a particular oblation <q><f s="-1" c="1">Comm.</f></q> on <f c="1" s="-1"><a> TBr. </a> ii , 7 , 7.</f>   </d></r>
</u>
<n>odanavat</n>
<u>
<r><d><b>(H3) <f c="b">odaná--vat</f><f s="-1"> [p= <c h="0235-aizvaryavivaraNa">235</c>,3]</f><f s="-1"> [L=40685]</f></b></d>
<d> <em><f c="1">mfn.</f></em> provided with boiled rice <f c="1" s="-1"><a> TS. </a> ii.</f>   </d></r>
</u>
<n>odana</n>
<u>
<r><d><b>(H2) <f c="b">odaná</f><f s="-1"> [p= <c h="0235-aizvaryavivaraNa">235</c>,3]</f><f s="-1"> [L=40678]</f></b></d>
<d> <em>mn.</em> ( √<f c="b">ud</f> <f c="1" s="-1"><a> Un2. </a> ii , 76</f>), grain mashed and cooked with milk , porridge , boiled rice , any pap or pulpy substance <f c="1" s="-1"><a> RV. </a></f> <f c="1" s="-1"><a> AV. </a></f> <f c="1" s="-1"><a> S3Br. </a></f> <f c="1" s="-1"><a> MBh. </a></f> <f s="-1"> &amp;c </f>  </d></r>
<r><d><b>(H2B) <f c="b">odaná</f><f s="-1"> [L=40679]</f></b></d>
<d> <em><f c="1">m.</f></em> cloud <f c="1" s="-1"><a> Nigh. </a></f>   </d></r>
<r><d><b>(H2B) <f c="b">odanī</f><f s="-1"> [L=40680]</f></b></d>
<d> <em><f c="1">f.</f></em> <f c="b" s="-1">Sida</f> <f c="b" s="-1">Cordifolia</f> <f c="1" s="-1"><a> L. </a></f>     </d></r>
<r><d><b>(H2) <f c="b">odana</f><f s="-1"> [p= <c h="1323">1323</c>,2]</f><f s="-1"> [L=325790]</f></b></d>
<d> (in <q><f s="-1" c="1">comp.</f></q>)</d></r>
</u>
<n>odanika</n>
<u>
<r><d><b>(H2) <f c="b">odanika</f><f s="-1"> [p= <c h="0235-aizvaryavivaraNa">235</c>,3]</f><f s="-1"> [L=40689]</f></b></d>
<d> <em>mf</em>(<f c="b">ī</f>)<em><f c="1">n.</f></em> receiving boiled rice <f c="1" s="-1"><a> Ka1s3. </a></f> on <f c="1" s="-1"><a> Pa1n2. </a> 4-4 , 67</f>  </d></r>
<r><d><b>(H2B) <f c="b">odanikā</f><f s="-1"> [L=40690]</f></b></d>
<d> <em><f c="1">f.</f></em> <f c="b" s="-1">Sida</f> <f c="b" s="-1">Cordifolia</f> <f c="1" s="-1"><a> L. </a></f>     </d></r>
</u>
<n>odanikA</n>
<u>
<r><d><b>(H2) <f c="b">odanika</f><f s="-1"> [p= <c h="0235-aizvaryavivaraNa">235</c>,3]</f><f s="-1"> [L=40689]</f></b></d>
<d> <em>mf</em>(<f c="b">ī</f>)<em><f c="1">n.</f></em> receiving boiled rice <f c="1" s="-1"><a> Ka1s3. </a></f> on <f c="1" s="-1"><a> Pa1n2. </a> 4-4 , 67</f>  </d></r>
<r><d><b>(H2B) <f c="b">odanikā</f><f s="-1"> [L=40690]</f></b></d>
<d> <em><f c="1">f.</f></em> <f c="b" s="-1">Sida</f> <f c="b" s="-1">Cordifolia</f> <f c="1" s="-1"><a> L. </a></f>     </d></r>
</u>
<n>odanI</n>
<u>
<r><d><b>(H2) <f c="b">odaná</f><f s="-1"> [p= <c h="0235-aizvaryavivaraNa">235</c>,3]</f><f s="-1"> [L=40678]</f></b></d>
<d> <em>mn.</em> ( √<f c="b">ud</f> <f c="1" s="-1"><a> Un2. </a> ii , 76</f>), grain mashed and cooked with milk , porridge , boiled rice , any pap or pulpy substance <f c="1" s="-1"><a> RV. </a></f> <f c="1" s="-1"><a> AV. </a></f> <f c="1" s="-1"><a> S3Br. </a></f> <f c="1" s="-1"><a> MBh. </a></f> <f s="-1"> &amp;c </f>  </d></r>
<r><d><b>(H2B) <f c="b">odaná</f><f s="-1"> [L=40679]</f></b></d>
<d> <em><f c="1">m.</f></em> cloud <f c="1" s="-1"><a> Nigh. </a></f>   </d></r>
<r><d><b>(H2B) <f c="b">odanī</f><f s="-1"> [L=40680]</f></b></d>
<d> <em><f c="1">f.</f></em> <f c="b" s="-1">Sida</f> <f c="b" s="-1">Cordifolia</f> <f c="1" s="-1"><a> L. </a></f>     </d></r>
</u>
<n>odanIya</n>
<u>
<r><d><b>(H2) <f c="b">odanīya</f><f c="r"> 1</f><f s="-1"> [p= <c h="0235-aizvaryavivaraNa">235</c>,3]</f><f s="-1"> [L=40691]</f></b></d>
<d> <em><f c="1">Nom.</f></em> <em><f c="1">P.</f></em> <f c="b">odanīyati</f> , to wish for boiled rice <q><f s="-1" c="1">Comm.</f></q> on <f c="1" s="-1"><a> Ka1tyS3r. </a></f>    </d></r>
<r><d><b>(H2) <f c="b">odanīya</f><f c="r"> 2</f><f s="-1"> [L=40692]</f></b></d>
<d> <em><f c="1">mfn.</f></em> consisting of or belonging to boiled rice , <q><f s="-1" c="1">g.</f></q> <f c="b">apūpā</f><f c="r">*</f><f c="b">di</f> , <f c="b">pāṇ</f>. <f c="1" s="-1">v , 1 , 4.</f>     </d></r>
</u>
<n>odanya</n>
<u>
<r><d><b>(H2) <f c="b">odanya</f><f s="-1"> [p= <c h="0235-aizvaryavivaraNa">235</c>,3]</f><f s="-1"> [L=40693]</f></b></d>
<d> <em><f c="1">mfn.</f></em> <q><f s="-1" c="1">id.</f></q> <f c="1" s="-1">ib.</f>    </d></r>
</u>
<n>oDas</n>
<u>
<r><d><b>(H1) <f c="b">odhas</f><f s="-1"> [p= <c h="0235-aizvaryavivaraNa">235</c>,3]</f><f s="-1"> [L=40697]</f></b></d>
<d> <em><f c="1">n.</f></em> <f c="p">=</f> <f c="b">ūdhas</f> <q><f s="-1" c="1">q.v.</f></q> <f c="1" s="-1"><a> L. </a></f>    </d></r>
</u>
<n>odatI</n>
<u>
<r><d><b>(H1) <f c="b">ódatī</f><f s="-1"> [p= <c h="0235-aizvaryavivaraNa">235</c>,3]</f><f s="-1"> [L=40677]</f></b></d>
<d> <em><f c="1">f.</f></em> (<q><f s="-1" c="1">pres.</f></q>  <q><f s="-1" c="1">p.</f></q> of  √<f c="b">ud</f>) " sprinkling or refreshing " , <q><f s="-1" c="1">N.</f></q> of <f c="t">uṣas</f> or the dawn <f c="1" s="-1"><a> RV. </a> i , 48 , 6 ; viii , 69 , 2.</f>    </d></r>
</u>
<n>odman</n>
<u>
<r><d><b>(H2) <f c="b">ódman</f><f s="-1"> [p= <c h="0235-aizvaryavivaraNa">235</c>,3]</f><f s="-1"> [L=40695]</f></b></d>
<d> <em><f c="1">n.</f></em> flowing , flooding <f c="1" s="-1"><a> VS. </a> xiii , 53</f> <f c="1" s="-1"><a> Ka1s3. </a></f> on <f c="1" s="-1"><a> Pa1n2. </a> 6-1 , 94</f>  </d></r>
<r><d><b><f s="-1"> [L=40696]</f></b></d>
<d>   ([<q><f s="-1" c="1">cf.</f></q> <f c="b">olla</f> (<f c="p">=</f> <f c="b">od-la</f>) ; also <q><f s="-1" c="1">Zd.</f></q> <f c="b">aodha</f>  <q><f s="-1" c="1">pl.</f></q> " waters " , " flood. "])     </d></r>
<r><d><b>(H2) <f c="b">o</f><f c="r">*</f> <f c="b">dman</f><f s="-1"> [p= <c h="1323">1323</c>,2]</f><f s="-1"> [L=325800]</f></b></d>
<d> (also) wetness, rain, <f c="1" s="-1"><a> S3a1n3khBr. </a></f></d></r>
</u>
<n>odma</n>
<u>
<r><d><b>(H2) <f c="b">odma</f><f s="-1"> [p= <c h="0235-aizvaryavivaraNa">235</c>,3]</f><f s="-1"> [L=40694]</f></b></d>
<d> <em><f c="1">m.</f></em> the act of wetting , moistening <f c="1" s="-1"><a> Pa1n2. </a> 6-4 , 29.</f>    </d></r>
</u>
<n>oGadeva</n>
<u>
<r><d><b>(H3) <f c="b">ogha--deva</f><f s="-1"> [p= <c h="1323">1323</c>,2]</f><f s="-1"> [L=325770.1]</f></b></d>
<d> <em><f c="1">m.</f></em> <q><f s="-1" c="1">N.</f></q> of a chief, <f c="1" s="-1"><a> Inscr. </a></f></d></r>
</u>
<n>oGaniryukti</n>
<u>
<r><d><b>(H3) <f c="b">ogha--niryukti</f><f s="-1"> [p= <c h="0235-aizvaryavivaraNa">235</c>,2]</f><f s="-1"> [L=40615]</f></b></d>
<d> <em><f c="1">f.</f></em> <q><f s="-1" c="1">N.</f></q> of <q><f s="-1" c="1">wk.</f></q>   </d></r>
</u>
<n>oGaraTa</n>
<u>
<r><d><b>(H3) <f c="b">ogha--ratha</f><f s="-1"> [p= <c h="0235-aizvaryavivaraNa">235</c>,2]</f><f s="-1"> [L=40616]</f></b></d>
<d> <em><f c="1">m.</f></em> <q><f s="-1" c="1">N.</f></q> of a son of <f c="t">oghavat</f> <f c="1" s="-1"><a> MBh. </a> xiii.</f>   </d></r>
</u>
<n>ogaRa</n>
<u>
<r><d><b>(H1) <f c="b">ogaṇá</f><f s="-1"> [p= <c h="0235-aizvaryavivaraNa">235</c>,2]</f><f s="-1"> [L=40607]</f></b></d>
<d> <em><f c="1">mfn.</f></em> assembled , united ([<f c="1" s="-1"><a> Sa1y. </a></f>]) <f c="1" s="-1"><a> RV. </a> x , 89 , 15.</f>    </d></r>
<r><d><b>(H2) <f c="b">ogaṇá</f><f s="-1"> [p= <c h="1323">1323</c>,2]</f><f s="-1"> [L=325760]</f></b></d>
<d> (<q><f s="-1" c="1">accord.</f></q> to some for <f c="b">avagaṇa</f> = "lonely, forsaken, wretched, miserable").</d></r>
</u>
<n>oGavatI</n>
<u>
<r><d><b>(H3) <f c="b">ogha--vat</f><f s="-1"> [p= <c h="0235-aizvaryavivaraNa">235</c>,2]</f><f s="-1"> [L=40617]</f></b></d>
<d> <em><f c="1">mfn.</f></em> having a strong stream (as a river) <f c="1" s="-1"><a> MBh. </a> iii</f>  </d></r>
<r><d><b>(H3B) <f c="b">ogha--vat</f><f s="-1"> [L=40618]</f></b></d>
<d> <em><f c="1">m.</f></em> (<f c="b">ān</f>) <q><f s="-1" c="1">N.</f></q> of a king <f c="1" s="-1"><a> MBh. </a> xiii</f> <f c="1" s="-1"><a> BhP. </a></f>   </d></r>
<r><d><b>(H3B) <f c="b">ogha--vatī</f><f s="-1"> [L=40619]</f></b></d>
<d> <em><f c="1">f.</f></em> <q><f s="-1" c="1">N.</f></q> of a daughter (<f c="1" s="-1"><a> MBh. </a></f>) or sister (<f c="1" s="-1"><a> BhP. </a></f>) of <f c="t">oghavat</f>   </d></r>
<r><d><b>(H3B) <f c="b">ogha--vatī</f><f s="-1"> [L=40620]</f></b></d>
<d>  <em><f c="1">f.</f></em> <q><f s="-1" c="1">N.</f></q> of a river <f c="1" s="-1"><a> VP. </a></f>      </d></r>
</u>
<n>oGavat</n>
<u>
<r><d><b>(H3) <f c="b">ogha--vat</f><f s="-1"> [p= <c h="0235-aizvaryavivaraNa">235</c>,2]</f><f s="-1"> [L=40617]</f></b></d>
<d> <em><f c="1">mfn.</f></em> having a strong stream (as a river) <f c="1" s="-1"><a> MBh. </a> iii</f>  </d></r>
<r><d><b>(H3B) <f c="b">ogha--vat</f><f s="-1"> [L=40618]</f></b></d>
<d> <em><f c="1">m.</f></em> (<f c="b">ān</f>) <q><f s="-1" c="1">N.</f></q> of a king <f c="1" s="-1"><a> MBh. </a> xiii</f> <f c="1" s="-1"><a> BhP. </a></f>   </d></r>
<r><d><b>(H3B) <f c="b">ogha--vatī</f><f s="-1"> [L=40619]</f></b></d>
<d> <em><f c="1">f.</f></em> <q><f s="-1" c="1">N.</f></q> of a daughter (<f c="1" s="-1"><a> MBh. </a></f>) or sister (<f c="1" s="-1"><a> BhP. </a></f>) of <f c="t">oghavat</f>   </d></r>
<r><d><b>(H3B) <f c="b">ogha--vatī</f><f s="-1"> [L=40620]</f></b></d>
<d>  <em><f c="1">f.</f></em> <q><f s="-1" c="1">N.</f></q> of a river <f c="1" s="-1"><a> VP. </a></f>      </d></r>
</u>
<n>oGa</n>
<u>
<r><d><b>(H1) <f c="b">ogha</f><f s="-1"> [p= <c h="0235-aizvaryavivaraNa">235</c>,2]</f><f s="-1"> [L=40609]</f></b></d>
<d> <em><f c="1">m.</f></em> (<q><f s="-1" c="1">ifc.</f></q>  <em>f</em>(<f c="b">ā</f>)<em>.</em>)  </d></r>
<r><d><b><f s="-1"> [L=40610]</f></b></d>
<d>   ( √<f c="b">vah</f>) flood , stream , rapid flow of water <f c="1" s="-1"><a> MBh. </a></f> <f c="1" s="-1"><a> Megh. </a></f> <f c="1" s="-1"><a> S3ak. </a></f> <f s="-1"> &amp;c </f>   </d></r>
<r><d><b><f s="-1"> [L=40611]</f></b></d>
<d>  heap or quantity , flock , multitude , abundance <f c="1" s="-1"><a> MBh. </a></f> <f c="1" s="-1"><a> BhP. </a></f> <f c="1" s="-1"><a> Katha1s. </a></f> <f s="-1"> &amp;c </f>   </d></r>
<r><d><b><f s="-1"> [L=40612]</f></b></d>
<d>  quick time (in music) <f c="1" s="-1"><a> L. </a></f>   </d></r>
<r><d><b><f s="-1"> [L=40613]</f></b></d>
<d>  uninterrupted tradition <f c="1" s="-1"><a> L. </a></f>   </d></r>
<r><d><b><f s="-1"> [L=40614]</f></b></d>
<d>  instruction <f c="1" s="-1"><a> L. </a></f> (<q><f s="-1" c="1">cf.</f></q> <f c="b">augha</f>.)    </d></r>
<r><d><b>(H2) <f c="b">ogha</f><f s="-1"> [p= <c h="1323">1323</c>,2]</f><f s="-1"> [L=325770]</f></b></d>
<d> <em><f c="1">m.</f></em> <q><f s="-1" c="1">pl.</f></q> the (four) floods (of worldly passion), <f c="1" s="-1"><a> Divya7v. </a></f></d></r>
</u>
<n>ogIyas</n>
<u>
<r><d><b>(H1) <f c="b">ogīyas</f><f s="-1"> [p= <c h="0235-aizvaryavivaraNa">235</c>,2]</f><f s="-1"> [L=40608]</f></b></d>
<d> (<f c="p">=</f> <f c="b">ójīyas</f>) , <q><f s="-1" c="1">compar.</f></q> of <f c="b">ugrá</f> , <f s="-1"> [p= <c h="0172-ukti">172</c>,2]</f> <f c="1" s="-1"><a> Br2A1rUp. </a></f>    </d></r>
</u>
<n>ohabrahman</n>
<u>
<r><d><b>(H3) <f c="b">óha--brahman</f><f s="-1"> [p= <c h="0236-omkArIya">236</c>,2]</f><f s="-1"> [L=40786]</f></b></d>
<d> <em><f c="1">m.</f></em> (a priest)  possessing or conveying <f c="t">brahman</f> or sacred knowledge (<f c="b">uhyamānam brahma</f>.. <f c="b">yeṣāṃ te</f> <f c="1" s="-1"><a> Sa1y. </a></f>) <f c="1" s="-1"><a> RV. </a> x , 71 , 8.</f>    </d></r>
</u>
<n>ohala</n>
<u>
<r><d><b>(H1) <f c="b">ohala</f><f s="-1"> [p= <c h="0236-omkArIya">236</c>,2]</f><f s="-1"> [L=40788]</f></b></d>
<d> <em><f c="1">m.</f></em> <q><f s="-1" c="1">N.</f></q> of a man.    </d></r>
</u>
<n>ohas</n>
<u>
<r><d><b>(H2) <f c="b">óhas</f><f s="-1"> [p= <c h="0236-omkArIya">236</c>,2]</f><f s="-1"> [L=40787]</f></b></d>
<d> <em><f c="1">n.</f></em> a vehicle , means (<q><f s="-1" c="1">fig.</f></q> said of a <f c="t">stotra</f> <f c="1" s="-1"><a> Sa1y. </a></f>) <f c="1" s="-1"><a> RV. </a> vi , 67 , 9.</f>    </d></r>
</u>
<n>oha</n>
<u>
<r><d><b>(H1) <f c="b">óha</f><f s="-1"> [p= <c h="0236-omkArIya">236</c>,2]</f><f s="-1"> [L=40782]</f></b></d>
<d> <em><f c="1">m.</f></em> (fr.  √<f c="b">vah</f> , or <f c="b">ā-</f> √<f c="b">vah</f> ; fr.  √2. <f c="b">ūh</f> <f c="1" s="-1"><a> BRD. </a></f>)  , a vehicle , means <f c="1" s="-1"><a> RV. </a> i , 180 , 5</f>  </d></r>
<r><d><b>(H1B) <f c="b">óha</f><f s="-1"> [L=40783]</f></b></d>
<d> <em><f c="1">mfn.</f></em> bringing near , causing to approach <f c="1" s="-1"><a> RV. </a> iv , 10 , 1</f>   </d></r>
<r><d><b>(H1B) <f c="b">óha</f><f s="-1"> [L=40784]</f></b></d>
<d>  <em><f c="1">mfn.</f></em> worthy to be approached , excellent <f c="1" s="-1"><a> RV. </a> i , 61 , 1</f> ([<f c="1" s="-1"><a> Sa1y. </a></f>])    </d></r>
<r><d><b>(H1B) <f c="b">óha</f><f s="-1"> [L=40785]</f></b></d>
<d>  <em><f c="1">mfn.</f></em>  (attention , consideration <f c="1" s="-1"><a> NBD. </a></f>)     </d></r>
</u>
<n>ojasIna</n>
<u>
<r><d><b>(H2) <f c="b">ojasī́na</f><f s="-1"> [p= <c h="0235-aizvaryavivaraNa">235</c>,2]</f><f s="-1"> [L=40638]</f></b></d>
<d> <em><f c="1">mfn.</f></em> having strength , powerful <f c="1" s="-1"><a> TS. </a> iv</f> <f c="1" s="-1"><a> Pa1n2. </a></f>    </d></r>
</u>
<n>ojastara</n>
<u>
<r><d><b>(H3) <f c="b">ójas--tara</f><f s="-1"> [p= <c h="0235-aizvaryavivaraNa">235</c>,2]</f><f s="-1"> [L=40634]</f></b></d>
<d> <em><f c="1">mfn.</f></em> <f c="p">=</f> <f c="b">ójīyas</f> <q><f s="-1" c="1">Comm.</f></q> on <f c="1" s="-1"><a> Br2A1rUp. </a></f>   </d></r>
</u>
<n>ojasvat</n>
<u>
<r><d><b>(H3) <f c="b">ójas--</f><f c="r">°</f> <f c="b">vat</f><f s="-1"> [p= <c h="0235-aizvaryavivaraNa">235</c>,2]</f><f s="-1"> [L=40635]</f></b></d>
<d> <em><f c="1">mfn.</f></em> vigorous , powerful , strong , energetic <f c="1" s="-1"><a> RV. </a> viii , 76 , 5</f> <f c="1" s="-1"><a> AV. </a> viii , 5 , 4 ; 16</f> <f c="1" s="-1"><a> VS. </a></f>   </d></r>
</u>
<n>ojasvin</n>
<u>
<r><d><b>(H3) <f c="b">ójas--</f><f c="r">°</f> <f c="b">vín</f><f s="-1"> [p= <c h="0235-aizvaryavivaraNa">235</c>,2]</f><f s="-1"> [L=40636]</f></b></d>
<d> <em><f c="1">mfn.</f></em> <q><f s="-1" c="1">id.</f></q> <f c="1" s="-1"><a> TS. </a></f> <f c="1" s="-1"><a> S3Br. </a></f> <f c="1" s="-1"><a> MBh. </a></f> <f s="-1"> &amp;c </f>  </d></r>
<r><d><b>(H3) <f c="b">ójas--</f><f c="r">°</f> <f c="b">vín</f><f s="-1"> [L=40637]</f></b></d>
<d>  <em><f c="1">m.</f></em> <q><f s="-1" c="1">N.</f></q> of a son of <f c="t">manu</f> <f c="t">bhautya</f> <f c="1" s="-1"><a> VP. </a></f>      </d></r>
</u>
<n>ojasvitA</n>
<u>
<r><d><b>(H4) <f c="b">ojas--</f><f c="r">°</f><f c="r">°</f> <f c="b">vi-tā</f><f s="-1"> [p= <c h="0235-aizvaryavivaraNa">235</c>,2]</f><f s="-1"> [L=40637.1]</f></b></d>
<d> <em><f c="1">f.</f></em> an energetic or emphatic manner of expression or style <f c="1" s="-1"><a> Sa1h. </a></f>     </d></r>
</u>
<n>ojas</n>
<u>
<r><d><b>(H1) <f c="b">ójas</f><f s="-1"> [p= <c h="0235-aizvaryavivaraNa">235</c>,2]</f><f s="-1"> [L=40625]</f></b></d>
<d> <em><f c="1">n.</f></em> ( √<f c="b">vaj</f> , or <f c="b">uj</f> ; <q><f s="-1" c="1">cf.</f></q> <f c="b">ugra</f>) , bodily strength , vigour , energy , ability , power <f c="1" s="-1"><a> RV. </a></f> <f c="1" s="-1"><a> AV. </a></f> <f c="1" s="-1"><a> TS. </a></f> <f c="1" s="-1"><a> AitBr. </a></f> <f c="1" s="-1"><a> MBh. </a></f> <f s="-1"> &amp;c </f>  </d></r>
<r><d><b><f s="-1"> [L=40626]</f></b></d>
<d>  vitality (the principle of vital warmth and action throughout the body) <f c="1" s="-1"><a> Sus3r. </a></f> <f s="-1"> &amp;c </f>   </d></r>
<r><d><b><f s="-1"> [L=40627]</f></b></d>
<d>   (in  <q><f s="-1" c="1">rhet.</f></q>) elaborate style (abounding with compounds)   </d></r>
<r><d><b><f s="-1"> [L=40628]</f></b></d>
<d>  vigorous or emphatic expression <f c="1" s="-1"><a> Sa1h. </a></f> <f c="1" s="-1"><a> Va1m. </a></f>   </d></r>
<r><d><b><f s="-1"> [L=40629]</f></b></d>
<d>  water <f c="1" s="-1"><a> L. </a></f>   </d></r>
<r><d><b><f s="-1"> [L=40630]</f></b></d>
<d>  light , splendour , lustre <f c="1" s="-1"><a> L. </a></f>   </d></r>
<r><d><b><f s="-1"> [L=40631]</f></b></d>
<d>  manifestation , appearance <f c="1" s="-1"><a> L. </a></f>   </d></r>
<r><d><b><f s="-1"> [L=40632]</f></b></d>
<d>  support <f c="1" s="-1"><a> L. </a></f>   </d></r>
<r><d><b>(H1B) <f c="b">ójas</f><f s="-1"> [L=40633]</f></b></d>
<d> <em><f c="1">m.</f></em> <q><f s="-1" c="1">N.</f></q> of a <f c="t">yakṣa</f> <f c="1" s="-1"><a> BhP. </a></f>; ([<q><f s="-1" c="1">cf.</f></q> <q><f s="-1" c="1">Zd.</f></q> <f c="b">avjan3h</f> , " power "  ;  <q><f s="-1" c="1">Gk.</f></q> <a g="U%28G-IE%2FS"><q>á½Î³-Î¹Î­Ï</q></a> , <a g="AU%29G-H%2F"><q>Î±á½Î³-Î®</q></a> , <a g="E%29RI-AUGH%2FS"><q>á¼ÏÎ¹-Î±ÏÎ³Î®Ï</q></a> ; <q><f s="-1" c="1">Lat.</f></q> <f c="b">vige1re</f> , <f c="b">augere</f> , <f c="b">augur</f> , <f c="b">augus-tus</f> , <f c="b">auxilium</f> ; <q><f s="-1" c="1">Goth.</f></q> <f c="b">aukan</f> , <q><f s="-1" c="1">Eng.</f></q> <f c="b">eke</f>.])    </d></r>
</u>
<n>ojasya</n>
<u>
<r><d><b>(H2) <f c="b">ojasyá</f><f s="-1"> [p= <c h="0235-aizvaryavivaraNa">235</c>,2]</f><f s="-1"> [L=40639]</f></b></d>
<d> <em><f c="1">mfn.</f></em> vigorous , powerful <f c="1" s="-1"><a> MaitrS. </a> ii</f> <f c="1" s="-1"><a> Pa1n2. </a></f>    </d></r>
</u>
<n>oja</n>
<u>
<r><d><b>(H1) <f c="b">oja</f><f s="-1"> [p= <c h="0235-aizvaryavivaraNa">235</c>,2]</f><f s="-1"> [L=40622]</f></b></d>
<d> <em><f c="1">mfn.</f></em> odd (as the first , third , fifth , <f s="-1"> &amp;c </f> in a series) <f c="1" s="-1"><a> RPra1t. </a></f> <f c="1" s="-1"><a> Su1ryas. </a></f> <f c="1" s="-1"><a> VarBr2S. </a></f>  </d></r>
<r><d><b>(H1B) <f c="b">oja</f><f s="-1"> [L=40623]</f></b></d>
<d> <em><f c="1">m.</f></em> <q><f s="-1" c="1">N.</f></q> of a son of <f c="t">kṛṣṇa</f> <f c="1" s="-1"><a> BhP. </a></f>   </d></r>
<r><d><b>(H1B) <f c="b">oja</f><f s="-1"> [L=40624]</f></b></d>
<d> <em><f c="1">m.</f></em> <f c="p">=</f> <f c="b">ójas</f> <f c="1" s="-1"><a> L. </a></f>      </d></r>
</u>
<n>ojAya</n>
<u>
<r><d><b>(H2) <f c="b">ojāya</f><f s="-1"> [p= <c h="0235-aizvaryavivaraNa">235</c>,2]</f><f s="-1"> [L=40640]</f></b></d>
<d> <em><f c="1">Nom.</f></em> <em><f c="1">A1.</f></em> <f c="b">ojāyate</f> (<q><f s="-1" c="1">p.</f></q> <f c="b">ojāyámāna</f>) to exhibit strength or energy , make effort <f c="1" s="-1"><a> RV. </a> i , 140 , 6 ; ii , 12 , 11 ; iii , 32 , 11</f> <f c="1" s="-1"><a> Pat. </a></f> on <f c="1" s="-1"><a> Pa1n2. </a> 3-1 , 11</f> <f c="1" s="-1"><a> Bhat2t2. </a></f>    </d></r>
</u>
<n>ojAyita</n>
<u>
<r><d><b>(H2) <f c="b">ojāyita</f><f s="-1"> [p= <c h="0235-aizvaryavivaraNa">235</c>,2]</f><f s="-1"> [L=40641]</f></b></d>
<d> <em><f c="1">n.</f></em> stout-heartedness , courageous behaviour.    </d></r>
</u>
<n>ojIyas</n>
<u>
<r><d><b>(H2) <f c="b">ójīyas</f><f s="-1"> [p= <c h="0235-aizvaryavivaraNa">235</c>,2]</f><f s="-1"> [L=40645]</f></b></d>
<d> <em><f c="1">mfn.</f></em> <q><f s="-1" c="1">compar.</f></q> of <f c="b">ugrá</f> <q><f s="-1" c="1">q.v.</f></q>    </d></r>
</u>
<n>ojizWa</n>
<u>
<r><d><b>(H2) <f c="b">ójiṣṭha</f><f s="-1"> [p= <c h="0235-aizvaryavivaraNa">235</c>,2]</f><f s="-1"> [L=40642]</f></b></d>
<d> <em><f c="1">mfn.</f></em> superl. of <f c="b">ugrá</f> <q><f s="-1" c="1">q.v.</f></q>  </d></r>
<r><d><b>(H2B) <f c="b">ójiṣṭha</f><f s="-1"> [L=40643]</f></b></d>
<d> <em><f c="1">m.</f></em> <q><f s="-1" c="1">N.</f></q> of a <f c="t">muni</f> , <f c="1" s="-1"><a> BrahmaP. </a></f>   </d></r>
<r><d><b>(H2B) <f c="b">ójiṣṭha</f><f s="-1"> [L=40644]</f></b></d>
<d> <em><f c="1">m. </f></em><em><f c="1">pl.</f></em> the descendants of the same <f c="1" s="-1">ib.</f>; ([<q><f s="-1" c="1">cf.</f></q> <q><f s="-1" c="1">Zd.</f></q> <f c="b">aojista</f>.])      </d></r>
</u>
<n>ojman</n>
<u>
<r><d><b>(H2) <f c="b">ojmán</f><f s="-1"> [p= <c h="0235-aizvaryavivaraNa">235</c>,2]</f><f s="-1"> [L=40652]</f></b></d>
<d> <em><f c="1">m.</f></em> power , vigour , energy , speed velocity <f c="1" s="-1"><a> RV. </a> vi , 47 , 27</f> <f c="1" s="-1"><a> AV. </a></f>; ([<q><f s="-1" c="1">cf.</f></q> <q><f s="-1" c="1">Lat.</f></q> <f c="b">augmentu-m</f> ; <q><f s="-1" c="1">Lith.</f></q> <f c="b">augmu</f>.])    </d></r>
</u>
<n>ojobalA</n>
<u>
<r><d><b>(H3) <f c="b">ojo--balā</f><f s="-1"> [p= <c h="0235-aizvaryavivaraNa">235</c>,2]</f><f s="-1"> [L=40650]</f></b></d>
<d> <em><f c="1">f.</f></em> <q><f s="-1" c="1">N.</f></q> of a goddess of the <f c="t">bodhi</f> tree <f c="1" s="-1">ib.</f>   </d></r>
</u>
<n>ojodAtama</n>
<u>
<r><d><b>(H4) <f c="b">ojo--dā́---tama</f><f s="-1"> [p= <c h="0235-aizvaryavivaraNa">235</c>,2]</f><f s="-1"> [L=40648]</f></b></d>
<d> <em><f c="1">mfn.</f></em>   granting great power , very strengthening <f c="1" s="-1"><a> RV. </a> viii , 92 , 17 ;</f> ([<q><f s="-1" c="1">cf.</f></q> <q><f s="-1" c="1">Zd.</f></q> <f c="b">aogazdactema</f>.])    </d></r>
</u>
<n>ojodA</n>
<u>
<r><d><b>(H3) <f c="b">ojo--dā́</f><f s="-1"> [p= <c h="0235-aizvaryavivaraNa">235</c>,2]</f><f s="-1"> [L=40647]</f></b></d>
<d> <em><f c="1">mfn.</f></em> granting power , strengthening <f c="1" s="-1"><a> RV. </a> viii , 3 , 24</f> <f c="1" s="-1"><a> TS. </a> v </f> {;} ([<q><f s="-1" c="1">cf.</f></q> <q><f s="-1" c="1">Zd.</f></q> <f c="b">aogazda7o</f>])  </d></r>
</u>
<n>ojomAnI</n>
<u>
<r><d><b>(H3) <f c="b">ojo--mānī</f><f s="-1"> [p= <c h="0235-aizvaryavivaraNa">235</c>,2]</f><f s="-1"> [L=40651]</f></b></d>
<d> <em><f c="1">f.</f></em> <q><f s="-1" c="1">N.</f></q> of a plant <f c="1" s="-1"><a> Kaus3. </a></f>    </d></r>
</u>
<n>ojopati</n>
<u>
<r><d><b>(H3) <f c="b">ojo--pati</f><f s="-1"> [p= <c h="0235-aizvaryavivaraNa">235</c>,2]</f><f s="-1"> [L=40649]</f></b></d>
<d> (with  <q><f s="-1" c="1">irr.</f></q> Sandhi) <em><f c="1">m.</f></em> <q><f s="-1" c="1">N.</f></q> of a deity of the <f c="t">bodhi</f> tree <f c="1" s="-1"><a> Lalit. </a></f>   </d></r>
</u>
<n>ojo</n>
<u>
<r><d><b>(H2) <f c="b">ojo</f><f s="-1"> [p= <c h="0235-aizvaryavivaraNa">235</c>,2]</f><f s="-1"> [L=40646]</f></b></d>
<d> (in  <q><f s="-1" c="1">comp.</f></q> for <f c="b">ójas</f> above ) .   </d></r>
</u>
<n>oj</n>
<u>
<r><d><b>(H1) <f c="b">oj</f><f s="-1"> [p= <c h="0235-aizvaryavivaraNa">235</c>,2]</f><f s="-1"> [L=40621]</f></b></d>
<d><p>  <em>cl.1.10.</em><em><f c="1">P.</f></em> <f c="b">ojati</f> , <f c="b">ojayati</f> , to be strong or able <f c="p"> ; </f></p><p> to increase , have vital power <f c="1" s="-1"><a> Dha1tup. </a> xxxv , 84.</f>    </p></d></r>
</u>
<n>okaHsArin</n>
<u>
<r><d><b>(H3) <f c="b">okaḥsārin</f><f s="-1"> [p= <c h="0235-aizvaryavivaraNa">235</c>,1]</f><f s="-1"> [L=40596]</f></b></d>
<d> <em><f c="1">mfn.</f></em> going after or frequenting an abode <f c="1" s="-1"><a> AitBr. </a></f>   </d></r>
</u>
<n>okaja</n>
<u>
<r><d><b>(H3) <f c="b">oka--ja</f><f s="-1"> [p= <c h="0235-aizvaryavivaraNa">235</c>,1]</f><f s="-1"> [L=40594]</f></b></d>
<d> <em><f c="1">mfn.</f></em> born in the house , bred at home (as cows) <f c="1" s="-1"><a> Hcat. </a></f>    </d></r>
</u>
<n>okaRa</n>
<u>
<r><d><b>(H1) <f c="b">okaṇa</f><f s="-1"> [p= <c h="0235-aizvaryavivaraNa">235</c>,1]</f><f s="-1"> [L=40601]</f></b></d>
<d> <f c="b">okaṇi</f> <em><f c="1">m.</f></em> a bug <f c="1" s="-1"><a> L. </a></f>    </d></r>
</u>
<n>okAra</n>
<u>
<r><d><b>(H3) <f c="b">o--kāra</f><f s="-1"> [p= <c h="0235-aizvaryavivaraNa">235</c>,1]</f><f s="-1"> [L=40585]</f></b></d>
<d> <em><f c="1">m.</f></em> the letter or sound <f c="b">o</f> <f c="1" s="-1"><a> La1t2y. </a></f> <f c="1" s="-1"><a> APra1t. </a></f>    </d></r>
</u>
<n>okas</n>
<u>
<r><d><b>(H2) <f c="b">ókas</f><f s="-1"> [p= <c h="0235-aizvaryavivaraNa">235</c>,1]</f><f s="-1"> [L=40595]</f></b></d>
<d> <em><f c="1">n.</f></em> house , dwelling , place of abiding , abode , home , refuge , asylum <f c="1" s="-1"><a> RV. </a></f> <f c="1" s="-1"><a> AV. </a></f> <f c="1" s="-1"><a> MBh. </a></f> <f c="1" s="-1"><a> BhP. </a> </f><f s="-1"> &amp;c </f> (<q><f s="-1" c="1">cf.</f></q> <f c="b">divau</f><f c="r">*</f><f c="b">kas</f> , <f c="b">vanau</f><f c="r">*</f><f c="b">kas</f> , <f s="-1"> &amp;c </f>)   </d></r>
</u>
<n>oka</n>
<u>
<r><d><b>(H1) <f c="b">oka</f><f s="-1"> [p= <c h="0235-aizvaryavivaraNa">235</c>,1]</f><f s="-1"> [L=40590]</f></b></d>
<d> <em><f c="1">m.</f></em> ( √<f c="b">uc</f> <q><f s="-1" c="1">Comm.</f></q> on <f c="1" s="-1"><a> Un2. </a> iv , 215</f>), a house , refuge , asylum (<q><f s="-1" c="1">cf.</f></q> <f c="b">an-oka-śāyin</f>)  </d></r>
<r><d><b><f s="-1"> [L=40591]</f></b></d>
<d>  a bird <f c="1" s="-1"><a> L. </a></f>   </d></r>
<r><d><b><f s="-1"> [L=40592]</f></b></d>
<d>   <f c="p">=</f> <f c="b">vṛṣala</f> <f c="1" s="-1"><a> T. </a></f>   </d></r>
<r><d><b><f s="-1"> [L=40593]</f></b></d>
<d>  conjunction of heavenly bodies <f c="1" s="-1"><a> L. </a></f>    </d></r>
</u>
<n>okivas</n>
<u>
<r><d><b>(H2) <f c="b">okivas</f><f s="-1"> [p= <c h="0235-aizvaryavivaraNa">235</c>,1]</f><f s="-1"> [L=40598]</f></b></d>
<d> <em><f c="1">mfn.</f></em> (<q><f s="-1" c="1">irr.</f></q>  <q><f s="-1" c="1">p.p.</f></q>  <em><f c="1">P.</f></em> of  √ <f c="b">uc</f>) accustomed to , used to , having a liking for <f c="1" s="-1"><a> RV. </a> vi , 59 , 3.</f>    </d></r>
<r><d><b>(H2) <f c="b">okivás</f><f s="-1"> [p= <c h="1323">1323</c>,2]</f><f s="-1"> [L=325750]</f></b></d>
<d> (<f c="1" s="-1"><a> RV. </a></f>).</d></r>
</u>
<n>okkaRI</n>
<u>
<r><d><b>(H3) <f c="b">okkaṇī</f><f s="-1"> [p= <c h="0235-aizvaryavivaraNa">235</c>,1]</f><f s="-1"> [L=40603]</f></b></d>
<d> <em><f c="1">f.</f></em> <q><f s="-1" c="1">id.</f></q> <f c="1" s="-1"><a> L. </a></f>    </d></r>
</u>
<n>okodanI</n>
<u>
<r><d><b>(H2) <f c="b">okodanī</f><f s="-1"> [p= <c h="0235-aizvaryavivaraNa">235</c>,1]</f><f s="-1"> [L=40602]</f></b></d>
<d> <em><f c="1">f.</f></em> <q><f s="-1" c="1">id.</f></q> <f c="1" s="-1"><a> L. </a></f>    </d></r>
</u>
<n>okoniDana</n>
<u>
<r><d><b>(H3) <f c="b">oko-nidhana</f><f s="-1"> [p= <c h="0235-aizvaryavivaraNa">235</c>,1]</f><f s="-1"> [L=40597]</f></b></d>
<d> <em><f c="1">n.</f></em> <q><f s="-1" c="1">N.</f></q> of a <f c="t">sāman</f>.    </d></r>
</u>
<n>okta</n>
<u>
<r><d><b>(H2) <f c="b">ó</f><f c="r">*</f> <f c="b">kta</f><f s="-1"> [p= <c h="0154-ArSeyavat">154</c>,2]</f><f s="-1"> [L=26945]</f></b></d>
<d> (<f c="b">ā́-ukta</f>) <em><f c="1">mfn.</f></em> addressed , invoked <f c="1" s="-1"><a> RV. </a> i , 63 , 9.</f>    </d></r>
</u>
<n>okula</n>
<u>
<r><d><b>(H1) <f c="b">okula</f><f s="-1"> [p= <c h="0235-aizvaryavivaraNa">235</c>,1]</f><f s="-1"> [L=40604]</f></b></d>
<d> <em><f c="1">m.</f></em> wheat fried slightly <f c="1" s="-1"><a> L. </a></f>    </d></r>
</u>
<n>oK</n>
<u>
<r><d><b>(H1) <f c="b">okh</f><f s="-1"> [p= <c h="0235-aizvaryavivaraNa">235</c>,1]</f><f s="-1"> [L=40606]</f></b></d>
<d><p>  <em>cl.1 P.</em> <f c="b">okhati</f> , <f c="b">okhāṃ-cakāra</f> , <f c="b">okhitā</f> , <f s="-1"> &amp;c </f> , to be dry or arid <f c="p"> ; </f></p><p> to be able , suffice <f c="p"> ; </f></p><p> to adorn <f c="p"> ; </f></p><p> to refuse , ward off <f c="1" s="-1"><a> Dha1tup. </a> v , 7.</f>    </p></d></r>
</u>
<n>okya</n>
<u>
<r><d><b>(H2) <f c="b">okyá</f><f s="-1"> [p= <c h="0235-aizvaryavivaraNa">235</c>,1]</f><f s="-1"> [L=40599]</f></b></d>
<d> <em><f c="1">mfn.</f></em> fit for or belonging to a home <f c="1" s="-1"><a> RV. </a> ix , 86 , 45</f>  </d></r>
<r><d><b>(H2B) <f c="b">okyá</f><f s="-1"> [L=40600]</f></b></d>
<d> <em><f c="1">n.</f></em> <f c="p">=</f> <f c="b">ókas</f> above <f c="1" s="-1"><a> RV. </a></f>     </d></r>
</u>
<n>okz</n>
<u>
<r><d><b>(H1) <f c="b">o</f><f c="r">*</f> <f c="b">kṣ</f><f s="-1"> [p= <c h="0235-aizvaryavivaraNa">235</c>,1]</f><f s="-1"> [L=40605]</f></b></d>
<d> (<f c="b">ā-</f> √<f c="b">ukṣ</f>) <em><f c="1">P.</f></em> <f c="b">-ukṣati</f> , to sprinkle over or upon <f c="1" s="-1"><a> RV. </a></f>    </d></r>
</u>
<n>olaj</n>
<u>
<r><d><b>(H2) <f c="b">olaj</f><f s="-1"> [p= <c h="0236-omkArIya">236</c>,1]</f><f s="-1"> [L=40722]</f></b></d>
<d> <f s="-1">vv.ll.</f> for the above.    </d></r>
</u>
<n>olaRq</n>
<u>
<r><d><b>(H1) <f c="b">olaṇḍ</f><f s="-1"> [p= <c h="0236-omkArIya">236</c>,1]</f><f s="-1"> [L=40721]</f></b></d>
<d>  <em>cl.1.8.10.</em><em><f c="1">P.</f></em> <f c="b">olaṇḍati</f> , <f c="b">olaṇḍayati</f> , <f c="b">olaṇḍāṃ-</f> , or <f c="b">olaṇḍayām-babhūva</f> , <f c="b">aulaṇḍīt</f> , to throw out , eject <f c="1" s="-1"><a> Dha1tup. </a> xxxii , 9</f> (<q><f s="-1" c="1">cf.</f></q> <f c="b">ulaḍ</f>.)    </d></r>
</u>
<n>ola</n>
<u>
<r><d><b>(H1) <f c="b">ola</f><f s="-1"> [p= <c h="0236-omkArIya">236</c>,1]</f><f s="-1"> [L=40720]</f></b></d>
<d>  <em><f c="1">mfn.</f></em> or <f c="b">olla</f> wet , damp <f c="1" s="-1"><a> L. </a></f>     </d></r>
<r><d><b>(H1B) <f c="b">ola</f><f s="-1"> [L=40720.1]</f></b></d>
<d>  <em><f c="1">n.</f></em> <f c="b" s="-1">Arum Campanulatum</f> <f c="1" s="-1"><a> L. </a></f>      </d></r>
</u>
<n>olj</n>
<u>
<r><d><b>(H3) <f c="b">olj</f><f s="-1"> [p= <c h="0236-omkArIya">236</c>,1]</f><f s="-1"> [L=40723]</f></b></d>
<d> <f s="-1">vv.ll.</f> for the above.    </d></r>
</u>
<n>omalA</n>
<u>
<r><d><b>(H1) <f c="b">omalā</f><f s="-1"> [p= <c h="0236-omkArIya">236</c>,1]</f><f s="-1"> [L=40716]</f></b></d>
<d> <em><f c="1">f.</f></em> <q><f s="-1" c="1">N.</f></q> of a <f c="t">śakti</f> <f c="1" s="-1"><a> Nr2isUp. </a></f>  </d></r>
<r><d><b><f s="-1"> [L=40717]</f></b></d>
<d>   (<q><f s="-1" c="1">v.l.</f></q> <f c="b">aupalā</f>.)     </d></r>
</u>
<n>omanvat</n>
<u>
<r><d><b>(H3) <f c="b">óman--vat</f><f s="-1"> [p= <c h="0236-omkArIya">236</c>,1]</f><f s="-1"> [L=40712]</f></b></d>
<d>  <em><f c="1">mfn.</f></em> (<f c="b">óman-</f>) helping , useful <f c="1" s="-1"><a> RV. </a> x , 39 , 9</f>     </d></r>
<r><d><b><f s="-1"> [L=40712.1]</f></b></d>
<d>  favourable , propitious <f c="1" s="-1"><a> MaitrS. </a> iv , 3 , 9</f> <f c="1" s="-1"><a> S3Br. </a> i.</f>      </d></r>
</u>
<n>oman</n>
<u>
<r><d><b>(H2) <f c="b">omán</f><f s="-1"> [p= <c h="0236-omkArIya">236</c>,1]</f><f s="-1"> [L=40710]</f></b></d>
<d> <em><f c="1">m.</f></em> help , protection , favour , kindness <f c="1" s="-1"><a> RV. </a></f>  </d></r>
<r><d><b>(H2B) <f c="b">óman</f><f s="-1"> [L=40711]</f></b></d>
<d> <em><f c="1">m.</f></em>  (<f c="b">óman</f> , <f c="b">ā</f>)  a friend , helper , protector <f c="1" s="-1"><a> RV. </a> v , 43. 13.</f>    </d></r>
</u>
<n>omAtrA</n>
<u>
<r><d><b>(H2) <f c="b">ómātrā</f><f s="-1"> [p= <c h="0236-omkArIya">236</c>,1]</f><f s="-1"> [L=40713]</f></b></d>
<d> <em><f c="1">f.</f></em> protection , favour , readiness to help <f c="1" s="-1"><a> RV. </a> x , 50 , 5.</f>    </d></r>
</u>
<n>oma</n>
<u>
<r><d><b>(H2) <f c="b">oma</f><f s="-1"> [p= <c h="0236-omkArIya">236</c>,1]</f><f s="-1"> [L=40709]</f></b></d>
<d> (<f c="b">omāsas</f>  <q><f s="-1" c="1">voc.</f></q>  <q><f s="-1" c="1">pl.</f></q>) <em><f c="1">m.</f></em> ( √<f c="b">av</f>) , a friend helper , protector <f c="1" s="-1"><a> RV. </a> i , 3 , 7.</f>    </d></r>
</u>
<n>omila</n>
<u>
<r><d><b>(H1) <f c="b">omila</f><f s="-1"> [p= <c h="0236-omkArIya">236</c>,1]</f><f s="-1"> [L=40718]</f></b></d>
<d> <em><f c="1">m.</f></em> <q><f s="-1" c="1">N.</f></q> of a man.    </d></r>
</u>
<n>omkAraBawwa</n>
<u>
<r><d><b>(H4) <f c="b">óm--kāra---bhaṭṭa</f><f s="-1"> [p= <c h="0236-omkArIya">236</c>,1]</f><f s="-1"> [L=40705.7]</f></b></d>
<d> <em><f c="1">m.</f></em> <q><f s="-1" c="1">N.</f></q> of a man.   </d></r>
</u>
<n>omkAragranTa</n>
<u>
<r><d><b>(H4) <f c="b">óm--kāra---grantha</f><f s="-1"> [p= <c h="0236-omkArIya">236</c>,1]</f><f s="-1"> [L=40705.4]</f></b></d>
<d> <em><f c="1">m.</f></em> <q><f s="-1" c="1">N.</f></q> of <q><f s="-1" c="1">wk.</f></q> of <f c="t">nārāyaṇa</f>   </d></r>
</u>
<n>omkArapIWa</n>
<u>
<r><d><b>(H4) <f c="b">óm--kāra---pīṭha</f><f s="-1"> [p= <c h="0236-omkArIya">236</c>,1]</f><f s="-1"> [L=40705.6]</f></b></d>
<d> <em><f c="1">n.</f></em> <q><f s="-1" c="1">N.</f></q> of a place   </d></r>
</u>
<n>omkAratIrTa</n>
<u>
<r><d><b>(H4) <f c="b">óm--kāra---tīrtha</f><f s="-1"> [p= <c h="0236-omkArIya">236</c>,1]</f><f s="-1"> [L=40705.5]</f></b></d>
<d> <em><f c="1">n.</f></em> <q><f s="-1" c="1">N.</f></q> of a <f c="t">tīrtha</f>   </d></r>
</u>
<n>oMkAra</n>
<u>
<r><d><b>(H3) <f c="b">óṃ--kāra</f><f s="-1"> [p= <c h="0236-omkArIya">236</c>,1]</f><f s="-1"> [p= <c h="0235-aizvaryavivaraNa">235</c>,3]</f><f s="-1"> [L=40705]</f></b></d>
<d>   <em><f c="1">m.</f></em> (<f c="b">oṃ-k</f><f c="r">°</f>) the sacred and mystical syllable <f c="b">om</f> , the exclamation <f c="b">om</f> , pronouncing the syllable <f c="b">om</f> <f c="1" s="-1"><a> Mn. </a> ii , 75 ; 81</f> <f c="1" s="-1"><a> Katha1s. </a></f> <f c="1" s="-1"><a> Bhag. </a></f> <f s="-1"> &amp;c </f> , (<q><f s="-1" c="1">cf.</f></q> <f c="b">vijayoṃkāra</f> , <f c="b">kṛtoṃkāra</f>)     </d></r>
<r><d><b>(H3) <f c="b">óṃ--kāra</f><f s="-1"> [L=40705.1]</f></b></d>
<d>  <em><f c="1">m.</f></em> a beginning , prosperous or auspicious beginning of (<q><f s="-1" c="1">e.g.</f></q> a science) <f c="1" s="-1"><a> Ba1lar. </a></f>     </d></r>
<r><d><b>(H3) <f c="b">óṃ--kāra</f><f s="-1"> [L=40705.2]</f></b></d>
<d>  <em><f c="1">m.</f></em> <q><f s="-1" c="1">N.</f></q> of a <f c="t">liṅga</f>     </d></r>
</u>
<n>oMkArA</n>
<u>
<r><d><b>(H3) <f c="b">óṃ--kārā</f><f s="-1"> [p= <c h="0236-omkArIya">236</c>,1]</f><f s="-1"> [L=40705.3]</f></b></d>
<d>   <em><f c="1">f.</f></em> a Buddhist <f c="t">śakti</f> or female personification of divine energy <f c="1" s="-1"><a> L. </a></f>    </d></r>
</u>
<n>omkArIya</n>
<u>
<r><d><b>(H3) <f c="b">óm--</f><f c="r">°</f> <f c="b">kārīya</f><f s="-1"> [p= <c h="0236-omkArIya">236</c>,1]</f><f s="-1"> [L=40706]</f></b></d>
<d> <em><f c="1">Nom.</f></em> <em><f c="1">P.</f></em> <f c="b">oṃkārīyati</f> , to be an <f c="t">oṃkāra</f> (?) <q><f s="-1" c="1">Comm.</f></q> on <f c="1" s="-1"><a> Pa1n2. </a> 6-1 , 95.</f>   </d></r>
</u>
<n>oMkfta</n>
<u>
<r><d><b>(H3) <f c="b">óṃ--kṛta</f><f s="-1"> [p= <c h="0236-omkArIya">236</c>,1]</f><f s="-1"> [L=40707]</f></b></d>
<d>  <em><f c="1">mfn.</f></em> having an uttered <f c="b">om</f>   </d></r>
<r><d><b>(H3) <f c="b">óṃ--kṛta</f><f s="-1"> [L=40708]</f></b></d>
<d>  <em><f c="1">mfn.</f></em> accompanied by <f c="b">om</f>.      </d></r>
</u>
<n>om</n>
<u>
<r><d><b>(H1) <f c="b">óm</f><f s="-1"> [p= <c h="0235-aizvaryavivaraNa">235</c>,3]</f><f s="-1"> [L=40704]</f></b></d>
<d>  <em><f c="1">ind.</f></em> ( √<f c="b">av</f> <f c="1" s="-1"><a> Un2. </a> i , 141</f> ; originally <f c="b">oṃ</f> <f c="p">=</f> <f c="b">āṃ</f> , which may be derived from <f c="b">ā</f> <f c="1" s="-1"><a> BRD. </a></f>), a word of solemn affirmation and respectful assent , sometimes translated by " yes , verily , so be it " (and in this sense compared with Amen ; it is placed at the commencement of most Hindu works , and as a sacred exclamation may be uttered [but not so as to be heard by ears profane] at the beginning and end of a reading of the <f c="t">veda</f>s or previously to any prayer ; it is also regarded as a particle of auspicious salutation [Hail!] ; <f c="b">om</f> appears first in the <f c="t">upaniṣad</f>s as a mystic monosyllable , and is there set forth as the object of profound religious meditation , the highest spiritual efficacy being attributed not only to the whole word but also to the three sounds <f c="b">a</f> , <f c="b">u</f> , <f c="b">m</f> , of which it consists ; in later times <f c="b">om</f> is the mystic name for the Hindu triad , and represents the union of the three gods , viz. a (<f c="t">viṣṇu</f>) , <f c="b">u</f> (<f c="t">śiva</f>) , <f c="b">m</f> (<f c="t">brahmā</f>) ; it may also be typical of the three <f c="t">veda</f>s ; <f c="b">om</f> is usually called <f c="b">praṇava</f> , more rarely <f c="b">akṣara</f> , or <f c="b">ekākṣara</f> , and only in later times <f c="b">oṃkāra</f>) <f c="1" s="-1"><a> VS. </a></f> <f c="1" s="-1"><a> S3Br. </a></f> <f c="1" s="-1"><a> ChUp. </a></f> <f s="-1"> &amp;c </f>    </d></r>
<r><d><b><f s="-1"> [L=40704.1]</f></b></d>
<d>  (Buddhists place <f c="b">om</f> at the beginning of their <f c="b">vidyā ṣaḍakṣarī</f> or mystical formulary in six syllables  [viz. <f c="b">om maṇi padme hūṃ</f>] ; according to <f c="1" s="-1"><a> T. </a></f> <f c="b">om</f> may be used in the following senses: <f c="b">praṇave</f> , <f c="b">ārambhe</f> , <f c="b">svīkāre</f> , <f c="b">anumatau</f> , <f c="b">apā</f><f c="r">*</f><f c="b">kṛtau</f> , <f c="b">asvīkāre</f> , <f c="b">maṅgale</f> , <f c="b">śubhe</f> , <f c="b">jñeye</f> , <f c="b">brahmaṇi</f> ; with preceding <f c="b">a</f> or <f c="b">ā</f> , the <f c="b">o</f> of <f c="b">om</f> does not form <f c="t">vṛddhi</f> (<f c="b">au</f>) , but <f c="t">guṇa</f> (<f c="b">o</f>) <f c="1" s="-1"><a> Pa1n2. </a> 6-1 , 95.</f>)     </d></r>
</u>
<n>omyAvat</n>
<u>
<r><d><b>(H3) <f c="b">omyā́--vat</f><f s="-1"> [p= <c h="0236-omkArIya">236</c>,1]</f><f s="-1"> [L=40715]</f></b></d>
<d> <em><f c="1">mfn.</f></em> helping , useful , favourable <f c="1" s="-1"><a> RV. </a> i , 112 , 7 ; 20.</f>    </d></r>
</u>
<n>omyA</n>
<u>
<r><d><b>(H2) <f c="b">omyā́</f><f s="-1"> [p= <c h="0236-omkArIya">236</c>,1]</f><f s="-1"> [L=40714]</f></b></d>
<d> <em><f c="1">f.</f></em> <q><f s="-1" c="1">id.</f></q> <f c="1" s="-1"><a> MaitrS. </a> i 8 , 9</f> <f c="1" s="-1"><a> S3a1n3khS3r. </a></f>   </d></r>
</u>
<n>opadru</n>
<u>
<r><d><b>(H1) <f c="b">o</f><f c="r">*</f> <f c="b">pa-</f> √ <f c="b">dru</f><f s="-1"> [p= <c h="0235-aizvaryavivaraNa">235</c>,3]</f><f s="-1"> [L=40698]</f></b></d>
<d> <em><f c="1">P.</f></em> (<q><f s="-1" c="1">Impv.</f></q> 2.  <f s="-1">sg.</f> <f c="b">-drava</f>) to hasten near to <f c="1" s="-1"><a> RV. </a> vi , 48 , 16.</f>    </d></r>
</u>
<n>opaSa</n>
<u>
<r><d><b>(H1) <f c="b">opaśá</f><f s="-1"> [p= <c h="0235-aizvaryavivaraNa">235</c>,3]</f><f s="-1"> [L=40699]</f></b></d>
<d> <em><f c="1">m.</f></em> (fr. <f c="b">upa-</f> √<f c="b">śī</f>) , that on which any one rests , a cushion , pillow <f c="1" s="-1"><a> RV. </a> ix , 71 , 1 ; x , 85 , 8</f> <f c="1" s="-1"><a> AV. </a> ix , 3 , 8 ; xiv , 1 , 8</f>  </d></r>
<r><d><b><f s="-1"> [L=40700]</f></b></d>
<d>  top-knot , plume  (perhaps for <f c="b">avapaśa</f> ,  √<f c="b">paś</f>)   </d></r>
<r><d><b>(H1B) <f c="b">opaśá</f><f s="-1"> [L=40701]</f></b></d>
<d> <em><f c="1">n.</f></em> a support , stay , pillar <f c="1" s="-1"><a> RV. </a> i , 173 , 6 ; viii , 14 , 5.</f>     </d></r>
<r><d><b>(H2) <f c="b">opaśá</f><f s="-1"> [p= <c h="1323">1323</c>,2]</f><f s="-1"> [L=325810]</f></b></d>
<d> (<q><f s="-1" c="1">accord.</f></q> to some also, "a horn").</d></r>
</u>
<n>opaSin</n>
<u>
<r><d><b>(H2) <f c="b">opaśín</f><f s="-1"> [p= <c h="0235-aizvaryavivaraNa">235</c>,3]</f><f s="-1"> [L=40702]</f></b></d>
<d> <em><f c="1">mfn.</f></em> provided with or lying upon cushions or pillows , effeminate <f c="1" s="-1"><a> AV. </a> vi , 138 , 1</f> ; 2.    </d></r>
</u>
<n>opya</n>
<u>
<r><d><b>(H1) <f c="b">o</f><f c="r">*</f> <f c="b">pya</f><f s="-1"> [p= <c h="0235-aizvaryavivaraNa">235</c>,3]</f><f s="-1"> [L=40703]</f></b></d>
<d> (<f c="b">ā-upya</f>) <f s="-1">ind.p.</f> of <f c="b">ā-</f> √<f c="b">vap</f> (<q><f s="-1" c="1">q.v.</f></q>) , having scattered or thrown into , pouring down <f c="1" s="-1"><a> S3Br. </a></f> <f c="1" s="-1"><a> A1s3vGr2. </a> </f><f s="-1"> &amp;c </f>    </d></r>
<r><d><b>(H2) <f c="b">o</f><f c="r">*</f> <f c="b">pya</f><f s="-1"> [p= <c h="1323">1323</c>,2]</f><f s="-1"> [L=325820]</f></b></d>
<d> (<f c="1" s="-1"><a> S3Br. </a></f>).</d></r>
</u>
<n>oqava</n>
<u>
<r><d><b>(H1) <f c="b">oḍava</f><f s="-1"> [p= <c h="0235-aizvaryavivaraNa">235</c>,2]</f><f s="-1"> [L=40654]</f></b></d>
<d> (<f c="b">oḍaka</f> <f c="1" s="-1"><a> W. </a></f>) <em><f c="1">m.</f></em> (in mus.) a mode which consists of five notes only (omitting <f c="t">ṛṣabha</f> and <f c="t">pañcama</f>) .    </d></r>
</u>
<n>oqa</n>
<u>
<r><d><b>(H1) <f c="b">oḍa</f><f s="-1"> [p= <c h="0235-aizvaryavivaraNa">235</c>,2]</f><f s="-1"> [L=40653]</f></b></d>
<d> <em><f c="1">m.</f></em> <q><f s="-1" c="1">N.</f></q> of a man <f c="1" s="-1"><a> Ra1jat. </a></f>    </d></r>
</u>
<n>oQa</n>
<u>
<r><d><b>(H1) <f c="b">ó</f><f c="r">*</f> <f c="b">ḍha</f><f s="-1"> [p= <c h="0235-aizvaryavivaraNa">235</c>,2]</f><f s="-1"> [L=40662]</f></b></d>
<d> <em><f c="1">mfn.</f></em> (<q><f s="-1" c="1">p.p.</f></q> of <f c="b">ā-</f> √<f c="b">vah</f> <q><f s="-1" c="1">q.v.</f></q>) brought or carried near.    </d></r>
</u>
<n>oqikA</n>
<u>
<r><d><b>(H1) <f c="b">oḍikā</f><f s="-1"> [p= <c h="0235-aizvaryavivaraNa">235</c>,2]</f><f s="-1"> [L=40655]</f></b></d>
<d> <em><f c="1">f.</f></em> wild rice <f c="1" s="-1"><a> L. </a></f> (<q><f s="-1" c="1">cf.</f></q> <f c="b">odaná</f>.)    </d></r>
</u>
<n>oqradeSa</n>
<u>
<r><d><b>(H3) <f c="b">oḍra--deśa</f><f s="-1"> [p= <c h="0235-aizvaryavivaraNa">235</c>,2]</f><f s="-1"> [L=40659]</f></b></d>
<d> <em><f c="1">m.</f></em> <q><f s="-1" c="1">N.</f></q> of the country Orissa.   </d></r>
</u>
<n>oqrAKyA</n>
<u>
<r><d><b>(H3) <f c="b">oḍrā</f><f c="r">*</f> <f c="b">khyā</f><f s="-1"> [p= <c h="0235-aizvaryavivaraNa">235</c>,2]</f><f s="-1"> [L=40661]</f></b></d>
<d> <em><f c="1">f.</f></em> the China rose <f c="1" s="-1"><a> L. </a></f>    </d></r>
</u>
<n>oqrapuzpa</n>
<u>
<r><d><b>(H3) <f c="b">oḍra--puṣpa</f><f s="-1"> [p= <c h="0235-aizvaryavivaraNa">235</c>,2]</f><f s="-1"> [L=40660]</f></b></d>
<d> <em><f c="1">n.</f></em> the flower of the China rose <f c="1" s="-1"><a> L. </a></f>   </d></r>
</u>
<n>oqra</n>
<u>
<r><d><b>(H1) <f c="b">oḍra</f><f s="-1"> [p= <c h="0235-aizvaryavivaraNa">235</c>,2]</f><f s="-1"> [L=40656]</f></b></d>
<d> <em><f c="1">m.</f></em> <q><f s="-1" c="1">N.</f></q> of a country (the modern Orissa ; <f c="p">»</f> <f c="1" s="-1"> Lassen. ?? , IA. i , 224</f> , note 2)  </d></r>
<r><d><b>(H1B) <f c="b">oḍra</f><f s="-1"> [L=40657]</f></b></d>
<d> <em><f c="1">m. </f></em><em><f c="1">pl.</f></em> the inhabitants of that country <f c="1" s="-1"><a> Hariv. </a></f> <f c="1" s="-1"><a> Mn. </a> x , 44</f> <f c="1" s="-1"><a> R. </a></f> <f s="-1"> &amp;c </f>   </d></r>
<r><d><b>(H1B) <f c="b">oḍra</f><f s="-1"> [L=40658]</f></b></d>
<d> <em><f c="1">m.</f></em> the China rose <f c="1" s="-1"><a> L. </a></f>     </d></r>
</u>
<n>orimikA</n>
<u>
<r><d><b>(H1) <f c="b">orimikā</f><f s="-1"> [p= <c h="0236-omkArIya">236</c>,1]</f><f s="-1"> [L=40719]</f></b></d>
<d> <em><f c="1">f.</f></em> <q><f s="-1" c="1">N.</f></q> of a section of the <f c="t">kāṭhaka</f> recension of the <f c="t">yajur-veda</f>.    </d></r>
</u>
<n>oRi</n>
<u>
<r><d><b>(H2) <f c="b">oṇí</f><f s="-1"> [p= <c h="0235-aizvaryavivaraNa">235</c>,2]</f><f s="-1"> [L=40664]</f></b></d>
<d> <em><f c="1">m.</f></em> (or  <em><f c="1">f.</f></em> ?) protection (from misfortune)  , shelter [<f c="1" s="-1"><a> Sa1y. </a></f>] <f c="1" s="-1"><a> RV. </a> i , 61 , 14</f>  </d></r>
<r><d><b>(H2B) <f c="b">oṇí</f><f s="-1"> [L=40665]</f></b></d>
<d> <em>mf.</em> <q><f s="-1" c="1">du.</f></q> " the two protectors " , the parents <f c="1" s="-1"><a> RV. </a> ix , 101 , 14</f>   </d></r>
<r><d><b>(H2B) <f c="b">oṇí</f><f s="-1"> [L=40666]</f></b></d>
<d> <em>mf.</em>  <q><f s="-1" c="1">du.</f></q> (metaphorically)  heaven and earth <f c="1" s="-1"><a> RV. </a> ix , 16 , 1 ; 65 , 11</f> <f c="1" s="-1"><a> AV. </a> vii , 14 , 1</f> (= <f c="1" s="-1"><a> VS. </a> iv , 25</f>) .     </d></r>
</u>
<n>oRqra</n>
<u>
<r><d><b>(H1) <f c="b">oṇḍra</f><f s="-1"> [p= <c h="0235-aizvaryavivaraNa">235</c>,3]</f><f s="-1"> [L=40667]</f></b></d>
<d> <em><f c="1">m.</f></em> <q><f s="-1" c="1">N.</f></q> of a king <f c="1" s="-1"><a> Ba1lar. </a></f>    </d></r>
</u>
<n>oR</n>
<u>
<r><d><b>(H1) <f c="b">oṇ</f><f s="-1"> [p= <c h="0235-aizvaryavivaraNa">235</c>,2]</f><f s="-1"> [L=40663]</f></b></d>
<d>  <em>cl.1 P.</em> <f c="b">oṇati</f> , <f c="b">oṇāṃ-cakāra</f> , <f c="b">oṇitā</f> , <f s="-1"> &amp;c </f> , to remove , take away , drag along <f c="1" s="-1"><a> Dha1tup. </a> xiii , 11.</f>    </d></r>
</u>
<n>otaprota</n>
<u>
<r><d><b>(H3) <f c="b">o</f><f c="r">*</f> <f c="b">ta--pro</f><f c="r">*</f> <f c="b">ta</f><f s="-1"> [p= <c h="0156-AvIracUrNa">156</c>,2]</f><f s="-1"> [L=27291]</f></b></d>
<d> <em><f c="1">mfn.</f></em> sewn lengthwise and crosswise <f c="1" s="-1"><a> MBh. </a> v , 1789.</f>    </d></r>
<r><d><b>(H3) <f c="b">ó</f><f c="r">*</f> <f c="b">ta--prota</f><f s="-1"> [p= <c h="0235-aizvaryavivaraNa">235</c>,3]</f><f s="-1"> [L=40669]</f></b></d>
<d> <f c="p">»</f> <q><f s="-1" c="1">id.</f></q>    </d></r>
</u>
<n>otave</n>
<u>
<r><d><b>(H2) <f c="b">ótave</f><f s="-1"> [p= <c h="0235-aizvaryavivaraNa">235</c>,3]</f><f s="-1"> [L=40672]</f></b></d>
<d> Ved. <q><f s="-1" c="1">inf.</f></q>    </d></r>
</u>
<n>otavE</n>
<u>
<r><d><b>(H3) <f c="b">ótavai</f><f s="-1"> [p= <c h="0235-aizvaryavivaraNa">235</c>,3]</f><f s="-1"> [L=40673]</f></b></d>
<d> Ved. <q><f s="-1" c="1">inf.</f></q>    </d></r>
</u>
<n>ota</n>
<u>
<r><d><b>(H2) <f c="b">o</f><f c="r">*</f> <f c="b">ta</f><f s="-1"> [p= <c h="0156-AvIracUrNa">156</c>,2]</f><f s="-1"> [L=27290]</f></b></d>
<d> (<f c="b">ā-uta</f>) <em><f c="1">mfn.</f></em> interwoven <f c="1" s="-1"><a> BhP. </a></f> <f c="1" s="-1"><a> Mun2d2Up. </a></f>   </d></r>
<r><d><b>(H2) <f c="b">ó</f><f c="r">*</f> <f c="b">ta</f><f c="r"> 1</f><f s="-1"> [p= <c h="0235-aizvaryavivaraNa">235</c>,1]</f><f s="-1"> [L=40589]</f></b></d>
<d> (for 2. <f c="p">»</f> <q><f s="-1" c="1">col.</f></q>3) <em><f c="1">mfn.</f></em> addressed , invoked , summoned <f c="1" s="-1"><a> AV. </a></f>    </d></r>
<r><d><b>(H1) <f c="b">ó</f><f c="r">*</f> <f c="b">ta</f><f c="r"> 2</f><f s="-1"> [p= <c h="0235-aizvaryavivaraNa">235</c>,3]</f><f s="-1"> [L=40668]</f></b></d>
<d> (for 1. <f c="p">»</f> 4. <f c="b">o</f><f c="r">*</f>) <q><f s="-1" c="1">p.p.</f></q> of <f c="b">ā-</f> √<f c="b">ve</f> , <f s="-1"> [p= <c h="0156-AvIracUrNa">156</c>,2]</f>.   </d></r>
</u>
<n>otsUryam</n>
<u>
<r><d><b>(H1) <f c="b">o</f><f c="r">*</f> <f c="b">tsūryám</f><f s="-1"> [p= <c h="0235-aizvaryavivaraNa">235</c>,3]</f><f s="-1"> [L=40675]</f></b></d>
<d> <em><f c="1">ind.</f></em> until the sun rises <f c="1" s="-1"><a> AV. </a> iv , 5 , 7.</f>    </d></r>
<r><d><b>(H2) <f c="b">o</f><f c="r">*</f> <f c="b">tsūryám</f><f s="-1"> [p= <c h="1323">1323</c>,2]</f><f s="-1"> [L=325780]</f></b></d>
<d> (add "i.e. <f c="b">ā</f> + <f c="b">utsūryam</f>"). <f c="b">o</f><f c="r">*</f><f c="b">datī</f> (others, "lustful, wanton").</d></r>
</u>
<n>otu</n>
<u>
<r><d><b>(H1) <f c="b">ótu</f><f c="r"> 1</f><f s="-1"> [p= <c h="0235-aizvaryavivaraNa">235</c>,3]</f><f s="-1"> [L=40670]</f></b></d>
<d> <em><f c="1">m.</f></em> ( √ <f c="b">ve</f>) , the woof or cross-threads of a web <f c="1" s="-1"><a> RV. </a> vi , 9 , 2</f> <f c="1" s="-1"><a> AV. </a> xiv , 2 , 51</f> <f c="1" s="-1"><a> TS. </a> vi</f> <f c="1" s="-1"><a> Kaus3. </a></f>  </d></r>
<r><d><b>(H1B) <f c="b">ótu</f><f c="r"> 1</f><f s="-1"> [L=40671]</f></b></d>
<d> <em><f c="1">n.</f></em> <q><f s="-1" c="1">N.</f></q> of a <f c="t">sāman</f> <f c="1" s="-1"><a> A1rshBr. </a></f>     </d></r>
<r><d><b>(H1) <f c="b">otu</f><f c="r"> 2</f><f s="-1"> [L=40674]</f></b></d>
<d> <em>mf.</em> ( √<f c="b">av</f> <f c="1" s="-1"><a> Un2. </a> i , 70</f>), a cat <q><f s="-1" c="1">Comm.</f></q> on <f c="1" s="-1"><a> Pa1n2. </a> 6-1 , 94.</f>     </d></r>
</u>
<n>out</n>
<u>
</u>
<n>ovA</n>
<u>
<r><d><b>(H1) <f c="b">ovā</f><f s="-1"> [p= <c h="0236-omkArIya">236</c>,1]</f><f s="-1"> [L=40724]</f></b></d>
<d> <em><f c="1">f.</f></em> a particular exclamation at sacrifices <f c="1" s="-1"><a> La1t2y. </a> vii , ix.</f>    </d></r>
</u>
<n>ovilI</n>
<u>
<r><d><b>(H1) <f c="b">ovilī</f><f s="-1"> [p= <c h="0236-omkArIya">236</c>,1]</f><f s="-1"> [L=40725]</f></b></d>
<d>  <em><f c="1">f.</f></em> or <f c="b">ovīlī</f> that in which the upper part of the churning-stick turns <q><f s="-1" c="1">Comm.</f></q> on <f c="1" s="-1"><a> Ka1tyS3r. </a></f>     </d></r>
<r><d><b><f s="-1"> [L=40725.1]</f></b></d>
<d>  (<f s="-1">vv.ll.</f> <f c="b">aupavīlī</f> and <f c="b">auvīlī</f>.)      </d></r>
</u>
<n>o</n>
<u>
<r><d><b>(H1) <f c="b">o</f><f c="r"> 1</f><f s="-1"> [p= <c h="0235-aizvaryavivaraNa">235</c>,1]</f><f s="-1"> [L=40584]</f></b></d>
<d> the thirteenth vowel of the alphabet  (corresponding to English <f c="b">o</f>).   </d></r>
<r><d><b>(H1) <f c="b">o</f><f c="r"> 2</f><f s="-1"> [L=40586]</f></b></d>
<d>  <em><f c="1">ind.</f></em> an interjection <f c="1" s="-1"><a> L. </a></f>      </d></r>
<r><d><b><f s="-1"> [L=40586.1]</f></b></d>
<d>  a particle of addressing      </d></r>
<r><d><b><f s="-1"> [L=40586.2]</f></b></d>
<d>  calling      </d></r>
<r><d><b><f s="-1"> [L=40586.3]</f></b></d>
<d>  reminiscence      </d></r>
<r><d><b><f s="-1"> [L=40586.4]</f></b></d>
<d>  of compassion <f c="1" s="-1"><a> L. </a></f>      </d></r>
<r><d><b>(H1) <f c="b">o</f><f c="r"> 3</f><f s="-1"> [L=40587]</f></b></d>
<d> <em><f c="1">m.</f></em> <q><f s="-1" c="1">N.</f></q> of <f c="t">brahmā</f> <f c="1" s="-1"><a> L. </a></f>     </d></r>
<r><d><b>(H1) <f c="b">o</f><f c="r">*</f><f c="r"> 4</f><f s="-1"> [L=40588]</f></b></d>
<d> (<f c="b">ā-</f> √<f c="b">u</f>).     </d></r>
</u>
<n>ozadAvan</n>
<u>
<r><d><b>(H2) <f c="b">oṣa-dā́van</f><f s="-1"> [p= <c h="1323">1323</c>,2]</f><f s="-1"> [L=325830]</f></b></d>
<d> <em><f c="1">mfn.</f></em> (<q><f s="-1" c="1">prob.</f></q>) giving quickly, <f c="1" s="-1"><a> AV. </a> xix, 42, 3 </f>(<q><f s="-1" c="1">cf.</f></q> <f c="b">oṣiṣṭha</f>-<f c="b">d</f><f c="r">°</f>).</d></r>
</u>
<n>ozaDigarBa</n>
<u>
<r><d><b>(H3) <f c="b">óṣa-dhi--garbha</f><f s="-1"> [p= <c h="0236-omkArIya">236</c>,1]</f><f s="-1"> [L=40738]</f></b></d>
<d> <em><f c="1">m.</f></em> " producer of herbs " , the moon <f c="1" s="-1"><a> L. </a></f>  </d></r>
<r><d><b><f s="-1"> [L=40739]</f></b></d>
<d>  the sun <f c="1" s="-1"><a> T. </a></f> (with reference to <f c="1" s="-1"><a> RV. </a> i , 164 , 52</f>) .    </d></r>
</u>
<n>ozaDihomna</n>
<u>
<r><d><b>(H3) <f c="b">oṣadhi--homna</f><f s="-1"> [p= <c h="1323">1323</c>,2]</f><f s="-1"> [L=325840.3]</f></b></d>
<d> <em><f c="1">m.</f></em> a kind of oblation, <f c="1" s="-1"><a> A1pS3r. </a></f></d></r>
</u>
<n>ozaDija</n>
<u>
<r><d><b>(H3) <f c="b">óṣa-dhi--já</f><f s="-1"> [p= <c h="0236-omkArIya">236</c>,1]</f><f s="-1"> [L=40740]</f></b></d>
<d> <em><f c="1">mfn.</f></em> born or living amongst herbs (as snakes) <f c="1" s="-1"><a> AV. </a> x , 4 , 23</f>  </d></r>
<r><d><b><f s="-1"> [L=40741]</f></b></d>
<d>  produced from plants (as fire) <f c="1" s="-1"><a> Kir. </a> v , 14.</f>    </d></r>
</u>
<n>ozaDiloka</n>
<u>
<r><d><b>(H3) <f c="b">óṣa-dhi--loká</f><f s="-1"> [p= <c h="0236-omkArIya">236</c>,1]</f><f s="-1"> [L=40747]</f></b></d>
<d> <em><f c="1">m.</f></em> the world of plants <f c="1" s="-1"><a> S3Br. </a> xiii.</f>   </d></r>
</u>
<n>ozaDImat</n>
<u>
<r><d><b>(H3) <f c="b">óṣadhī--mat</f><f s="-1"> [p= <c h="0236-omkArIya">236</c>,1]</f><f s="-1"> [L=40755]</f></b></d>
<d> <em><f c="1">mfn.</f></em> provided with herbs <f c="1" s="-1"><a> AV. </a> xix , 17 , 6 ; 18 , 6.</f>   </d></r>
</u>
<n>ozaDinAmAvalI</n>
<u>
<r><d><b>(H3) <f c="b">oṣadhi--nāmā</f><f c="r">*</f> <f c="b">valī</f><f s="-1"> [p= <c h="1323">1323</c>,2]</f><f s="-1"> [L=325840.1]</f></b></d>
<d> <em><f c="1">f.</f></em> <q><f s="-1" c="1">N.</f></q> of <q><f s="-1" c="1">wk.</f></q></d></r>
</u>
<n>ozaDipati</n>
<u>
<r><d><b>(H3) <f c="b">óṣa-dhi--pati</f><f s="-1"> [p= <c h="0236-omkArIya">236</c>,1]</f><f s="-1"> [L=40742]</f></b></d>
<d> <em><f c="1">m.</f></em> " lord of herbs " , the moon <f c="1" s="-1"><a> S3is3. </a></f> <f c="1" s="-1"><a> Ka1d. </a></f> <f s="-1"> &amp;c </f>  </d></r>
<r><d><b><f s="-1"> [L=40743]</f></b></d>
<d>  the <f c="t">soma</f> plant   </d></r>
<r><d><b><f s="-1"> [L=40744]</f></b></d>
<d>  camphor <f c="1" s="-1"><a> T. </a></f>   </d></r>
<r><d><b><f s="-1"> [L=40745]</f></b></d>
<d>  " master of plants " , a physician.    </d></r>
</u>
<n>ozaDIpati</n>
<u>
<r><d><b>(H3) <f c="b">óṣadhī--pati</f><f s="-1"> [p= <c h="0236-omkArIya">236</c>,1]</f><f s="-1"> [L=40753]</f></b></d>
<d> <em><f c="1">m.</f></em> " lord of herbs " , the moon <f c="1" s="-1"><a> MBh. </a></f>  </d></r>
<r><d><b><f s="-1"> [L=40754]</f></b></d>
<d>  the <f c="t">soma</f> plant <f c="1" s="-1"><a> Sus3r. </a></f>    </d></r>
</u>
<n>ozaDiprasTa</n>
<u>
<r><d><b>(H3) <f c="b">óṣa-dhi--prastha</f><f s="-1"> [p= <c h="0236-omkArIya">236</c>,1]</f><f s="-1"> [L=40746]</f></b></d>
<d> <em><f c="1">n.</f></em> <q><f s="-1" c="1">N.</f></q> of the city of <f c="t">himālaya</f> <f c="1" s="-1"><a> Kum. </a></f>   </d></r>
</u>
<n>ozaDIsaMSita</n>
<u>
<r><d><b>(H3) <f c="b">óṣadhī--saṃśita</f><f s="-1"> [p= <c h="0236-omkArIya">236</c>,1]</f><f s="-1"> [L=40756]</f></b></d>
<d> <em><f c="1">mfn.</f></em> sharpened by herbs (used in a formula) <f c="1" s="-1"><a> AV. </a> x , 5 , 32.</f>   </d></r>
</u>
<n>ozaDISa</n>
<u>
<r><d><b>(H3) <f c="b">oṣadhī</f><f c="r">*</f> <f c="b">śa</f><f s="-1"> [p= <c h="0236-omkArIya">236</c>,1]</f><f s="-1"> [L=40750]</f></b></d>
<d> <em><f c="1">m.</f></em> " lord of herbs " , the moon <f c="1" s="-1"><a> L. </a></f>   </d></r>
</u>
<n>ozaDIsUkta</n>
<u>
<r><d><b>(H3) <f c="b">óṣadhī--sūkta</f><f s="-1"> [p= <c h="0236-omkArIya">236</c>,1]</f><f s="-1"> [L=40757]</f></b></d>
<d> <em><f c="1">n.</f></em> <q><f s="-1" c="1">N.</f></q> of a hymn.    </d></r>
</u>
<n>ozaDItvara</n>
<u>
<r><d><b>(H3) <f c="b">oṣa--</f><f c="r">°</f> <f c="b">dhī</f><f c="r">*</f> <f c="b">tvara</f><f s="-1"> [p= <c h="1323">1323</c>,2]</f><f s="-1"> [L=325840.4]</f></b></d>
<d> <em><f c="1">m.</f></em> the moon, <f c="1" s="-1"><a> Dharmas. </a></f></d></r>
</u>
<n>ozaDivallaBa</n>
<u>
<r><d><b>(H3) <f c="b">oṣadhi--vallabha</f><f s="-1"> [p= <c h="1323">1323</c>,2]</f><f s="-1"> [L=325840.2]</f></b></d>
<d> <em><f c="1">m.</f></em> the moon, <f c="1" s="-1"><a> Alam2ka1rar. </a></f></d></r>
</u>
<n>ozaDivanaspati</n>
<u>
<r><d><b>(H3) <f c="b">óṣa-dhi--vanaspatí</f><f s="-1"> [p= <c h="0236-omkArIya">236</c>,1]</f><f s="-1"> [L=40748]</f></b></d>
<d> <em><f c="1">n.</f></em> herbs and trees <f c="1" s="-1"><a> S3Br. </a> vi</f>  </d></r>
<r><d><b>(H3B) <f c="b">óṣa-dhi--vanaspatí</f><f s="-1"> [L=40749]</f></b></d>
<d> <em><f c="1">m. </f></em><em><f c="1">pl.</f></em> <q><f s="-1" c="1">id.</f></q> <f c="1" s="-1"><a> AitUp. </a></f>    </d></r>
</u>
<n>ozaDi</n>
<u>
<r><d><b>(H1) <f c="b">óṣa-dhi</f><f s="-1"> [p= <c h="0236-omkArIya">236</c>,1]</f><f s="-1"> [L=40735]</f></b></d>
<d> <em><f c="1">f.</f></em> (<q><f s="-1" c="1">etym.</f></q> doubtful ; probably fr. <f c="b">oṣa</f> above , " light-containing " <f c="p">»</f> <f c="1" s="-1"><a> S3Br. </a> ii , 2 , 4 , 5</f> <f c="1" s="-1"><a> Nir. </a> ix , 27</f>) a herb , plant , simple , <q><f s="-1" c="1">esp.</f></q> any medicinal herb <f c="1" s="-1"><a> RV. </a></f> <f c="1" s="-1"><a> AV. </a></f> <f c="1" s="-1"><a> S3Br. </a></f> <f c="1" s="-1"><a> MBh. </a></f> <f s="-1"> &amp;c </f>  </d></r>
<r><d><b><f s="-1"> [L=40736]</f></b></d>
<d>  an annual plant or herb (which dies after becoming ripe) <f c="1" s="-1"><a> Mn. </a> i , 46 , </f><f s="-1"> &amp;c </f> <f c="1" s="-1"><a> Sus3r. </a> i , 4 , 16 ; 18</f> <f c="1" s="-1"><a> Ya1jn5. </a></f> <f s="-1"> &amp;c </f>   </d></r>
<r><d><b><f s="-1"> [L=40737]</f></b></d>
<d>  a remedy in general <f c="1" s="-1"><a> Sus3r. </a> i , 4 , 15.</f>    </d></r>
<r><d><b>(H2) <f c="b">oṣadhi</f><f s="-1"> [p= <c h="1323">1323</c>,2]</f><f s="-1"> [L=325840]</f></b></d>
<d> (in <q><f s="-1" c="1">comp.</f></q>)</d></r>
</u>
<n>ozaDI</n>
<u>
<r><d><b>(H2) <f c="b">óṣadhī</f><f s="-1"> [p= <c h="0236-omkArIya">236</c>,1]</f><f s="-1"> [L=40752]</f></b></d>
<d> <em><f c="1">f.</f></em> (only <q><f s="-1" c="1">Ved.</f></q> and not in  <q><f s="-1" c="1">nom.</f></q> <q><f s="-1" c="1">c.</f></q> <f c="1" s="-1"><a> Pa1n2. </a> 6-3 , 132</f> ; but occasional exceptions are found) <f c="p">=</f> <f c="b">óṣa-dhi</f> above.   </d></r>
</u>
<n>ozaDyanuvAka</n>
<u>
<r><d><b>(H3) <f c="b">oṣadhy-anuvāka</f><f s="-1"> [p= <c h="0236-omkArIya">236</c>,1]</f><f s="-1"> [L=40751]</f></b></d>
<d> <em><f c="1">m.</f></em> a particular <f c="t">anuvāka</f>.    </d></r>
</u>
<n>ozam</n>
<u>
<r><d><b>(H1) <f c="b">oṣa</f><f s="-1"> [p= <c h="0236-omkArIya">236</c>,1]</f><f s="-1"> [L=40726]</f></b></d>
<d> <em><f c="1">m.</f></em> ( √<f c="b">uṣ</f>) , burning , combustion <f c="1" s="-1"><a> Sus3r. </a></f>  </d></r>
<r><d><b>(H1B) <f c="b">oṣá</f><f s="-1"> [L=40727]</f></b></d>
<d> <em><f c="1">mfn.</f></em> burning , shining <f c="1" s="-1"><a> RV. </a> x , 119 , 10</f>   </d></r>
<r><d><b>(H1C) <f c="b">oṣám</f><f s="-1"> [L=40728]</f></b></d>
<d> <em><f c="1">ind.</f></em> with ardour or vehemence , eagerly , quickly <f c="1" s="-1"><a> AV. </a></f>     </d></r>
<r><d><b>(H2) <f c="b">óṣam</f><f s="-1"> [L=40731]</f></b></d>
<d> <f s="-1">ind.p.</f> while burning <f c="1" s="-1"><a> S3Br. </a> ii , 2 , 4 , 5.</f>     </d></r>
</u>
<n>ozaRa</n>
<u>
<r><d><b>(H2) <f c="b">oṣaṇa</f><f s="-1"> [p= <c h="0236-omkArIya">236</c>,1]</f><f s="-1"> [L=40729]</f></b></d>
<d> <em><f c="1">m.</f></em> pungent taste , sharp flavour , pungency <f c="1" s="-1"><a> L. </a></f>  </d></r>
<r><d><b>(H2B) <f c="b">oṣaṇī</f><f s="-1"> [L=40730]</f></b></d>
<d> <em><f c="1">f.</f></em> a kind of vegetable <f c="1" s="-1"><a> L. </a></f>     </d></r>
</u>
<n>ozaRI</n>
<u>
<r><d><b>(H2) <f c="b">oṣaṇa</f><f s="-1"> [p= <c h="0236-omkArIya">236</c>,1]</f><f s="-1"> [L=40729]</f></b></d>
<d> <em><f c="1">m.</f></em> pungent taste , sharp flavour , pungency <f c="1" s="-1"><a> L. </a></f>  </d></r>
<r><d><b>(H2B) <f c="b">oṣaṇī</f><f s="-1"> [L=40730]</f></b></d>
<d> <em><f c="1">f.</f></em> a kind of vegetable <f c="1" s="-1"><a> L. </a></f>     </d></r>
</u>
<n>oza</n>
<u>
<r><d><b>(H1) <f c="b">oṣa</f><f s="-1"> [p= <c h="0236-omkArIya">236</c>,1]</f><f s="-1"> [L=40726]</f></b></d>
<d> <em><f c="1">m.</f></em> ( √<f c="b">uṣ</f>) , burning , combustion <f c="1" s="-1"><a> Sus3r. </a></f>  </d></r>
<r><d><b>(H1B) <f c="b">oṣá</f><f s="-1"> [L=40727]</f></b></d>
<d> <em><f c="1">mfn.</f></em> burning , shining <f c="1" s="-1"><a> RV. </a> x , 119 , 10</f>   </d></r>
<r><d><b>(H1C) <f c="b">oṣám</f><f s="-1"> [L=40728]</f></b></d>
<d> <em><f c="1">ind.</f></em> with ardour or vehemence , eagerly , quickly <f c="1" s="-1"><a> AV. </a></f>     </d></r>
</u>
<n>ozizWadAvan</n>
<u>
<r><d><b>(H3) <f c="b">oṣiṣṭha--dā́van</f><f s="-1"> [p= <c h="0236-omkArIya">236</c>,1]</f><f s="-1"> [L=40733]</f></b></d>
<d> <em><f c="1">mfn.</f></em> giving eagerly or immediately <f c="1" s="-1"><a> TS. </a> i , 6 , 12 , 3.</f>   </d></r>
</u>
<n>ozizWahan</n>
<u>
<r><d><b>(H3) <f c="b">oṣiṣṭha--hán</f><f s="-1"> [p= <c h="0236-omkArIya">236</c>,1]</f><f s="-1"> [L=40734]</f></b></d>
<d> <em><f c="1">mfn.</f></em> killing vehemently or suddenly.    </d></r>
</u>
<n>ozizWa</n>
<u>
<r><d><b>(H2) <f c="b">oṣiṣṭha</f><f s="-1"> [p= <c h="0236-omkArIya">236</c>,1]</f><f s="-1"> [L=40732]</f></b></d>
<d> <em><f c="1">mfn.</f></em> (superl. of <f c="b">oṣá</f> above ) .   </d></r>
</u>
<n>ozRa</n>
<u>
<r><d><b>(H1) <f c="b">o</f><f c="r">*</f> <f c="b">ṣṇa</f><f s="-1"> [p= <c h="0236-omkArIya">236</c>,2]</f><f s="-1"> [L=40781]</f></b></d>
<d> (fr. <f c="b">uṣṇa</f> with 4. <f c="b">ā</f> in the sense of diminution) , <em><f c="1">mfn.</f></em> a little warm , tepid.    </d></r>
</u>
<n>ozWADara</n>
<u>
<r><d><b>(H3) <f c="b">oṣṭhā</f><f c="r">*</f> <f c="b">dhara</f><f s="-1"> [p= <c h="0236-omkArIya">236</c>,2]</f><f s="-1"> [L=40772]</f></b></d>
<d> <em><f c="1">m. </f></em><em><f c="1">du.</f></em> the upper and lower lip.   </d></r>
</u>
<n>ozWajAha</n>
<u>
<r><d><b>(H3) <f c="b">óṣṭha--jāha</f><f s="-1"> [p= <c h="0236-omkArIya">236</c>,2]</f><f s="-1"> [L=40766]</f></b></d>
<d> <em><f c="1">n.</f></em> the root of the lips (?) <f c="1" s="-1"><a> Pa1n2. </a> 5-2 , 24.</f>   </d></r>
</u>
<n>ozWaja</n>
<u>
<r><d><b>(H3) <f c="b">óṣṭha--ja</f><f s="-1"> [p= <c h="0236-omkArIya">236</c>,2]</f><f s="-1"> [L=40765]</f></b></d>
<d> <em><f c="1">mfn.</f></em> produced by the lips , labial.   </d></r>
</u>
<n>ozWakarRaka</n>
<u>
<r><d><b>(H3) <f c="b">óṣṭha--karṇaka</f><f s="-1"> [p= <c h="0236-omkArIya">236</c>,2]</f><f s="-1"> [L=40763]</f></b></d>
<d> <em><f c="1">m. </f></em><em><f c="1">pl.</f></em> <q><f s="-1" c="1">N.</f></q> of a people <f c="1" s="-1"><a> VP. </a></f> <f c="1" s="-1"><a> R. </a></f>   </d></r>
</u>
<n>ozWaka</n>
<u>
<r><d><b>(H2) <f c="b">oṣṭhaka</f><f s="-1"> [p= <c h="0236-omkArIya">236</c>,2]</f><f s="-1"> [L=40775]</f></b></d>
<d>  <em><f c="1">mfn.</f></em> <q><f s="-1" c="1">ifc.</f></q> <f c="p">=</f> <f c="b">óṣṭha</f> , lip     </d></r>
<r><d><b><f s="-1"> [L=40775.1]</f></b></d>
<d>   taking care of the lips <f c="1" s="-1"><a> Pa1n2. </a> 5-2 , 66.</f>      </d></r>
</u>
<n>ozWakopa</n>
<u>
<r><d><b>(H3) <f c="b">óṣṭha--kopa</f><f s="-1"> [p= <c h="0236-omkArIya">236</c>,2]</f><f s="-1"> [L=40764]</f></b></d>
<d> <em><f c="1">m.</f></em> disease of the lips <f c="1" s="-1"><a> Sus3r. </a></f>   </d></r>
</u>
<n>ozWamudrA</n>
<u>
<r><d><b>(H3) <f c="b">oṣṭha--mudrā</f><f s="-1"> [p= <c h="1323">1323</c>,2]</f><f s="-1"> [L=325850.1]</f></b></d>
<d> <em><f c="1">f.</f></em> sealed, <q><f s="-1" c="1">i.e.</f></q> closed lips, <f c="1" s="-1"><a> Uttarar. </a></f></d></r>
</u>
<n>ozWaPalA</n>
<u>
<r><d><b>(H3) <f c="b">óṣṭha--phalā</f><f s="-1"> [p= <c h="0236-omkArIya">236</c>,2]</f><f s="-1"> [L=40770]</f></b></d>
<d> <em><f c="1">f.</f></em> bearing lip-like fruits , the plant <f c="b" s="-1">Coccinia</f> <f c="b" s="-1">Grandis</f> <f c="1" s="-1"><a> Nigh. </a></f>   </d></r>
</u>
<n>ozWapallava</n>
<u>
<r><d><b>(H3) <f c="b">óṣṭha--pallava</f><f s="-1"> [p= <c h="0236-omkArIya">236</c>,2]</f><f s="-1"> [L=40767]</f></b></d>
<d> <em><f c="1">n.</f></em> " lip-bud " , a lip.   </d></r>
</u>
<n>ozWApiDAna</n>
<u>
<r><d><b>(H3) <f c="b">oṣṭhā</f><f c="r">*</f> <f c="b">pidhāna</f><f s="-1"> [p= <c h="0236-omkArIya">236</c>,2]</f><f s="-1"> [L=40773]</f></b></d>
<d> <em><f c="1">mfn.</f></em> covered by the lips <f c="1" s="-1"><a> MantraBr. </a></f> <f c="1" s="-1"><a> AitA1r. </a></f>   </d></r>
</u>
<n>ozWaprakopa</n>
<u>
<r><d><b>(H3) <f c="b">óṣṭha--prakopa</f><f s="-1"> [p= <c h="0236-omkArIya">236</c>,2]</f><f s="-1"> [L=40769]</f></b></d>
<d> <em><f c="1">m.</f></em> <f c="p">=</f> <f c="b">-kopa</f> above.   </d></r>
</u>
<n>ozWapuwa</n>
<u>
<r><d><b>(H3) <f c="b">óṣṭha--puṭa</f><f s="-1"> [p= <c h="0236-omkArIya">236</c>,2]</f><f s="-1"> [L=40768]</f></b></d>
<d> <em><f c="1">m.</f></em> the space between the lips <f c="1" s="-1"><a> MBh. </a></f> <f c="1" s="-1"><a> S3ak. </a> </f><f s="-1"> &amp;c </f>   </d></r>
</u>
<n>ozWaroga</n>
<u>
<r><d><b>(H3) <f c="b">óṣṭha--roga</f><f s="-1"> [p= <c h="0236-omkArIya">236</c>,2]</f><f s="-1"> [L=40771]</f></b></d>
<d> <em><f c="1">m.</f></em> <f c="p">=</f> <f c="b">-kopa</f> above.   </d></r>
</u>
<n>ozWarucaka</n>
<u>
<r><d><b>(H3) <f c="b">oṣṭha--rucaka</f><f s="-1"> [p= <c h="1323">1323</c>,2]</f><f s="-1"> [L=325850.2]</f></b></d>
<d> (<f c="1" s="-1"><a> Hariv. </a></f>), -<f c="b">rucira</f> (<f c="1" s="-1"><a> Vishn2. </a></f>), <em><f c="1">n.</f></em> lovely lips</d></r>
</u>
<n>ozWaSataka</n>
<u>
<r><d><b>(H3) <f c="b">oṣṭha--śataka</f><f s="-1"> [p= <c h="1323">1323</c>,2]</f><f s="-1"> [L=325850.3]</f></b></d>
<d> <em><f c="1">n.</f></em> <q><f s="-1" c="1">N.</f></q> of a poem.</d></r>
</u>
<n>ozWa</n>
<u>
<r><d><b>(H1) <f c="b">óṣṭha</f><f s="-1"> [p= <c h="0236-omkArIya">236</c>,1]</f><f s="-1"> [L=40759]</f></b></d>
<d> <em><f c="1">m.</f></em> (<q><f s="-1" c="1">etym.</f></q> doubtful ;  √<f c="b">uṣ</f> <f c="1" s="-1"><a> Un2. </a> ii , 4</f>) the lip  (generally  <q><f s="-1" c="1">du.</f></q>) <f c="1" s="-1"><a> RV. </a> ii , 39 , 6</f> <f c="1" s="-1"><a> AV. </a> x , 9 , 14 ; xx , 127 , 4</f> <f c="1" s="-1"><a> VS. </a></f> <f c="1" s="-1"><a> S3Br. </a></f> <f c="1" s="-1"><a> Mn. </a></f> <f s="-1"> &amp;c </f>  </d></r>
<r><d><b><f s="-1"> [L=40760]</f></b></d>
<d>  the forepart of an <f c="t">agnikuṇḍa</f> <q><f s="-1" c="1">q.v.</f></q> <f c="1" s="-1"><a> Hcat. </a></f>   </d></r>
<r><d><b>(H1B) <f c="b">óṣṭhī</f><f s="-1"> [L=40761]</f></b></d>
<d> <em><f c="1">f.</f></em> the plant <f c="b" s="-1">Coccinia</f> <f c="b" s="-1">Grandis</f> (to whose red fruits lips are commonly compared) <f c="1" s="-1"><a> L. </a></f>   </d></r>
<r><d><b>(H1B) <f c="b">óṣṭhī</f><f s="-1"> [p= <c h="0236-omkArIya">236</c>,2]</f><f s="-1"> [p= <c h="0236-omkArIya">236</c>,1]</f><f s="-1"> [L=40762]</f></b></d>
<d> <em><f c="1">f.</f></em> (in a compound the <f c="b">o</f> of <f c="b">oṣṭha</f> forms with a preceding <f c="b">a</f> either <f c="t">vṛddhi</f> <f c="b">au</f> , or <f c="t">guṇa</f> <f c="b">o</f> <f c="1" s="-1"><a> Ka1ty. </a></f> on <f c="1" s="-1"><a> Pa1n2. </a> 6-1 , 94</f>)  ; ([<q><f s="-1" c="1">cf.</f></q> <q><f s="-1" c="1">Zd.</f></q> <f c="b">aoshtra</f> ; O. Pruss. <f c="b">austa</f> , " mouth " ; O. <q><f s="-1" c="1">Slav.</f></q> <f c="b">usta</f> , " mouth. "])  </d></r>
<r><d><b>(H2) <f c="b">oṣṭha</f><f s="-1"> [p= <c h="1323">1323</c>,2]</f><f s="-1"> [L=325850]</f></b></d>
<d> (in <q><f s="-1" c="1">comp.</f></q>)</d></r>
</u>
<n>ozwf</n>
<u>
<r><d><b>(H1) <f c="b">oṣṭṛ</f><f s="-1"> [p= <c h="0236-omkArIya">236</c>,1]</f><f s="-1"> [L=40758]</f></b></d>
<d> <q><f s="-1" c="1">v.l.</f></q> for <f c="b">uṣṭṛ</f> <q><f s="-1" c="1">q.v.</f></q> <f c="1" s="-1"><a> Ka1tyS3r. </a> v , 11 , 13.</f>    </d></r>
</u>
<n>ozWI</n>
<u>
<r><d><b>(H1) <f c="b">óṣṭha</f><f s="-1"> [p= <c h="0236-omkArIya">236</c>,1]</f><f s="-1"> [L=40759]</f></b></d>
<d> <em><f c="1">m.</f></em> (<q><f s="-1" c="1">etym.</f></q> doubtful ;  √<f c="b">uṣ</f> <f c="1" s="-1"><a> Un2. </a> ii , 4</f>) the lip  (generally  <q><f s="-1" c="1">du.</f></q>) <f c="1" s="-1"><a> RV. </a> ii , 39 , 6</f> <f c="1" s="-1"><a> AV. </a> x , 9 , 14 ; xx , 127 , 4</f> <f c="1" s="-1"><a> VS. </a></f> <f c="1" s="-1"><a> S3Br. </a></f> <f c="1" s="-1"><a> Mn. </a></f> <f s="-1"> &amp;c </f>  </d></r>
<r><d><b><f s="-1"> [L=40760]</f></b></d>
<d>  the forepart of an <f c="t">agnikuṇḍa</f> <q><f s="-1" c="1">q.v.</f></q> <f c="1" s="-1"><a> Hcat. </a></f>   </d></r>
<r><d><b>(H1B) <f c="b">óṣṭhī</f><f s="-1"> [L=40761]</f></b></d>
<d> <em><f c="1">f.</f></em> the plant <f c="b" s="-1">Coccinia</f> <f c="b" s="-1">Grandis</f> (to whose red fruits lips are commonly compared) <f c="1" s="-1"><a> L. </a></f>   </d></r>
<r><d><b>(H1B) <f c="b">óṣṭhī</f><f s="-1"> [p= <c h="0236-omkArIya">236</c>,2]</f><f s="-1"> [p= <c h="0236-omkArIya">236</c>,1]</f><f s="-1"> [L=40762]</f></b></d>
<d> <em><f c="1">f.</f></em> (in a compound the <f c="b">o</f> of <f c="b">oṣṭha</f> forms with a preceding <f c="b">a</f> either <f c="t">vṛddhi</f> <f c="b">au</f> , or <f c="t">guṇa</f> <f c="b">o</f> <f c="1" s="-1"><a> Ka1ty. </a></f> on <f c="1" s="-1"><a> Pa1n2. </a> 6-1 , 94</f>)  ; ([<q><f s="-1" c="1">cf.</f></q> <q><f s="-1" c="1">Zd.</f></q> <f c="b">aoshtra</f> ; O. Pruss. <f c="b">austa</f> , " mouth " ; O. <q><f s="-1" c="1">Slav.</f></q> <f c="b">usta</f> , " mouth. "])  </d></r>
</u>
<n>ozWopamaPalA</n>
<u>
<r><d><b>(H3) <f c="b">oṣṭho</f><f c="r">*</f> <f c="b">pama-phalā</f><f s="-1"> [p= <c h="0236-omkArIya">236</c>,2]</f><f s="-1"> [L=40774]</f></b></d>
<d> <em><f c="1">f.</f></em> <f c="p">=</f> <f c="b">oṣṭha-phalā</f> above <f c="1" s="-1"><a> L. </a></f>    </d></r>
</u>
<n>ozWyasTAna</n>
<u>
<r><d><b>(H3) <f c="b">oṣṭhya--sthāna</f><f s="-1"> [p= <c h="0236-omkArIya">236</c>,2]</f><f s="-1"> [L=40780]</f></b></d>
<d> <em><f c="1">mfn.</f></em> pronounced with the lips.    </d></r>
</u>
<n>ozWya</n>
<u>
<r><d><b>(H2) <f c="b">oṣṭhya</f><f s="-1"> [p= <c h="0236-omkArIya">236</c>,2]</f><f s="-1"> [L=40776]</f></b></d>
<d> <em><f c="1">mfn.</f></em> being at the lips , belonging to the lips <f c="1" s="-1"><a> Sus3r. </a></f> <f s="-1"> &amp;c </f>  </d></r>
<r><d><b><f s="-1"> [L=40777]</f></b></d>
<d>  <q><f s="-1" c="1">esp.</f></q> produced by the lips , labial (as certain sounds) <f c="1" s="-1"><a> RPra1t. </a></f> <f c="1" s="-1"><a> APra1t. </a></f> <q><f s="-1" c="1">Comm.</f></q> on <f c="1" s="-1"><a> Pa1n2. </a></f> <f s="-1"> &amp;c </f>   </d></r>
<r><d><b>(H2B) <f c="b">oṣṭhya</f><f s="-1"> [L=40778]</f></b></d>
<d> <em><f c="1">m.</f></em> a labial sound <f c="1" s="-1"><a> Pa1rGr2. </a> iii , 16.</f>    </d></r>
</u>
<n>ozWyayoni</n>
<u>
<r><d><b>(H3) <f c="b">oṣṭhya--yoni</f><f s="-1"> [p= <c h="0236-omkArIya">236</c>,2]</f><f s="-1"> [L=40779]</f></b></d>
<d> <em><f c="1">mfn.</f></em> produced from labial sounds.   </d></r>
</u>
</xml>
