<?xml version="1.0"?>
<xml>
<n>QakAra</n>
<u>
<r><d><b>(H3) <f c="b">ḍha--kāra</f><f s="-1"> [p= <c h="0431-DuDubha">431</c>,1]</f><f s="-1"> [L=81480]</f></b></d>
<d> <em><f c="1">m.</f></em> the letter <f c="b">ḍh</f>.    </d></r>
</u>
<n>QakkadeSIya</n>
<u>
<r><d><b>(H3) <f c="b">ḍhakka--</f><f c="r">°</f> <f c="b">deśīya</f><f s="-1"> [p= <c h="0431-DuDubha">431</c>,1]</f><f s="-1"> [L=81491]</f></b></d>
<d> <em><f c="1">mfn.</f></em> spoken in the district of <f c="t">ḍhakka</f> <f c="1" s="-1"><a> Mr2icch. </a> </f><q><f c="1" s="-1">Sch.</f></q><f c="1" s="-1"> Introd.</f>    </d></r>
</u>
<n>Qakkana</n>
<u>
<r><d><b>(H1) <f c="b">ḍhakkana</f><f s="-1"> [p= <c h="0431-DuDubha">431</c>,1]</f><f s="-1"> [L=81492]</f></b></d>
<d> <em><f c="1">n.</f></em> shutting (of a door) <f c="1" s="-1"><a> S3i1l. </a></f>  </d></r>
<r><d><b>(H1B) <f c="b">ḍhakkana</f><f s="-1"> [L=81493]</f></b></d>
<d> <em><f c="1">m.</f></em> <q><f s="-1" c="1">N.</f></q> of a man <f c="1" s="-1"><a> Ra1jat. </a> vi , 230f.</f> (<q><f s="-1" c="1">v.l.</f></q> <f c="r">°</f><f c="b">kkama</f>).     </d></r>
</u>
<n>QakkArI</n>
<u>
<r><d><b>(H1) <f c="b">ḍhakkārī</f><f s="-1"> [p= <c h="0431-DuDubha">431</c>,1]</f><f s="-1"> [L=81494]</f></b></d>
<d> <em><f c="1">f.</f></em> <q><f s="-1" c="1">N.</f></q> of the goddess <f c="t">tārā</f> or <f c="t">tāriṇī</f> , <f c="1" s="-1"> Kulasadbh. ??</f>    </d></r>
</u>
<n>Qakka</n>
<u>
<r><d><b>(H1) <f c="b">ḍhakka</f><f s="-1"> [p= <c h="0431-DuDubha">431</c>,1]</f><f s="-1"> [L=81487]</f></b></d>
<d> <em><f c="1">m.</f></em> a large sacred building <f c="1" s="-1"><a> Ra1jat. </a> iii , v</f>  </d></r>
<r><d><b><f s="-1"> [L=81488]</f></b></d>
<d>  <q><f s="-1" c="1">N.</f></q> of a locality (<q><f s="-1" c="1">cf.</f></q> <f c="b">ṭakka</f>) <f c="1" s="-1"> Mricch. ?? </f><q><f c="1" s="-1">Sch.</f></q> Introd.   </d></r>
<r><d><b>(H1B) <f c="b">ḍhakkā</f><f s="-1"> [L=81489]</f></b></d>
<d> <em><f c="1">f.</f></em> a large drum (<q><f s="-1" c="1">cf.</f></q> <f c="b">gaja-</f> , <f c="b">jaya-</f>) <f c="1" s="-1"><a> Ra1jat. </a> vi , 133</f>   </d></r>
<r><d><b>(H1B) <f c="b">ḍhakkā</f><f s="-1"> [L=81490]</f></b></d>
<d>  <em><f c="1">f.</f></em> covering , disappearance <f c="1" s="-1"><a> W. </a></f>    </d></r>
</u>
<n>QakkA</n>
<u>
<r><d><b>(H1) <f c="b">ḍhakka</f><f s="-1"> [p= <c h="0431-DuDubha">431</c>,1]</f><f s="-1"> [L=81487]</f></b></d>
<d> <em><f c="1">m.</f></em> a large sacred building <f c="1" s="-1"><a> Ra1jat. </a> iii , v</f>  </d></r>
<r><d><b><f s="-1"> [L=81488]</f></b></d>
<d>  <q><f s="-1" c="1">N.</f></q> of a locality (<q><f s="-1" c="1">cf.</f></q> <f c="b">ṭakka</f>) <f c="1" s="-1"> Mricch. ?? </f><q><f c="1" s="-1">Sch.</f></q> Introd.   </d></r>
<r><d><b>(H1B) <f c="b">ḍhakkā</f><f s="-1"> [L=81489]</f></b></d>
<d> <em><f c="1">f.</f></em> a large drum (<q><f s="-1" c="1">cf.</f></q> <f c="b">gaja-</f> , <f c="b">jaya-</f>) <f c="1" s="-1"><a> Ra1jat. </a> vi , 133</f>   </d></r>
<r><d><b>(H1B) <f c="b">ḍhakkā</f><f s="-1"> [L=81490]</f></b></d>
<d>  <em><f c="1">f.</f></em> covering , disappearance <f c="1" s="-1"><a> W. </a></f>    </d></r>
</u>
<n>QAla</n>
<u>
<r><d><b>(H1) <f c="b">ḍhāla</f><f s="-1"> [p= <c h="0431-DuDubha">431</c>,1]</f><f s="-1"> [L=81500]</f></b></d>
<d> <em><f c="1">n.</f></em> " a shield " <f c="p">»</f> <f c="r">°</f><f c="b">lin</f>.    </d></r>
</u>
<n>QAlin</n>
<u>
<r><d><b>(H2) <f c="b">ḍhālin</f><f s="-1"> [p= <c h="0431-DuDubha">431</c>,1]</f><f s="-1"> [L=81501]</f></b></d>
<d> <em><f c="1">mfn.</f></em> armed with a shield , <f c="1" s="-1"> Rudraj. ??</f>    </d></r>
</u>
<n>QAmarA</n>
<u>
<r><d><b>(H1) <f c="b">ḍhāmarā</f><f s="-1"> [p= <c h="0431-DuDubha">431</c>,1]</f><f s="-1"> [L=81498]</f></b></d>
<d> <em><f c="1">f.</f></em> a goose <f c="1" s="-1"><a> Dhanam2j. </a></f>    </d></r>
</u>
<n>QaNka</n>
<u>
<r><d><b>(H1) <f c="b">ḍhaṅka</f><f s="-1"> [p= <c h="0431-DuDubha">431</c>,1]</f><f s="-1"> [L=81495]</f></b></d>
<d> <em><f c="1">m.</f></em> <q><f s="-1" c="1">N.</f></q> of a mountain <f c="1" s="-1"><a> S3atr. </a> i.</f>    </d></r>
</u>
<n>QaqQara</n>
<u>
<r><d><b>(H1) <f c="b">ḍhaḍḍhara</f><f s="-1"> [p= <c h="0431-DuDubha">431</c>,1]</f><f s="-1"> [L=81496]</f></b></d>
<d> <q><f s="-1" c="1">N.</f></q> of a man <f c="1" s="-1"><a> HParis3. </a> . xiii.</f>    </d></r>
</u>
<n>QArikA</n>
<u>
<r><d><b>(H1) <f c="b">ḍhārikā</f><f s="-1"> [p= <c h="0431-DuDubha">431</c>,1]</f><f s="-1"> [L=81499]</f></b></d>
<d> <em><f c="1">f.</f></em> the julus <f c="1" s="-1"><a> A1pGr2. </a> , .</f>    </d></r>
</u>
<n>QaRwI</n>
<u>
<r><d><b>(H1) <f c="b">ḍhaṇṭī</f><f s="-1"> [p= <c h="0431-DuDubha">431</c>,1]</f><f s="-1"> [L=81497]</f></b></d>
<d> <em><f c="1">f.</f></em> <f c="p">=</f> <f c="b">vākya-viśeṣa</f> <f c="1" s="-1"><a> Rudray. </a></f>    </d></r>
</u>
<n>Qa</n>
<u>
<r><d><b>(H1) <f c="b">ḍha</f><f c="r"> 1</f><f s="-1"> [p= <c h="0431-DuDubha">431</c>,1]</f><f s="-1"> [L=81479]</f></b></d>
<d> the aspirate of the preceding letter ,   </d></r>
<r><d><b>(H1) <f c="b">ḍha</f><f c="r"> 2</f><f s="-1"> [L=81481]</f></b></d>
<d> <em><f c="1">mfn.</f></em> <f c="p">=</f> <f c="b">nir-guṇa</f> <f c="1" s="-1"><a> L. </a></f>   </d></r>
<r><d><b>(H1B) <f c="b">ḍha</f><f c="r"> 2</f><f s="-1"> [L=81482]</f></b></d>
<d> <em><f c="1">m.</f></em> an imitative sound <f c="1" s="-1"><a> L. </a></f>   </d></r>
<r><d><b>(H1B) <f c="b">ḍha</f><f c="r"> 2</f><f s="-1"> [L=81483]</f></b></d>
<d> <em><f c="1">m.</f></em> a large drum <f c="1" s="-1"><a> L. </a></f>    </d></r>
<r><d><b>(H1B) <f c="b">ḍha</f><f c="r"> 2</f><f s="-1"> [L=81484]</f></b></d>
<d> <em><f c="1">m.</f></em> a dog <f c="1" s="-1"><a> L. </a></f>    </d></r>
<r><d><b>(H1B) <f c="b">ḍha</f><f c="r"> 2</f><f s="-1"> [L=81485]</f></b></d>
<d> <em><f c="1">m.</f></em> a dog's tail <f c="1" s="-1"><a> L. </a></f>    </d></r>
<r><d><b>(H1B) <f c="b">ḍha</f><f c="r"> 2</f><f s="-1"> [L=81486]</f></b></d>
<d> <em><f c="1">m.</f></em> a serpent <f c="1" s="-1"><a> W. </a></f>      </d></r>
</u>
<n>QeNka</n>
<u>
<r><d><b>(H1) <f c="b">ḍheṅka</f><f s="-1"> [p= <c h="0431-DuDubha">431</c>,1]</f><f s="-1"> [L=81513]</f></b></d>
<d> <em><f c="1">m.</f></em> <q><f s="-1" c="1">N.</f></q> of a bird <f c="1" s="-1"><a> Vasantar. </a> viii , 12</f>  </d></r>
<r><d><b>(H1B) <f c="b">ḍheṅkī</f><f s="-1"> [L=81514]</f></b></d>
<d> <em><f c="1">f.</f></em> a kind of dance.    </d></r>
</u>
<n>QeNkikAtAla</n>
<u>
<r><d><b>(H4) <f c="b">ḍheṅkikā---tāla</f><f s="-1"> [p= <c h="0431-DuDubha">431</c>,2]</f><f s="-1"> [L=81516]</f></b></d>
<d> <em><f c="1">m.</f></em> <q><f s="-1" c="1">id.</f></q>     </d></r>
</u>
<n>QeNkikA</n>
<u>
<r><d><b>(H3) <f c="b">ḍheṅkikā</f><f s="-1"> [p= <c h="0431-DuDubha">431</c>,1]</f><f s="-1"> [L=81515]</f></b></d>
<d> <em><f c="1">f.</f></em> (in music)  a kind of measure  </d></r>
</u>
<n>QeNkI</n>
<u>
<r><d><b>(H1) <f c="b">ḍheṅka</f><f s="-1"> [p= <c h="0431-DuDubha">431</c>,1]</f><f s="-1"> [L=81513]</f></b></d>
<d> <em><f c="1">m.</f></em> <q><f s="-1" c="1">N.</f></q> of a bird <f c="1" s="-1"><a> Vasantar. </a> viii , 12</f>  </d></r>
<r><d><b>(H1B) <f c="b">ḍheṅkī</f><f s="-1"> [L=81514]</f></b></d>
<d> <em><f c="1">f.</f></em> a kind of dance.    </d></r>
</u>
<n>QevvukA</n>
<u>
<r><d><b>(H1) <f c="b">ḍhevvukā</f><f s="-1"> [p= <c h="0431-DuDubha">431</c>,2]</f><f s="-1"> [L=81517]</f></b></d>
<d> <em><f c="1">f.</f></em> a coin , <f c="1" s="-1"><a> Katha7rn2. </a></f>    </d></r>
</u>
<n>QillikA</n>
<u>
<r><d><b>(H2) <f c="b">ḍhillikā</f><f s="-1"> [p= <c h="1328">1328</c>,1]</f><f s="-1"> [L=332392]</f></b></d>
<d>  <em><f c="1">f.</f></em> the city Delhi, <f c="1" s="-1"><a> Inscr. </a></f></d></r>
</u>
<n>QillI</n>
<u>
<r><d><b>(H2) <f c="b">ḍhillī</f><f s="-1"> [p= <c h="1328">1328</c>,1]</f><f s="-1"> [L=332391]</f></b></d>
<d>  <em><f c="1">f.</f></em> the city Delhi, <f c="1" s="-1"><a> Inscr. </a></f></d></r>
</u>
<n>QiRQiRikA</n>
<u>
<r><d><b>(H1) <f c="b">ḍhiṇḍhiṇikā</f><f s="-1"> [p= <c h="0431-DuDubha">431</c>,1]</f><f s="-1"> [L=81502]</f></b></d>
<d> <f c="p">»</f> <f c="b">ṭiṇṭiṇ</f><f c="r">°</f>.    </d></r>
</u>
<n>QlI</n>
<u>
<r><d><b>(H2) <f c="b">ḍhlī</f><f s="-1"> [p= <c h="1328">1328</c>,1]</f><f s="-1"> [L=332390]</f></b></d>
<d> <em><f c="1">f.</f></em> the city Delhi, <f c="1" s="-1"><a> Inscr. </a></f></d></r>
</u>
<n>QOkana</n>
<u>
<r><d><b>(H3) <f c="b">ḍhaukana</f><f s="-1"> [p= <c h="0431-DuDubha">431</c>,2]</f><f s="-1"> [L=81524]</f></b></d>
<d> <em><f c="1">n.</f></em> offering , present <f c="1" s="-1"><a> Ra1jat. </a> vi , 166</f> <f c="1" s="-1"><a> S3atr. </a> xiv</f> <f c="1" s="-1"><a> Ka1tyS3r. </a> </f><q><f c="1" s="-1">Sch.</f></q>  </d></r>
<r><d><b><f s="-1"> [L=81525]</f></b></d>
<d>   <q><f s="-1" c="1">cf.</f></q> <f c="b">upa-</f>.     </d></r>
<r><d><b>(H2) <f c="b">ḍhaukana</f><f s="-1"> [p= <c h="1328">1328</c>,1]</f><f s="-1"> [L=332400]</f></b></d>
<d> <em><f c="1">n.</f></em> (also) bringing near (in <f c="b">svayam</f>-<f c="b">asana</f>-<f c="b">ḍh</f><f c="r">°</f>, see <q><f s="-1" c="1">p.</f></q> 1278).</d></r>
</u>
<n>QOkita</n>
<u>
<r><d><b>(H2) <f c="b">ḍhaukita</f><f s="-1"> [p= <c h="0431-DuDubha">431</c>,2]</f><f s="-1"> [L=81526]</f></b></d>
<d> <em><f c="1">mfn.</f></em> brought near <f c="1" s="-1"><a> MBh. </a> xii , 4138.</f>    </d></r>
</u>
<n>QOk</n>
<u>
<r><d><b>(H1) <f c="b">ḍhauk</f><f s="-1"> [p= <c h="0431-DuDubha">431</c>,2]</f><f s="-1"> [L=81523]</f></b></d>
<d><p>  <em>cl.1 A1.</em> <f c="r">°</f><f c="b">kate</f> (<q><f s="-1" c="1">pf.</f></q> <f c="b">ḍuḍhauke</f> [<f c="1" s="-1"><a> Pa1n2. </a> 7-4 , 59</f> <f c="1" s="-1"><a> Ka1s3. </a></f>] <f c="1" s="-1"><a> Hcar. </a></f> <f c="1" s="-1"><a> Bhat2t2. </a></f>) , to approach  (with  <q><f s="-1" c="1">acc.</f></q>) <f c="1" s="-1"><a> Ka1d. </a></f> <f c="1" s="-1"><a> Hcar. </a></f> <f c="1" s="-1"><a> Bhat2t2. </a></f> :  <q><f s="-1" c="1">Caus.</f></q> <f c="b">ḍhaukayati</f> (<q><f s="-1" c="1">aor.</f></q> <f c="b">aḍuḍhaukat</f> <f c="1" s="-1"><a> Pa1n2. </a> 7-4 , 2 and 59</f> <f c="1" s="-1"><a> Ka1s3. </a></f>) , to bring near  (to  <q><f s="-1" c="1">gen.</f></q>) , cause to come near , offer , to any one (<q><f s="-1" c="1">dat.</f></q>) <f c="1" s="-1"><a> Katha1s. </a></f> <f c="1" s="-1"><a> Ra1jat. </a></f> <f c="1" s="-1"><a> Bhat2t2. </a></f> <f c="1" s="-1"><a> Ka1tyS3r. </a>  </f><q><f c="1" s="-1">Sch.</f></q>: <q><f s="-1" c="1">Desid.</f></q> <f c="b">ḍuḍkaukiṣate</f> <f c="1" s="-1"><a> Pa1n2. </a> 7-4 , 59 and viii , 4 , 54</f> <f c="1" s="-1"><a> Ka1s3. </a></f> :   <q><f s="-1" c="1">Intens.</f></q> <f c="b">ḍoḍhaukyate</f> , <f c="1" s="-1">vii , 4 , 82</f> <f s="-1">Va1rtt. 1</f> <f c="1" s="-1"><a> Pat. </a></f> <f c="p"> ; </f></p><p> <q><f s="-1" c="1">cf.</f></q> <f c="b">upa</f>. ,   </p></d></r>
</u>
<n>QolAsamudra</n>
<u>
<r><d><b>(H3) <f c="b">ḍholā-samudra</f><f s="-1"> [p= <c h="0431-DuDubha">431</c>,2]</f><f s="-1"> [L=81519]</f></b></d>
<d> <f c="p">=</f> <f c="b">ḍhora-s</f><f c="r">°</f> <f c="1" s="-1"><a> W. </a></f>    </d></r>
</u>
<n>QolasamudrikA</n>
<u>
<r><d><b>(H3) <f c="b">ḍhola--</f><f c="r">°</f> <f c="b">samudrikā</f><f s="-1"> [p= <c h="0431-DuDubha">431</c>,2]</f><f s="-1"> [L=81521]</f></b></d>
<d> <em><f c="1">f.</f></em> " coming from or growing in <f c="t">ḍhola-samudra</f> (- <f c="b">ḍhora-s</f><f c="r">°</f>) " , <f c="b" s="-1">Leea macrophylla</f> <f c="1" s="-1"><a> L. </a></f>    </d></r>
</u>
<n>Qola</n>
<u>
<r><d><b>(H2) <f c="b">ḍhola</f><f s="-1"> [p= <c h="0431-DuDubha">431</c>,2]</f><f s="-1"> [L=81520]</f></b></d>
<d> <em><f c="1">m.</f></em> a large drum , <f c="1" s="-1"> Rudraj. ??</f>   </d></r>
</u>
<n>QollarI</n>
<u>
<r><d><b>(H1) <f c="b">ḍhollarī</f><f s="-1"> [p= <c h="0431-DuDubha">431</c>,2]</f><f s="-1"> [L=81522]</f></b></d>
<d> <em><f c="1">f.</f></em> a kind of composition.    </d></r>
</u>
<n>Qorasamudra</n>
<u>
<r><d><b>(H1) <f c="b">ḍhora-samudra</f><f s="-1"> [p= <c h="0431-DuDubha">431</c>,2]</f><f s="-1"> [L=81518]</f></b></d>
<d> <q><f s="-1" c="1">N.</f></q> of a locality <f c="1" s="-1"><a> Romakas. </a></f>   </d></r>
</u>
<n>QuQi</n>
<u>
<r><d><b>(H1) <f c="b">ḍhuḍhi</f><f s="-1"> [p= <c h="0431-DuDubha">431</c>,1]</f><f s="-1"> [L=81503]</f></b></d>
<d> <q><f s="-1" c="1">v.l.</f></q> for <f c="b">ḍhuṇḍhi</f>.    </d></r>
</u>
<n>QuRQana</n>
<u>
<r><d><b>(H2) <f c="b">ḍhuṇḍhana</f><f s="-1"> [p= <c h="0431-DuDubha">431</c>,1]</f><f s="-1"> [L=81505]</f></b></d>
<d> <em><f c="1">n.</f></em> searching , investigating <f c="1" s="-1"><a> W. </a></f>    </d></r>
</u>
<n>QuRQikA</n>
<u>
<r><d><b>(H2) <f c="b">ḍhuṇḍhikā</f><f s="-1"> [p= <c h="0431-DuDubha">431</c>,1]</f><f s="-1"> [L=81511]</f></b></d>
<d> <em><f c="1">f.</f></em> a gloss (?).    </d></r>
</u>
<n>QuRQirAjAKyAna</n>
<u>
<r><d><b>(H4) <f c="b">ḍhuṇḍhi--rā</f><f c="r">°</f> <f c="b">jā</f><f c="r">*</f> <f c="b">khyāna</f><f s="-1"> [p= <c h="0431-DuDubha">431</c>,1]</f><f s="-1"> [L=81510]</f></b></d>
<d> <em><f c="1">n.</f></em>  <q><f s="-1" c="1">N.</f></q> of <f c="1" s="-1"><a> Gan2P. </a> ii , 43.</f>     </d></r>
</u>
<n>QuRQirAja</n>
<u>
<r><d><b>(H3) <f c="b">ḍhuṇḍhi--rāja</f><f s="-1"> [p= <c h="0431-DuDubha">431</c>,1]</f><f s="-1"> [L=81507]</f></b></d>
<d> <em><f c="1">m.</f></em> <q><f s="-1" c="1">N.</f></q> of the author of a work on nativities  </d></r>
<r><d><b><f s="-1"> [L=81508]</f></b></d>
<d>  of <f c="t">bālakṛṣṇa</f>'s father   </d></r>
<r><d><b><f s="-1"> [L=81509]</f></b></d>
<d>  of <f c="t">vināyaka-bhaṭṭa</f>'s father (about 1800 A.D.)   </d></r>
</u>
<n>QuRQita</n>
<u>
<r><d><b>(H2) <f c="b">ḍhuṇḍhita</f><f s="-1"> [p= <c h="0431-DuDubha">431</c>,1]</f><f s="-1"> [L=81512]</f></b></d>
<d> <em><f c="1">mfn.</f></em> sought , inquired <f c="1" s="-1"><a> W. </a></f>    </d></r>
</u>
<n>QuRQi</n>
<u>
<r><d><b>(H2) <f c="b">ḍhuṇḍhi</f><f s="-1"> [p= <c h="0431-DuDubha">431</c>,1]</f><f s="-1"> [L=81506]</f></b></d>
<d> <em><f c="1">m.</f></em> <q><f s="-1" c="1">N.</f></q> of <f c="t">gaṇeśa</f> <f c="1" s="-1"><a> Ka1s3i1Kh. </a></f>   </d></r>
</u>
<n>QuRQ</n>
<u>
<r><d><b>(H1) <f c="b">ḍhuṇḍh</f><f s="-1"> [p= <c h="0431-DuDubha">431</c>,1]</f><f s="-1"> [L=81504]</f></b></d>
<d> (a <f c="t">sautra</f> root)  , to search.    </d></r>
</u>
</xml>
