<?xml version="1.0"?>
<xml>
<n>RakAra</n>
<u>
<r><d><b>(H3) <f c="b">ṇa--kāra</f><f s="-1"> [p= <c h="0431-DuDubha">431</c>,2]</f><f s="-1"> [L=81528]</f></b></d>
<d> <em><f c="1">m.</f></em> the letter or sound <f c="b">ṇ</f> , <f c="1" s="-1">vii , 1 ; xiii , 6.</f>    </d></r>
</u>
<n>Ra</n>
<u>
<r><d><b>(H1) <f c="b">ṇa</f><f c="r"> 1</f><f s="-1"> [p= <c h="0431-DuDubha">431</c>,2]</f><f s="-1"> [L=81527]</f></b></d>
<d> the cerebral nasal <f c="1" s="-1"><a> TPra1t. </a> xxi , 14.</f>   </d></r>
<r><d><b>(H1) <f c="b">ṇa</f><f c="r"> 2</f><f s="-1"> [L=81529]</f></b></d>
<d> <em><f c="1">m.</f></em> knowledge <f c="1" s="-1"><a> L. </a></f>   </d></r>
<r><d><b><f s="-1"> [L=81530]</f></b></d>
<d>  certainty , ascertainment <f c="1" s="-1"><a> L. </a></f>   </d></r>
<r><d><b><f s="-1"> [L=81531]</f></b></d>
<d>  ornament <f c="1" s="-1"><a> L. </a></f>   </d></r>
<r><d><b><f s="-1"> [L=81532]</f></b></d>
<d>  a water-house <f c="1" s="-1"><a> L. </a></f>   </d></r>
<r><d><b><f s="-1"> [L=81533]</f></b></d>
<d>   <f c="p">=</f> <f c="b">nirvṛti</f> (invented for the etymology of <f c="b">kriṣṇa</f> ,) <f c="1" s="-1"><a> MBh. </a> v , 70 , 5 </f><q><f c="1" s="-1">Sch.</f></q>   </d></r>
<r><d><b><f s="-1"> [L=81534]</f></b></d>
<d>  a bad man <f c="1" s="-1"><a> L. </a></f>   </d></r>
<r><d><b><f s="-1"> [L=81535]</f></b></d>
<d>  <q><f s="-1" c="1">N.</f></q> of <f c="t">śiva</f> or of a <f c="1" s="-1"><a> Buddh. </a></f> deity <f c="1" s="-1"><a> L. </a></f>   </d></r>
<r><d><b><f s="-1"> [L=81536]</f></b></d>
<d>  the sound of negation <f c="1" s="-1"><a> L. </a></f>   </d></r>
<r><d><b><f s="-1"> [L=81537]</f></b></d>
<d>  gift <f c="1" s="-1"><a> L. </a></f>     </d></r>
</u>
<n>Rya</n>
<u>
<r><d><b>(H1) <f c="b">ṇya</f><f s="-1"> [p= <c h="0431-DuDubha">431</c>,2]</f><f s="-1"> [L=81538]</f></b></d>
<d> <em><f c="1">m.</f></em> (etymological)  <q><f s="-1" c="1">N.</f></q> of an ocean in the <f c="t">brahma-loka</f> <f c="1" s="-1"><a> ChUp. </a> viii , 5 , 3.</f>    </d></r>
</u>
</xml>
