<?xml version="1.0"?>
<xml>
<n>TakAra</n>
<u>
<r><d><b>(H3) <f c="b">tha--kāra</f><f s="-1"> [p= <c h="0464-tvara">464</c>,2]</f><f s="-1"> [L=89188]</f></b></d>
<d> <em><f c="1">m.</f></em> the letter or sound <f c="b">th</f>.    </d></r>
</u>
<n>Takkana</n>
<u>
<r><d><b>(H1) <f c="b">thakkana</f><f s="-1"> [p= <c h="0464-tvara">464</c>,2]</f><f s="-1"> [L=89197]</f></b></d>
<d> <em><f c="1">m.</f></em> <f c="p">»</f> <f c="b">ṭhakk</f><f c="r">°</f> <f c="1" s="-1"><a> Ra1jat. </a></f>    </d></r>
</u>
<n>Takriya</n>
<u>
<r><d><b>(H1) <f c="b">thakriya</f><f s="-1"> [p= <c h="0464-tvara">464</c>,2]</f><f s="-1"> [L=89198]</f></b></d>
<d> <em><f c="1">m.</f></em> <q><f s="-1" c="1">N.</f></q> of a man , iv , 493.    </d></r>
</u>
<n>Takviyaka</n>
<u>
<r><d><b>(H1) <f c="b">thakviyaka</f><f s="-1"> [p= <c h="0464-tvara">464</c>,2]</f><f s="-1"> [L=89199]</f></b></d>
<d> <q><f s="-1" c="1">N.</f></q> of a man , <f c="1" s="-1">v , 151</f>.    </d></r>
</u>
<n>Talyoraka</n>
<u>
<r><d><b>(H1) <f c="b">thalyoraka</f><f s="-1"> [p= <c h="0464-tvara">464</c>,2]</f><f s="-1"> [L=89202]</f></b></d>
<d> <q><f s="-1" c="1">N.</f></q> of a village <f c="1" s="-1"><a> Ra1jat. </a></f>    </d></r>
</u>
<n>TaraTarAya</n>
<u>
<r><d><b>(H1) <f c="b">tharatharāya</f><f s="-1"> [p= <c h="0464-tvara">464</c>,2]</f><f s="-1"> [L=89200]</f></b></d>
<d> <em><f c="1">Nom.</f></em> <em><f c="1">A1.</f></em> (<q><f s="-1" c="1">p.</f></q> <f c="r">°</f><f c="b">yamāna</f>) to grow giddy , tumble , <f c="1" s="-1"><a> Ka1ran2d2. </a> xi , 130</f>.    </d></r>
</u>
<n>Tarv</n>
<u>
<r><d><b>(H1) <f c="b">tharv</f><f s="-1"> [p= <c h="0464-tvara">464</c>,2]</f><f s="-1"> [L=89201]</f></b></d>
<d>  <em>cl.1 P.</em> to go <f c="1" s="-1"><a> Nir. </a> xi , 18.</f>    </d></r>
</u>
<n>Ta</n>
<u>
<r><d><b>(H1) <f c="b">tha</f><f c="r"> 1</f><f s="-1"> [p= <c h="0464-tvara">464</c>,2]</f><f s="-1"> [L=89187]</f></b></d>
<d> aspirate of the preceding letter.   </d></r>
<r><d><b>(H2) <f c="b">tha</f><f c="r"> 2</f><f s="-1"> [L=89189]</f></b></d>
<d> <em><f c="1">m.</f></em> a mountain <f c="1" s="-1"><a> L. </a></f>   </d></r>
<r><d><b><f s="-1"> [L=89190]</f></b></d>
<d>  a protector <f c="1" s="-1"><a> L. </a></f>   </d></r>
<r><d><b><f s="-1"> [L=89191]</f></b></d>
<d>  a sign of danger <f c="1" s="-1"><a> L. </a></f>   </d></r>
<r><d><b><f s="-1"> [L=89192]</f></b></d>
<d>  <q><f s="-1" c="1">N.</f></q> of a disease <f c="1" s="-1"><a> L. </a></f>   </d></r>
<r><d><b><f s="-1"> [L=89193]</f></b></d>
<d>  eating <f c="1" s="-1"><a> L. </a></f>   </d></r>
<r><d><b>(H2B) <f c="b">tha</f><f c="r"> 2</f><f s="-1"> [L=89194]</f></b></d>
<d> <em><f c="1">n.</f></em> preservation <f c="1" s="-1"><a> L. </a></f>   </d></r>
<r><d><b>(H2B) <f c="b">tha</f><f c="r"> 2</f><f s="-1"> [L=89195]</f></b></d>
<d> <em><f c="1">n.</f></em> fear <f c="1" s="-1"><a> L. </a></f>    </d></r>
<r><d><b>(H2B) <f c="b">tha</f><f c="r"> 2</f><f s="-1"> [L=89196]</f></b></d>
<d> <em><f c="1">n.</f></em> an auspicious prayer <f c="1" s="-1"><a> L. </a></f>      </d></r>
</u>
<n>TETE</n>
<u>
<r><d><b>(H1) <f c="b">thaithai</f><f s="-1"> [p= <c h="0464-tvara">464</c>,3]</f><f s="-1"> [L=89214]</f></b></d>
<d> (in music)  imitative sound of a musical instrument.    </d></r>
</u>
<n>Toqana</n>
<u>
<r><d><b>(H1) <f c="b">thoḍana</f><f s="-1"> [p= <c h="0464-tvara">464</c>,3]</f><f s="-1"> [L=89215]</f></b></d>
<d> <em><f c="1">n.</f></em> fr.  √<f c="b">thuḍ</f> <f c="1" s="-1"><a> W. </a></f>    </d></r>
</u>
<n>TOReyaka</n>
<u>
<r><d><b>(H1) <f c="b">thauṇeyaka</f><f s="-1"> [p= <c h="0464-tvara">464</c>,3]</f><f s="-1"> [L=89216.1]</f></b></d>
<d>  <em><f c="1">n.</f></em> <f c="p">=</f> <f c="b">sth</f><f c="r">°</f> <f c="1" s="-1"><a> Car. </a> vi f.</f>    </d></r>
</u>
<n>TOReya</n>
<u>
<r><d><b>(H1) <f c="b">thauṇeya</f><f s="-1"> [p= <c h="0464-tvara">464</c>,3]</f><f s="-1"> [L=89216]</f></b></d>
<d>   <em><f c="1">n.</f></em> <f c="p">=</f> <f c="b">sth</f><f c="r">°</f> <f c="1" s="-1"><a> Car. </a> vi f.</f>    </d></r>
</u>
<n>Tuq</n>
<u>
<r><d><b>(H1) <f c="b">thuḍ</f><f s="-1"> [p= <c h="0464-tvara">464</c>,2]</f><f s="-1"> [L=89203]</f></b></d>
<d>  <em>cl.6.</em> <f c="r">°</f><f c="b">ḍati</f> , to cover <f c="1" s="-1"><a> Dha1tup. </a></f>    </d></r>
</u>
<n>Turv</n>
<u>
<r><d><b>(H1) <f c="b">thurv</f><f s="-1"> [p= <c h="0464-tvara">464</c>,2]</f><f s="-1"> [L=89208]</f></b></d>
<d>  <em>cl.1 P.</em> <f c="b">thū́rvat</f> , (<f c="t">agni</f>)  hurting (<f c="1" s="-1"><a> Dha1tup. </a> xv , 62</f> ; <q><f s="-1" c="1">cf.</f></q>  √ <f c="b">turv</f>) <f c="1" s="-1"><a> MaitrS. </a> ii , 10 , 1.</f>    </d></r>
</u>
<n>TutkAra</n>
<u>
<r><d><b>(H1) <f c="b">thut-kāra</f><f s="-1"> [p= <c h="0464-tvara">464</c>,2]</f><f s="-1"> [L=89204]</f></b></d>
<d> <em><f c="1">m.</f></em> <f c="p">=</f> <f c="b">thūt-k</f><f c="r">°</f> <f c="1" s="-1"><a> W. </a></f>    </d></r>
</u>
<n>TUtkAra</n>
<u>
<r><d><b>(H3) <f c="b">thūt--kāra</f><f s="-1"> [p= <c h="0464-tvara">464</c>,2]</f><f s="-1"> [L=89210]</f></b></d>
<d>  <em><f c="1">m.</f></em> the sound made in spitting <f c="1" s="-1"><a> Ra1jat. </a> vii f.</f>    </d></r>
</u>
<n>TUtkfta</n>
<u>
<r><d><b>(H3) <f c="b">thūt--kṛta</f><f s="-1"> [p= <c h="0464-tvara">464</c>,2]</f><f s="-1"> [L=89211]</f></b></d>
<d> <em><f c="1">n.</f></em> <q><f s="-1" c="1">id.</f></q> , <f c="1" s="-1">vii , 1116</f> .   </d></r>
</u>
<n>TUtkftya</n>
<u>
<r><d><b>(H3) <f c="b">thūt--kṛtya</f><f s="-1"> [p= <c h="0464-tvara">464</c>,3]</f><f s="-1"> [L=89212]</f></b></d>
<d> <em><f c="1">ind.</f></em> spitting <f c="1" s="-1">ib.</f>   </d></r>
</u>
<n>TutTukAraka</n>
<u>
<r><d><b>(H2) <f c="b">thutthu-kāraka</f><f s="-1"> [p= <c h="0464-tvara">464</c>,2]</f><f s="-1"> [L=89205]</f></b></d>
<d> <em><f c="1">mfn.</f></em> one who smacks his lips in eating (not admitted into the <f c="1" s="-1"><a> Buddh. </a></f> brotherhood) <f c="1" s="-1"><a> L. </a></f>    </d></r>
</u>
<n>TuTukft</n>
<u>
<r><d><b>(H3) <f c="b">thuthu--kṛt</f><f s="-1"> [p= <c h="0464-tvara">464</c>,2]</f><f s="-1"> [L=89207]</f></b></d>
<d> <em><f c="1">m.</f></em> <q><f s="-1" c="1">N.</f></q> of a bird <f c="1" s="-1"><a> Npr. </a></f>    </d></r>
</u>
<n>TuTu</n>
<u>
<r><d><b>(H2) <f c="b">thuthu</f><f s="-1"> [p= <c h="0464-tvara">464</c>,2]</f><f s="-1"> [L=89206]</f></b></d>
<d> <f c="p">=</f> <f c="b">thūthū</f>.   </d></r>
</u>
<n>TUTU</n>
<u>
<r><d><b>(H3) <f c="b">thūthū</f><f s="-1"> [p= <c h="0464-tvara">464</c>,3]</f><f s="-1"> [L=89213]</f></b></d>
<d> imitative sound of spitting , <f c="1" s="-1"> Su7ktik. ??</f>    </d></r>
</u>
<n>TUt</n>
<u>
<r><d><b>(H1) <f c="b">thūt</f><f s="-1"> [p= <c h="0464-tvara">464</c>,2]</f><f s="-1"> [L=89209]</f></b></d>
<d> <em><f c="1">ind.</f></em> (fr. <f c="b">ṣṭhyūta</f> ?) .   </d></r>
</u>
</xml>
