<?xml version="1.0"?>
<xml>
<n>WakAra</n>
<u>
<r><d><b>(H3) <f c="b">ṭha--kāra</f><f s="-1"> [p= <c h="0430-TIkA">430</c>,1]</f><f s="-1"> [L=81305]</f></b></d>
<d> <em><f c="1">m.</f></em> the letter <f c="b">ṭh</f> <f c="1" s="-1"><a> Pa1n2. </a> 8-4 , 41</f> <f c="1" s="-1"><a> Ka1s3. </a></f>  </d></r>
</u>
<n>WakAraya</n>
<u>
<r><d><b>(H4) <f c="b">ṭha--kā</f><f c="r">°</f> <f c="b">raya</f><f s="-1"> [p= <c h="0430-TIkA">430</c>,1]</f><f s="-1"> [L=81306]</f></b></d>
<d> <em><f c="1">Nom.</f></em> (<q><f s="-1" c="1">Desid.</f></q> <f c="b">ṭiṭh</f><f c="r">°</f><f c="b"> </f><f c="r">°</f><f c="b">yiṣatī</f>) <f c="1" s="-1">54</f> <f c="1" s="-1"><a> Ka1s3. </a></f>     </d></r>
</u>
<n>Wakkana</n>
<u>
<r><d><b>(H1) <f c="b">ṭhakkana</f><f s="-1"> [p= <c h="0430-TIkA">430</c>,1]</f><f s="-1"> [L=81315]</f></b></d>
<d> <em><f c="1">m.</f></em> <q><f s="-1" c="1">N.</f></q> of a prince <f c="1" s="-1"><a> Ra1jat. </a> vi , 230ff. and 236 </f> (<f c="1" s="-1">vv.ll.</f> <f c="b">ḍkakk</f><f c="r">°</f> , <f c="b">thakk</f><f c="r">°</f>).    </d></r>
</u>
<n>Wakka</n>
<u>
<r><d><b>(H1) <f c="b">ṭhakka</f><f s="-1"> [p= <c h="0430-TIkA">430</c>,1]</f><f s="-1"> [L=81314]</f></b></d>
<d> <em><f c="1">m.</f></em> a merchant (<f c="p">=</f> <f c="b">ṭakka</f>) <f c="1" s="-1"><a> Inscr. </a></f> (Ist century A.D.)    </d></r>
</u>
<n>Wakkura</n>
<u>
<r><d><b>(H1) <f c="b">ṭhakkura</f><f s="-1"> [p= <c h="0430-TIkA">430</c>,1]</f><f s="-1"> [L=81316]</f></b></d>
<d> <em><f c="1">m.</f></em> a deity , object of reverence , man of rank , chief (the modern " Thakur , Tagore " added to names) <f c="1" s="-1"> , vii f.</f> <f c="1" s="-1"><a> Dhu1rtas. </a> i , 19</f><f c="r">÷</f><f c="1" s="-1">20</f>    </d></r>
</u>
<n>WaMsarI</n>
<u>
<r><d><b>(H1) <f c="b">ṭhaṃsarī</f><f s="-1"> [p= <c h="0430-TIkA">430</c>,1]</f><f s="-1"> [L=81313]</f></b></d>
<d> <em><f c="1">f.</f></em> <q><f s="-1" c="1">N.</f></q> of a stringed instrument.    </d></r>
</u>
<n>WAra</n>
<u>
<r><d><b>(H1) <f c="b">ṭhāra</f><f s="-1"> [p= <c h="0430-TIkA">430</c>,1]</f><f s="-1"> [L=81319]</f></b></d>
<d> rime <f c="1" s="-1"><a> Ka1tyS3r. </a> xv , 4 , 38 </f><q><f c="1" s="-1">Sch.</f></q>    </d></r>
</u>
<n>WAsamuccaya</n>
<u>
<r><d><b>(H3) <f c="b">ṭhā--samuccaya</f><f s="-1"> [p= <c h="1328">1328</c>,1]</f><f s="-1"> [L=332240.1]</f></b></d>
<d> <em><f c="1">m.</f></em>  <em><f c="1">n.</f></em> <q><f s="-1" c="1">N.</f></q> of <q><f s="-1" c="1">wk.</f></q></d></r>
</u>
<n>WAsarvasva</n>
<u>
<r><d><b>(H3) <f c="b">ṭhā--sarvasva</f><f s="-1"> [p= <c h="1328">1328</c>,1]</f><f s="-1"> [L=332240.2]</f></b></d>
<d>  <em><f c="1">n.</f></em> <q><f s="-1" c="1">N.</f></q> of <q><f s="-1" c="1">wk.</f></q></d></r>
</u>
<n>WAtkAra</n>
<u>
<r><d><b>(H1) <f c="b">ṭhāt-kāra</f><f s="-1"> [p= <c h="0430-TIkA">430</c>,1]</f><f s="-1"> [L=81318]</f></b></d>
<d> <em><f c="1">m.</f></em> <f c="p">=</f> <f c="b">ṭāṃ-k</f><f c="r">°</f> <f c="1" s="-1"><a> Ba1lar. </a> iii.</f>    </d></r>
</u>
<n>WaWaM</n>
<u>
<r><d><b>(H1) <f c="b">ṭhaṭhaṃ</f><f s="-1"> [p= <c h="0430-TIkA">430</c>,1]</f><f s="-1"> [L=81317]</f></b></d>
<d> <f c="b">ṭhaṭhaṭhaṃ</f> <f c="p">»</f> 2. <f c="b">ṭha</f>.    </d></r>
</u>
<n>Wa</n>
<u>
<r><d><b>(H1) <f c="b">ṭha</f><f c="r"> 1</f><f s="-1"> [p= <c h="0430-TIkA">430</c>,1]</f><f s="-1"> [L=81304]</f></b></d>
<d> the aspirate of the preceding consonant.   </d></r>
<r><d><b>(H1) <f c="b">ṭha</f><f c="r"> 2</f><f s="-1"> [L=81307]</f></b></d>
<d> <em><f c="1">m.</f></em> a loud noise (<f c="b">ṭhaṭhaṃ ṭhaṭhaṃ ṭhaṃ ṭhaṭhaṭhaṃ ṭhaṭhaṃ ṭhaḥ</f> , an imitative sound as of a golden pitcher rolling down steps <f c="1" s="-1"><a> Maha1n. </a> 2 iii , 5</f>) <f c="1" s="-1"><a> L. </a></f>   </d></r>
<r><d><b><f s="-1"> [L=81308]</f></b></d>
<d>  the moon's disk <f c="1" s="-1"><a> L. </a></f>   </d></r>
<r><d><b><f s="-1"> [L=81309]</f></b></d>
<d>  a disk <f c="1" s="-1"><a> L. </a></f>   </d></r>
<r><d><b><f s="-1"> [L=81310]</f></b></d>
<d>  a cypher <f c="1" s="-1"><a> L. </a></f>   </d></r>
<r><d><b><f s="-1"> [L=81311]</f></b></d>
<d>  a place frequented by all <f c="1" s="-1"><a> L. </a></f>   </d></r>
<r><d><b><f s="-1"> [L=81312]</f></b></d>
<d>  <f c="t">śiva</f> <f c="1" s="-1"><a> L. </a></f>     </d></r>
</u>
<n>WA</n>
<u>
<r><d><b>(H2) <f c="b">ṭhā</f><f s="-1"> [p= <c h="1328">1328</c>,1]</f><f s="-1"> [L=332240]</f></b></d>
<d> (in <q><f s="-1" c="1">comp.</f></q>)</d></r>
</u>
<n>Wepaka</n>
<u>
<r><d><b>(H2) <f c="b">ṭhepaka</f><f s="-1"> [p= <c h="1328">1328</c>,1]</f><f s="-1"> [L=332290]</f></b></d>
<d> <em><f c="1">m.</f></em> <q><f s="-1" c="1">N.</f></q> of a chief. <f c="1" s="-1"><a> Inscr. </a></f></d></r>
</u>
<n>Wetkfta</n>
<u>
<r><d><b>(H1) <f c="b">ṭhet-kṛta</f><f s="-1"> [p= <c h="0430-TIkA">430</c>,1]</f><f s="-1"> [L=81323]</f></b></d>
<d> <em><f c="1">n.</f></em> the roaring (of a bull) <f c="1" s="-1"><a> Alam2ka1rat. </a></f>    </d></r>
</u>
<n>Wevaka</n>
<u>
<r><d><b>(H2) <f c="b">ṭhevaka</f><f s="-1"> [p= <c h="1328">1328</c>,1]</f><f s="-1"> [L=332291]</f></b></d>
<d>  <em><f c="1">m.</f></em> <q><f s="-1" c="1">N.</f></q> of a chief. <f c="1" s="-1"><a> Inscr. </a></f></d></r>
</u>
<n>WiRWAkarAla</n>
<u>
<r><d><b>(H3) <f c="b">ṭhiṇṭhā--karāla</f><f s="-1"> [p= <c h="0430-TIkA">430</c>,1]</f><f s="-1"> [L=81322]</f></b></d>
<d> <em><f c="1">m.</f></em> <q><f s="-1" c="1">N.</f></q> of a gaming-house keeper <f c="1" s="-1"><a> Katha1s. </a> cxxi , 71f.</f>    </d></r>
</u>
<n>WiRWA</n>
<u>
<r><d><b>(H1) <f c="b">ṭhiṇṭhā</f><f s="-1"> [p= <c h="0430-TIkA">430</c>,1]</f><f s="-1"> [L=81320]</f></b></d>
<d> <em><f c="1">f.</f></em> a gaming-house <f c="1" s="-1"><a> Katha1s. </a></f> <f c="1" s="-1">xcii , 15 and 21</f> (<f c="b">ṭiṇ</f><f c="r">°</f>) , cxxiv , 211  </d></r>
<r><d><b><f s="-1"> [L=81321]</f></b></d>
<d>  <q><f s="-1" c="1">N.</f></q> of a woman <f c="1" s="-1"><a> Ra1jat. </a> vii , 103.</f>    </d></r>
</u>
<n>WoRWapadDahati</n>
<u>
<r><d><b>(H1) <f c="b">ṭhoṇṭha-paddhahati</f><f s="-1"> [p= <c h="0430-TIkA">430</c>,1]</f><f s="-1"> [L=81324]</f></b></d>
<d> <em><f c="1">f.</f></em> <q><f s="-1" c="1">N.</f></q> of <q><f s="-1" c="1">wk.</f></q> , <f c="1" s="-1"><a> S3u1dradh. </a></f>    </d></r>
</u>
<n>WunWupadDati</n>
<u>
<r><d><b>(H2) <f c="b">ṭhunṭhu-paddhati</f><f s="-1"> [p= <c h="1328">1328</c>,1]</f><f s="-1"> [L=332280]</f></b></d>
<d> <em><f c="1">f.</f></em> <q><f s="-1" c="1">N.</f></q> of <q><f s="-1" c="1">wk.</f></q></d></r>
</u>
</xml>
