<?xml version="1.0"?>
<xml>
<n>X</n>
<u>
<r><d><b>(H1) <f c="b">ḹ</f><f c="r"> 1</f><f s="-1"> [p= <c h="0227-RSikalpa">227</c>,2]</f><f s="-1"> [L=39151]</f></b></d>
<d> the tenth vowel of the alphabet (the corresponding long vowel to <f c="b">ḷ</f> , entirely artificial and only appearing in the works of some grammarians and lexicographers).    </d></r>
<r><d><b>(H1) <f c="b">ḹ</f><f c="r"> 2</f><f s="-1"> [L=39152]</f></b></d>
<d> <em><f c="1">m.</f></em> <f c="t">śiva</f> <f c="1" s="-1"><a> L. </a></f>   </d></r>
<r><d><b>(H1B) <f c="b">ḹ</f><f c="r"> 2</f><f s="-1"> [L=39153]</f></b></d>
<d> <em><f c="1">f.</f></em> the mother of the cow of plenty   </d></r>
<r><d><b>(H1B) <f c="b">ḹ</f><f c="r"> 2</f><f s="-1"> [L=39154]</f></b></d>
<d> <em><f c="1">f.</f></em> the mother of the <f c="t">dānava</f>s    </d></r>
<r><d><b>(H1B) <f c="b">ḹ</f><f c="r"> 2</f><f s="-1"> [L=39155]</f></b></d>
<d> <em><f c="1">f.</f></em> wife of a <f c="t">daitya</f>    </d></r>
<r><d><b>(H1B) <f c="b">ḹ</f><f c="r"> 2</f><f s="-1"> [L=39156]</f></b></d>
<d> <em><f c="1">f.</f></em> mother    </d></r>
<r><d><b>(H1B) <f c="b">ḹ</f><f c="r"> 2</f><f s="-1"> [L=39157]</f></b></d>
<d> <em><f c="1">f.</f></em> divine female    </d></r>
<r><d><b>(H1B) <f c="b">ḹ</f><f c="r"> 2</f><f s="-1"> [L=39158]</f></b></d>
<d> <em><f c="1">f.</f></em> female nature.      </d></r>
</u>
</xml>
