<?xml version="1.0"?>
<xml>
<n>xkAra</n>
<u>
<r><d><b>(H3) <f c="b">ḷ--kāra</f><f s="-1"> [p= <c h="0227-RSikalpa">227</c>,2]</f><f s="-1"> [L=39146]</f></b></d>
<d> <em><f c="1">m.</f></em> the sound <f c="b">ḷ</f> <f c="1" s="-1"><a> RPra1t. </a></f> <f c="1" s="-1"><a> APra1t. </a></f> <f c="1" s="-1"><a> TPra1t. </a></f>    </d></r>
</u>
<n>xtaka</n>
<u>
<r><d><b>(H1) <f c="b">ḷtaka</f><f s="-1"> [p= <c h="0227-RSikalpa">227</c>,2]</f><f s="-1"> [L=39150]</f></b></d>
<d> <em><f c="1">m.</f></em> <q><f s="-1" c="1">N.</f></q> of a man , mispronunciation of <f c="t">ṛtaka</f> <f c="1" s="-1"><a> Pat. </a></f> and <f c="1" s="-1"><a> Ka1s3. </a></f> on <f c="t">śivasūtra</f> 2.    </d></r>
</u>
<n>xvarRa</n>
<u>
<r><d><b>(H3) <f c="b">ḷ--varṇa</f><f s="-1"> [p= <c h="0227-RSikalpa">227</c>,2]</f><f s="-1"> [L=39147]</f></b></d>
<d> <em><f c="1">m.</f></em> the sound <f c="b">ḷ</f> <f c="1" s="-1"><a> RPra1t. </a></f> <f c="1" s="-1"><a> APra1t. </a></f> <f c="1" s="-1"><a> TPra1t. </a></f>    </d></r>
</u>
<n>x</n>
<u>
<r><d><b>(H1) <f c="b">ḷ</f><f c="r"> 1</f><f s="-1"> [p= <c h="0227-RSikalpa">227</c>,2]</f><f s="-1"> [L=39145]</f></b></d>
<d> the ninth vowel of the alphabet  (resembling the sound <f c="b">lry</f> in <f c="b">revelry</f> ; it only appears in some forms of  √<f c="b">kḷp</f>).   </d></r>
<r><d><b>(H1) <f c="b">ḷ</f><f c="r"> 2</f><f s="-1"> [L=39148]</f></b></d>
<d> <em><f c="1">m.</f></em> a mountain <f c="1" s="-1"><a> L. </a></f>   </d></r>
<r><d><b><f s="-1"> [L=39149]</f></b></d>
<d>  the earth , the mother of the gods <f c="1" s="-1"><a> L. </a></f>     </d></r>
</u>
</xml>
