<?xml version="1.0"?>
<xml>
<n>YakAra</n>
<u>
<r><d><b>(H3) <f c="b">ña--kāra</f><f s="-1"> [p= <c h="0429-jhallakaNTha">429</c>,2]</f><f s="-1"> [L=81153]</f></b></d>
<d> <em><f c="1">m.</f></em> the letter   </d></r>
</u>
<n>Ya</n>
<u>
<r><d><b>(H1) <f c="b">ña</f><f c="r"> 1</f><f s="-1"> [p= <c h="0429-jhallakaNTha">429</c>,2]</f><f s="-1"> [L=81152]</f></b></d>
<d> the palatal nasal (found before palatal consonants).   </d></r>
<r><d><b>(H1) <f c="b">ña</f><f c="r"> 2</f><f s="-1"> [L=81155]</f></b></d>
<d> <em><f c="1">m.</f></em> a singer <f c="1" s="-1"><a> L. </a></f>   </d></r>
<r><d><b><f s="-1"> [L=81156]</f></b></d>
<d>  a jingling sound <f c="1" s="-1"><a> L. </a></f>   </d></r>
<r><d><b><f s="-1"> [L=81157]</f></b></d>
<d>  a heretic <f c="1" s="-1"><a> L. </a></f>   </d></r>
<r><d><b><f s="-1"> [L=81158]</f></b></d>
<d>  an ox <f c="1" s="-1"><a> L. </a></f>   </d></r>
<r><d><b><f s="-1"> [L=81159]</f></b></d>
<d>  the planet <f c="t">śukra</f> <f c="1" s="-1"><a> L. </a></f>     </d></r>
</u>
<n>Y</n>
<u>
<r><d><b>(H3) <f c="b">ñ</f><f s="-1"> [p= <c h="0429-jhallakaNTha">429</c>,2]</f><f s="-1"> [L=81154]</f></b></d>
<d>    </d></r>
</u>
</xml>
